temperature,vibration,current,acceleration,label
69.71181934084414,-0.08645180016575965,9.888684138432337,0.5615869800790905,0
69.74482343243423,-0.7486767071704787,10.332318344067716,-0.2138699827977346,0
69.5660826317096,0.057942393350427536,10.232297736906721,0.9308469492793144,0
71.31327301359734,0.05525358872191597,9.26167839765518,-0.8117298939901737,0
70.4926843904224,0.6555404136020241,10.041656863903384,-0.08505863501662742,0
71.06355244080174,-0.726772649004339,9.68772268285544,0.39229002607481983,0
71.74680877075889,-0.1203148363275677,10.37659985868791,0.1985707594627316,0
71.56465361740729,-0.5566111071240863,10.568250687585385,-1.2116163133801119,0
64.76010915556229,-0.3034453640997513,9.084189953654006,0.7008097944451251,0
71.32853179922579,-0.6095373706478476,10.847361423348,-0.8017622593938798,0
69.82751230732744,-0.14694988897826608,10.114419857460922,0.6549090492350136,0
71.27682758158488,0.17494255093460434,10.649948097806298,0.3827936301200947,0
68.7460290695608,-0.35868554690828874,9.530031725863987,0.3994611203814252,0
69.49976885800523,1.167877111240274,9.180707457813506,-0.8790996799217267,0
71.53694703093939,0.7109249906717328,10.50569269083926,0.6686538767741387,0
72.85268995488433,-0.04701373800815195,8.577041066861023,-0.42566123865497013,0
71.90579151463315,-0.7218392030391441,10.033531320787262,0.2025898874736495,0
69.36881567037265,0.3618159931840483,10.580779741526566,1.857126813520585,0
71.23993553554627,-0.30470172932153106,9.438202407665969,-0.6652648809936053,0
71.90454711963164,-0.2834164174068505,9.929739226299402,0.5994420954317401,0
68.55307401869719,-0.14682898180885928,8.158713734396084,-0.8659828952309706,0
68.8645271756163,0.20788049425833577,11.193493272443297,-0.014773450530969307,0
70.5227285583996,0.08398468427361606,11.084741113453603,0.7146841589905653,0
70.54738663081508,-0.5054721517226559,10.903385314344595,0.3048377023646018,0
72.45388309942844,-0.01495329634060673,11.953100924483845,-0.28710107225745807,0
73.18612082852609,0.05755948630361642,9.483730990754497,-0.9027582982339164,0
69.69793889692232,0.711660513083592,10.816374496614728,0.5511070914128025,0
65.2482548538176,0.35548210228501936,10.555852410919842,-0.4399410275242617,0
68.74523126763921,-0.001155225906790532,11.724876263148731,-0.8440805595378595,0
69.14438993052742,0.680892375175292,9.55384920057225,-0.29140118068875215,0
70.19555269457736,-0.6206446883178478,10.219945430150013,-0.9676940775789078,0
71.77039662071628,0.0015904113789947773,12.28343146684775,0.2246724108248278,0
72.7313789808655,-0.651631985858682,9.877860656478134,0.25851652321128243,0
73.4914418367421,-0.840457969010482,10.990619679808823,0.4730832110527332,0
73.06709239147627,0.3561927590393602,10.052071185103948,-0.4173197203345275,0
67.50364056431457,0.09771138245148521,9.80830323100469,1.6162138704637135,0
68.7779503440303,0.16019592260255636,8.430998580324271,-0.31637006266094286,0
70.5222957601822,0.41198000625975256,11.448101686828101,-0.03531854106341545,0
67.76551024187823,0.22892519974576994,10.516987098413793,0.39332667427061585,0
68.59942460165054,0.5666921987934439,10.087895910904514,0.5598596973727886,0
72.54814648018889,0.3046361602829256,10.28651602798177,1.7222361880804193,0
70.4874060819443,-0.1479821163860407,10.11196703758303,1.1862149347497082,0
70.2374249737736,0.25968882756960604,11.195731440332164,-0.4102868881814636,0
66.54686046149271,0.14971157610822047,10.229734794523969,-0.4864081428486515,0
71.74217276208483,0.30378368849228493,9.005007578400583,0.41457475521696224,0
69.60779008219485,-0.7415126351036405,10.452950233065968,-0.03617170134351274,0
68.50943420162027,0.2614727934483741,10.48809327219238,-0.4620297471554385,0
70.80070438106935,0.507532468096222,9.287333364314298,0.3047120219212741,0
70.00551150096261,1.133005155325442,8.137697029221814,0.5562271451251701,0
69.38750996043757,-0.050098774414916315,11.90158897638327,-0.006858521008635281,0
74.48188740755114,-0.22107398270677336,10.350512041348109,-0.39267800133991326,0
68.61862397476423,0.03124156322576591,9.717428474650898,0.1619932671891421,0
65.78994426455168,1.0012338443047997,9.833003091218721,1.3943244049871943,0
67.98577574778705,0.14626785236213427,13.164942101476885,-0.6957833464850314,0
67.00940045378347,-0.2732547676683203,10.472488427322606,0.554672032049037,0
72.58073337604286,-0.1285061991966576,8.397749240499698,-0.34802384358006855,0
72.48044538960352,0.23283132658564568,8.043061214624997,-0.028041209350525044,0
72.79633618264425,1.0632740684752175,10.561686638784778,0.2474418502396017,0
67.51958866402855,-0.42162143698375265,10.046915857506166,0.40255819265082327,0
71.16036838223953,-0.23910427756706804,8.848057771576485,-0.6222254728799306,0
67.68605121148047,0.3217045913819966,7.68771889395434,-0.2666224204875949,0
70.89975666420243,0.7610063623324701,10.071299675050971,0.801027151611288,0
69.20199185643781,-0.37220199326604536,9.325606961562535,1.221868625521466,0
71.9884422877955,0.24369896323130766,13.330268863561772,-0.025873098020919534,0
71.2406993020576,0.15379577627925564,9.77811430987584,1.8529370782172139,0
73.01320960607423,-0.6997398173102772,9.600153677714784,0.34266923069462984,0
71.5663664300841,-0.6742235349066898,7.744438412978197,-1.5250935750094259,0
69.85777707331756,-0.05160158951983871,10.345219376114514,-0.6157398223032468,0
67.55152464818788,-1.0115225287896747,10.329187358747436,0.29604316679022125,0
71.98598734071142,0.3953978439896163,9.809284419063058,1.0794087702027884,0
69.7272661769469,-0.3304181931590362,9.479421556696431,-0.4678493157643149,0
65.66852656099931,0.07816302649288336,10.249885591762165,-0.2898126487056786,0
68.57231705982717,0.18590191217763813,11.71687058754769,0.030604122003985053,0
68.98473278558059,-0.2957236012114653,9.930243561854837,-1.011812456833154,0
69.74947862360384,0.030591132168390364,11.84467868776619,0.7547790112907,0
72.06805847129976,-0.35647427054962,10.669921543236242,-0.9115059796399335,0
70.62392139338174,0.20936863020942936,9.233590583937763,1.5995038441291918,0
71.13474732550132,-0.9513641514472544,10.552859886595808,-0.3259294551120065,0
70.0027524316326,0.23288239545709155,10.390532667311541,-1.6313210744276923,0
67.68336051277284,0.3863120792872959,11.30120424922929,1.5225223093300007,0
73.60633647730621,-1.0277683023152397,10.76948212093645,-1.533032160892083,0
73.22720145708399,0.12667470141102424,8.858831212022961,1.6079207576729122,0
71.28794174058174,-0.9455744444757362,10.29346811746062,-0.5849119261323044,0
70.22259095994048,-0.2325973072776817,11.373493886268655,-1.1386291105468596,0
70.63481033652283,0.9070941702999886,9.17303970102973,0.16851894084657493,0
70.40400328190016,-0.344851094439294,10.647893622765253,0.07764022544791707,0
68.11246499043375,0.8810080524494255,10.791614996589802,-0.1336855560180253,0
68.72665046511307,-0.39218131110526316,11.230940972560553,-0.11718258763243904,0
70.91887640772951,-0.09222835044646754,10.616409469817357,-0.09278330410070672,0
71.52770774495414,-0.09160545491076447,10.829587297118522,0.5379072874797103,0
69.76678039867764,-0.4298886202132936,9.059880009456194,-0.5925894561126163,0
68.03102471343038,0.43289821062702566,9.953397687489597,1.2560807820580244,0
74.55865965541028,0.012111235536118042,8.451982797656628,-0.3051628252322252,0
69.84930316616712,-0.7442211725764005,9.749506722696948,0.22955704731350746,0
69.08114430760524,-0.3842129614564281,9.241243240437191,1.42934698428753,0
69.68070783940462,-0.4149650573417822,9.627101609304875,0.7634749664362959,0
68.63062391191488,0.2409236546659144,10.727884948899701,0.5992942657607803,0
72.7993893423933,-0.27524098981820394,11.132732862181998,-0.6342828798490956,0
69.20692024600154,0.5980435865301826,10.822375403111177,0.0016780404787257145,0
67.61717234794024,0.2808299135466622,9.36962730051677,-0.7391078625679305,0
68.7037314911428,0.12324701995022179,7.878967894568489,0.28861052256959135,0
70.34781923941989,-0.292263201218503,11.036927293450356,0.48915233895420607,0
68.7874317090697,-0.33500831088546185,10.695151475461929,-1.2128588475328592,0
69.33475514049178,-0.3155232637373378,10.069877484653961,0.16890121791261198,0
70.07357582992856,0.5674240381097073,10.228063034632008,-0.2519938009737745,0
67.57829018488484,0.36092489842886527,10.528146545851689,1.1606476359174025,0
68.50509033309639,0.013209020042843096,9.941307302406061,-0.07008868739965271,0
70.02078042265423,-0.8572697451407315,10.824985534025652,0.5225646970655741,0
72.26094680171764,1.1247871832471752,9.681032806364232,-0.0289145411450492,0
70.01956713024668,0.9710927253542282,8.268780277265067,0.38861437616591865,0
67.05833726510312,-1.2907853910615934,7.979167208512063,-1.105414844566698,0
72.1380508788414,-0.43418020648288463,9.772542340718582,-0.9308102081439152,0
71.22190095644949,-0.5509807622504069,11.317652176005165,-0.7944843314138254,0
68.47034512404275,0.061370522701215756,10.024711220827863,1.1397520710023081,0
70.24081457618634,-0.6039171441804373,9.439664725903684,-0.45822715469426706,0
71.45008444226248,0.19189650440610495,9.880608976987864,0.6956857760027084,0
68.94300716564346,-0.06811687415605007,10.180760404333286,1.2225450262118231,0
69.80293363935282,-0.17539945440736743,8.95416296228771,0.5488417466531683,0
68.82470925150592,0.17184250893394984,8.098390109610287,0.8345495670520093,0
67.33612446402279,-0.3886711817877082,11.05858113485264,-1.0675765887795088,0
69.84108992925353,0.03712804054024496,9.001443186667156,1.0743464012399784,0
72.99755660464884,-0.9858087517974758,8.551009702601494,0.6465857619944057,0
67.39395172926537,-0.19431867678351086,10.129552088333833,0.5534800658506885,0
69.55349481117737,0.04761045990101912,9.223267082649519,1.0338892787471143,0
69.00937228619644,0.16986644378800161,9.488361913416766,0.08505879258754724,0
69.66367379120007,-0.08123208578255188,8.986219141789503,0.6371302353904293,0
72.82808483347652,0.1215740488897164,10.732335273747715,0.6704543045748635,0
71.85597156198136,0.15167837567955833,10.2122572799824,0.6912058176166321,0
70.13766465120557,-0.4869591968824767,10.023848354455932,-1.5107323132315538,0
69.98819952248981,0.20668616814874963,11.235980776313953,0.12102182191767373,0
71.8562796423631,-0.0002687570957042075,8.97652365395319,-1.1291037741754355,0
68.06053124372544,-0.6830738593234019,10.633707810519258,-0.16609174855863817,0
71.14062978003064,0.03671571491574183,11.044049544722133,0.8481542327110694,0
68.7093239844457,-0.13715798047255023,9.467171413225381,-1.2970496605927528,0
71.35043429080174,0.5943973940968035,9.993571608725803,-0.3945537747592013,0
72.18181005777912,-1.1724811445077454,10.177475195935374,0.11462717928023405,0
68.85828589094905,0.6957872653796874,10.970735419054494,-0.20892579815836543,0
69.82660801989633,-0.1940119817743532,9.487880091345698,-1.0465599414910922,0
72.75989690739277,0.5140000751453514,10.798166331139454,-0.8754687358208616,0
74.16169032926666,0.9900826327786326,10.188057169001286,-0.7233765217119812,0
68.26713983291167,0.2092743155442441,9.086985859722427,-0.027368707405377612,0
72.17728941957353,-0.7534118718415668,12.005728695595723,1.2533667271969973,0
67.52582830072508,-0.7068206471235207,9.716578146440535,-0.8249145602402925,0
69.47255834617896,-1.2905929827042104,9.77129794479802,1.442285177263054,0
67.76681059852474,-0.13653441841469469,8.51039079905912,0.5105900201935766,0
69.5493616215057,0.9703665298296165,10.2068394434394,-0.29774397459093527,0
71.10054499151157,-0.25311397959404747,8.660691822180748,0.24155821583088566,0
69.65026240358299,0.08315752516943097,10.375457332560066,-0.4082557372755642,0
70.8431527449849,0.868848286571606,8.892200470274835,1.389940405787292,0
69.51439349802077,-0.38331332292467496,12.427220571151791,0.12401730650019827,0
72.74080600918236,0.40879712045893324,8.319405174960275,0.09665567892201489,0
68.94936048065867,-0.6708962974979519,8.228288633680226,0.08183219497910818,0
71.18050602159815,0.19533409261809812,9.694171444838846,-0.6388135836865333,0
68.02627763676585,-0.2775802972297253,8.966944796879268,-0.1626197210398949,0
69.95422583206252,-0.44799408247198025,9.767949865569987,-0.6082560307907208,0
69.9910551894959,0.25354385397736473,10.17812523394876,0.3777206995928207,0
66.69597084478426,-0.18934824928925215,10.276739376730792,0.5129299676730661,0
66.80399327451978,0.0795891269090029,11.206420648531632,-0.14288855664974542,0
69.81048377704653,0.2252284410130065,10.247118183957454,0.5397098802068371,0
70.14482772816982,0.07624803517635995,9.217555562858967,-0.13635028908968125,0
72.5062440745373,-0.10208487782965191,9.831435720518703,-0.3932026975356085,0
71.57437176488143,-0.4273395388313909,10.91050219505205,-0.7495787154083722,0
67.88443774971343,0.10296973104705495,10.13017946960181,0.23804584241112542,0
72.1250742417788,-0.20624798260015675,10.442993592893949,-0.7278538122793535,0
72.51833805939776,0.3162293332100072,10.536518765353238,0.15030279304782862,0
68.42880111172187,-0.16368578083369462,10.501779461825015,-0.015347295628915278,0
70.24748932494319,-0.6799097534008539,10.181093979876247,-0.5535419121127214,0
67.83332689249545,-0.07734269475977375,8.143495747387382,0.5588559923248766,0
71.70402579538249,-0.026718049623356933,9.006217825448095,-0.756295056331121,0
69.69775389306352,-1.2118668655847762,10.180476783074358,0.531545619184061,0
69.37621030296827,-0.2472011847047991,10.181967258568662,0.28051525363191593,0
72.1883035037318,0.0091983396065742,9.310242348466154,-0.3690120367778802,0
70.36389148372017,0.7781001874984652,9.679726695212304,-0.8420213275210644,0
68.2597867597346,-1.048167303111577,10.329793997681042,-1.0890594314257587,0
67.53298094477485,-0.9880073070773517,8.882011620416975,0.4547315815502542,0
67.37729176674951,-0.8748211683680149,10.178263133969867,-0.2729370311488107,0
70.86438002704055,0.37027990245391884,9.991501069466887,-1.0382086611054624,0
69.75240007754587,0.2501297400749895,9.4170110429388,-1.1499689981703154,0
72.20522412175097,-0.20762382159225015,9.59076998758522,0.012769793384960086,0
72.06094471501851,0.1318098759783118,9.666774013642948,0.5457066762125953,0
74.29404898561512,0.6938931290527558,10.672871420677986,-0.8978243838856511,0
77.50411748613067,-0.5993285593359604,9.62819709648088,-0.5599113553828564,0
73.25378372304613,0.2101200377379016,8.572875037146416,0.2140697418089802,0
71.09381133569788,-0.15924151177935672,8.779810210685467,-0.5800267343692121,0
69.1263019617512,0.011365764470020504,9.480090050303259,0.5881763233955605,0
68.10010500389431,-0.86569343425457,9.26060655613076,1.0791125171051605,0
68.85368738569862,1.1704044438956116,10.49148423438486,-0.9315408513954607,0
68.33142760643368,0.12168623569690669,8.82235607771522,1.8996629224252803,0
68.01821843821355,0.3404717279753413,11.460129890260143,-0.08736032560373846,0
68.00827774923698,-0.1365331711373083,10.362216397467407,0.7006016742892178,0
70.1134338719925,-0.7001112129904273,10.042323906609706,-0.5386865372419968,0
65.63352832514919,-0.3487800940818905,8.567549325212076,0.4694835258148102,0
73.88832950808215,0.9293768283801984,9.426791255551208,-0.37391549617861686,0
71.37756399864767,0.5306428060364315,9.581261413440313,-0.11410875061726117,0
74.41385869830579,-0.05372575944360975,9.514678557708853,0.0959311870999651,0
71.15940472425972,-0.5108209286092907,9.751597194329777,-0.93308849497479,0
69.44347289299886,0.9384622643900512,10.74172217866789,-0.07403460057492736,0
68.13377594882726,-0.15570397973958147,11.050733327745206,-0.44934944824053524,0
72.90084131504025,-0.6868181776309157,9.709953706714794,1.394211466627377,0
65.98432246189265,0.5942065786749101,8.148622925359568,-0.07206387765279172,0
69.65493052317784,0.4121467453558772,6.845456853875618,-1.5342478502810375,0
68.86796741273244,0.018447520137993553,9.106783145540886,-0.17669358124254064,0
67.62765366637892,-0.20063648363589415,9.153233851309817,0.19521704081098934,0
71.16283970048538,0.7164650314035264,9.343581454783736,-0.25439345860186097,0
70.09549085488474,-0.14745963354539376,9.948009452898162,-1.2497429832225746,0
70.74350964714036,-0.45759578015061886,9.0430384320034,-1.2705009631217203,0
72.3220032613228,-0.07030455064860255,11.14949198238,0.2178413454785183,0
66.59327814740817,-0.5418482154474326,10.75793197394061,-0.6125461713528324,0
67.81931190225004,-0.08968956413614496,9.823032837243742,-0.8094939192746369,0
69.34770948877308,-0.23924633666815204,7.410010362541065,0.40213082156245367,0
68.37725006729315,0.6522197123792888,8.849875764740549,-1.263678703777087,0
72.37524788797336,-0.7925275578981688,9.363825730620833,0.4778693747887032,0
69.34070779989037,-0.8277359844546174,10.188035234611634,-0.15545832893699502,0
72.56771012813543,0.2943239520051655,13.035714298111555,-1.3167152287835808,0
69.95665049341042,-0.533327245516892,11.15475050083201,0.6574703822027879,0
71.50807565310213,-0.3886659782926934,9.254848424616437,-1.623743910130801,0
73.41900028381772,0.2541096471481625,9.739140049480412,0.7468122748311998,0
71.50183107326872,0.4876320973687362,8.376462555413493,-0.5710687543973919,0
70.39088396213509,0.17771057260503487,10.95723486344935,-0.8069084402036277,0
70.25441827155555,1.1026768959882716,10.69192197761079,0.6964503072859709,0
69.96162545946606,0.38381350650973434,11.80398978669774,0.085313589811468,0
72.44795680965468,-0.43756968916571803,10.590098766630831,0.7233733401575714,0
68.4959932414836,0.5490620992744476,9.324753403966916,-0.6441914060318576,0
69.99761529778974,0.9659948714882858,10.309152953072804,0.748627825643572,0
68.5364045573798,0.038748727871399345,8.823443630012914,-0.4568850986712952,0
71.6712813375844,-0.019198652955545164,11.45129634214403,-0.16193315296854435,0
69.60412814505511,0.6383407738667707,9.351383494386821,-1.2158116846721434,0
72.60255384157709,0.20709393797144166,7.834805052421782,0.03562345709534932,0
69.19242600163336,0.8724198300596383,9.271008586781624,-0.4646144445788385,0
68.17919835305294,-0.5270280433299694,9.299504079312026,-1.148739579588905,0
67.93760523745578,-0.8032926183238788,8.502721280883248,-1.2477400250139508,0
68.95768213147872,-0.34184427279387164,8.773529602358256,0.38261670001563103,0
69.9038482368608,-0.215987976254394,9.536026720939892,1.2743036492766735,0
70.479628215755,0.23768916349733377,7.413960056123614,-0.522987591523623,0
65.65798643198825,-0.213102163591256,10.373310146342924,-0.5394382136779473,0
71.03721766048471,-0.5113749875276848,10.57580314754755,-1.242887464507028,0
69.47662349738341,0.2099035990119215,10.535920788217432,-0.10181069031281356,0
73.8794285392611,-0.20720991849110326,9.549004257530674,-2.207605972529043,0
73.53786764890008,-0.18449914558768502,8.823984504283064,1.0567235576443914,0
72.47101224695133,0.05416281228303078,8.565078431371271,0.3351808407427712,0
68.75721602311403,-0.5853858976821286,11.043372367143519,-1.706073669108969,0
71.13432651473411,0.22967754828508108,12.051010803122676,0.2601390654639419,0
65.88313701767252,-0.4180604937853639,10.064666921305594,0.28445091488782825,0
71.96163215268743,-0.9798378810395292,9.670050312799939,0.7758887568820256,0
73.08793959108492,0.9305119116563141,9.609780822635516,0.8780842052851361,0
73.42342468481759,0.5990347616964059,10.723685262032024,0.6622375422472164,0
68.42023137679676,-0.7236248855072257,10.982847928640018,-0.2776534467062385,0
69.9437328385632,-0.28936002595718757,9.60709315815032,0.1861995157487097,0
67.95628125161673,0.034250005958387286,10.246054875229078,-0.06188433663098656,0
68.51274038469118,0.3933099267591767,11.8726369639933,-0.4809943678451394,0
72.46892570125594,0.44463202963971155,7.346748281949328,-0.6089552799571358,0
68.72831939082944,0.3908857753905762,10.188487881037489,0.3795184715756059,0
71.27255773574252,-0.44945835742116647,9.253450048498976,-0.9783111701706467,0
69.65945880118606,-0.05955160333094356,10.171205326999646,-0.5818461008734407,0
71.81304919628612,0.45855540797093497,11.5465188086681,0.5690463163176155,0
70.37102247693863,0.3362119864263256,10.609751789253197,-0.5214519199244335,0
72.57877068342337,0.8592590760824292,11.976953180409847,0.028180567237128713,0
70.64854088659621,0.20817944526074633,9.997454436799408,0.4954310129710316,0
69.75764029838551,-0.09689170187407156,11.75898216898663,0.13177235192150857,0
70.1340204021547,0.44100963851622754,10.150332962449314,0.23329780576741088,0
69.87287164704199,-0.6102082460776489,9.969028284222713,-0.909507809531956,0
70.42030245138169,-0.590719106599705,10.916709131549927,0.5993878124790697,0
70.56085650450724,-0.0500669388447038,10.416301279534991,-1.5719986698065225,0
67.80636020660333,-0.07436663155697527,10.345259433542564,-0.06351661776227926,0
67.99077972323144,0.06672301731054624,9.546299577531123,-0.8548776347177006,0
70.65900403016778,-0.10498910318551131,11.196483175696452,0.5324256535634673,0
71.46934266769294,0.16083331175303026,9.154822022772345,-0.7485017137026788,0
67.05768380461781,1.4395062487818011,8.9205552108473,-0.1678654675643787,0
69.27922166912656,-0.14054881071403655,9.415949493653574,-1.4946758794165298,0
68.00361252501361,-0.6953347651136274,9.873220409006423,-0.5473595242814387,0
68.6256394822128,0.10793962282419785,9.417214921141746,0.7456753093374513,0
69.22764042738211,0.11257836411200388,8.67470328190732,0.5254984167215512,0
69.18963321456145,0.20437904164514026,10.33000516778113,-0.13875452459674845,0
70.43487823258985,-0.19264821797639367,11.346109750341254,0.7474310837474837,0
70.96498852159749,-0.5900702075266719,8.900694344419206,-0.5310892555053576,0
69.5099949128914,0.2240078344946694,9.103462151354694,0.9416592570748566,0
70.00718965208172,-1.0063908873507024,9.524682886940745,-2.0681482275854197,0
68.4965425862135,-0.2745639247265018,9.389589865430114,-0.260202833805873,0
69.21179637023562,-0.29686717680065594,11.502496912046833,0.9719217981059517,0
67.71631868642032,0.6269499492567033,8.378632518119437,-0.6516897357736614,0
73.05038549180397,-1.1197766690419801,10.574785662932953,-1.0027952932477866,0
69.71199975039418,-0.09010160535144601,11.697204211704792,-0.6484827531868642,0
69.86196963350659,0.31350990779260335,9.748222508536763,-0.6576538614123526,0
69.88160044029595,0.04675574292878478,10.884055433909044,-0.7544418764827823,0
69.1017389730239,0.1614713447621268,9.832832562662627,-0.14822418478515284,0
69.96599379335171,-0.34791974411844645,9.200309598367301,0.3525841428875694,0
67.8097998144167,0.5826919256037871,10.21730491319659,-1.0212328732548985,0
70.56605399143052,0.08363929954282057,10.762161383783964,0.9270796574760038,0
69.2671617686707,-0.353881353853246,9.394018456112404,-0.7848707430407331,0
68.50711686633774,0.14225121880567088,10.015265812818832,-0.39308560578633606,0
68.52348837843518,0.1739431347557415,9.498400987278142,-0.8321253942184645,0
69.69665028478771,-0.1322467990474795,8.929958706903316,0.6617410850091278,0
71.69202485970938,0.02044684225526027,10.131040368909046,0.421846479797263,0
69.93815505547282,0.4456461223213309,11.656008484699484,0.06439443402090768,0
70.88050684795392,0.43672583398068077,9.661957193201316,-0.902643613753507,0
71.81200163069238,-0.7843821783731307,11.78883669002207,0.6963467427056886,0
70.37538233902065,0.0255479669542468,11.75135794811294,-0.7569807654189659,0
67.67961307935275,-0.2990679623560718,9.73820251592978,-0.8051753923164233,0
70.30772214714192,0.0679724736713747,9.18614285201218,1.2824421219548505,0
67.215852120244,-0.6383614293276556,10.376120031708451,-0.16598630739571468,0
70.83545370984154,-0.30948531046887967,8.96666022198249,-0.5164347790053476,0
68.632809385928,0.2624980041672854,9.520041646026181,0.6091443019929438,0
71.17615069160988,0.520298166150233,10.90071902882521,0.6274822591657961,0
71.53970593801974,-0.2583461347621131,9.738115858259713,-1.4641017086875492,0
70.5835011237852,-0.336882956745018,10.40154546435054,0.42198726286448746,0
67.29581259080935,-0.5069196829967756,9.650653664249198,-0.414080524505555,0
70.33404036827102,-0.577711883306199,10.047178332155275,-1.3507884334511924,0
65.68977928100969,0.3583318197977882,8.694686510883935,-0.4479341660802586,0
67.1652741262989,-0.7044353950344138,9.60114344030404,-0.3281026986259825,0
71.96517426487597,0.22475600545696328,9.738881462669038,0.6061468245284964,0
72.23310843601413,0.2056489909383155,9.593683862174434,0.8148827012948628,0
73.53704325221219,0.33026715935586276,11.770676590400743,0.7412791333309878,0
71.6977171662571,-0.545093242458852,8.886450654028245,-0.03958678773200586,0
66.66108461219277,-0.29647690649523734,10.86733739420124,-0.5321243344158243,0
71.06638203731156,-0.6756254482799366,9.506358982813888,0.8187523435338578,0
70.4170248737706,0.14514126358892374,11.70472383159463,1.0374428019903574,0
68.24628619360455,0.6589493082518184,9.38475587735314,-0.014071866175890622,0
70.03042616893764,0.5365201234367568,8.870733361567257,0.36148870723366877,0
71.04802975915935,0.4057566364189477,9.789614202673173,0.8027297866968628,0
68.5769120280945,0.5735293733841534,10.352240168010232,-1.1200663193702185,0
70.81584067668302,0.08965229688901237,9.644343655547381,-0.5890028848252176,0
69.51961408635393,-0.7210785065971494,11.690719464084124,-0.902623044054431,0
68.67743379198659,0.5724495240292861,10.585030845605585,0.5761962970578084,0
73.03341690240012,-0.1560713678368348,8.953505075961193,0.6754143753926323,0
71.59255658047142,-0.16344471067235866,8.73442007666437,0.9913204412631356,0
71.15169477633101,-0.6867369608418926,10.779953816526216,-1.1527819240659032,0
69.0347391173592,-0.5616547253452843,9.36216942771104,-0.6666488039806606,0
68.77337837432025,0.36213198102350813,10.294590967057072,0.502985281635731,0
72.18468424708588,-0.18635125229132019,10.079894683254189,0.4305223982701109,0
73.41347714519769,0.4495391266910185,11.381551155420418,0.8151717795669822,0
72.11453083494679,-0.8923350829594743,10.880859194223458,0.1703398773750373,0
70.10842874879071,-0.2636275691576355,9.574725921719356,0.33294459106162555,0
71.67995152715702,-0.7488928024665823,10.218103820659392,-0.4485494229178367,0
68.09839446735712,0.19631113763910946,9.671282168104828,-0.5272293445393895,0
68.4616699271697,0.14064942432875896,9.989961725748536,-0.8733123015669962,0
68.31800474048808,-0.09125323982190986,10.40514781013021,-0.8397716048761952,0
70.97621318585887,-0.41200136230643614,12.727744598699235,-0.7528022897093014,0
68.41974891942475,0.09700168742682472,9.097619032837555,0.6621049844833728,0
73.60283269351356,-0.19380990205479576,10.17277104121444,-0.4142077330267938,0
69.99994221803695,0.7158672092515258,10.894246197706696,-0.723379946803106,0
73.09180873043141,0.5810306644999075,10.486368318734094,-0.527373933055428,0
70.13141507947113,-0.39773297043561673,10.467605769671948,-0.25317687865900057,0
65.53007594243905,0.463101528138684,10.191453037682985,0.862786455307276,0
69.7276405337075,0.09423330945725301,11.115326144486701,0.31023765714299123,0
70.57600346043564,1.607195485954617,9.83099980917905,0.13534859982273117,0
73.46805740234747,-0.4025038507642485,8.959002698514771,-1.1456526404660035,0
71.06732491869067,0.31281537237346324,10.741487646554921,-1.0828480640373628,0
72.01171831896377,0.5986329406967076,9.902688675342315,0.02605317276483224,0
71.35119155652441,0.1835717500715,10.641969665043312,-0.8688688463720191,0
69.65075522854718,-0.6062366798693642,10.631276952056247,0.42417316982136954,0
69.80237001838391,0.1483996147051671,8.443483641869031,0.686340211509713,0
69.06545786015626,0.06452550670786306,11.115369718978583,-0.6052004866198843,0
72.39446703636254,0.062037654755983995,10.028190155517878,0.4448364546904697,0
67.50594883506643,0.2970530887805435,10.06150945870525,0.8290215700839476,0
69.56638593740938,-0.18165872339100123,10.36963815265673,-0.04749423401933422,0
67.6520626508775,-0.09697886488555876,11.26763001985419,-0.07448298069335345,0
68.25908007846454,0.35796850260848867,8.14655632972552,-1.6962138005003735,0
69.99169940765364,0.09046261543215667,10.220399211626344,-0.714226312953258,0
69.69900075972963,-0.6993666259215878,10.219562310680947,-1.292255083663825,0
69.7015145166416,0.13078965556648514,8.243374300576136,-0.41800234040874856,0
71.57629249283015,0.7744839417953189,8.496039711748379,0.2719347667452406,0
67.52810125056911,-0.6726290009541864,11.596073831064356,0.5345457886797885,0
68.3916114053423,0.109513834414952,10.641946336263825,0.1450341251134707,0
74.49455748739888,0.3028895705691925,7.007018379571155,-0.23215981005367567,0
68.52684756421536,-0.1020733889032017,10.013465896299126,-0.5209143407746885,0
67.83016478800799,0.6817027454713542,10.597341993948568,-0.5365914802101335,0
71.35929930686808,0.3375902832536135,11.267307461146352,-0.8442506612601545,0
71.55976325870945,-0.30389417225352483,11.155044571359154,-0.1539593237568355,0
65.4564415347198,0.01767698684326858,8.215837477983333,-0.17371954075526497,0
69.88361673958971,-0.2006525079050488,8.513080114701445,-0.892583125774943,0
68.31081880133503,-0.12405430551122741,11.28849977991323,0.5672683442993989,0
69.0556095330208,0.6369388526996759,8.631937512898608,0.5480170536511907,0
69.64953059959652,0.11816239532230975,10.638462194545717,-0.5436600132922312,0
71.6023162677738,-0.004654993116307986,12.411798902086833,-0.24340886816821508,0
72.5383496730627,0.3235452129978457,8.825873583549283,1.0884977913877159,0
67.87917839274598,-1.115997585191006,10.853315686011953,0.8551627082305124,0
70.10405126212522,-0.13050965596234204,11.583681799491032,0.5694944590285117,0
68.68826815254452,0.36576648981798465,8.756708370279798,-0.4471743501582811,0
67.89773993559815,-1.1000086900191806,8.822707452544526,0.9778623224640507,0
67.80435624227611,-0.27501601500160094,8.839026316679044,0.692485773299262,0
70.00239489633452,0.2453726467840829,9.894313219468511,-0.9368215737774954,0
68.05211440881256,0.41863297015062456,9.942593304482894,0.6195213509787039,0
63.67480825898461,0.5550543678442674,9.506032810655197,1.7382857971165109,0
68.97848983358364,0.014134435839746573,10.660377628997496,-0.7006361282480978,0
71.74547586192787,-0.322607954427657,11.28910308822611,0.6345650053879014,0
70.99127329325208,-0.362097089361534,9.789428831411266,0.2399292866877509,0
65.93331451891237,-0.2758746482330948,10.938073503891436,-1.0145446179331006,0
72.55795661511641,-0.3141575940183581,10.323257343040492,-0.9181310797665815,0
70.96875652885689,0.23136401541289062,11.136373957615582,1.08325608264864,0
72.50704738340598,0.10445949188893941,8.773835881637105,1.0590120670248195,0
67.3917305283881,-0.21935491516787245,10.737108609041018,0.354846153468036,0
73.18613076724951,-0.0020267133073887562,8.309931026900903,-0.22020672371297098,0
70.34812097882606,-0.1753045137176116,11.412453551690046,-0.1980900891837715,0
67.12830540011223,0.23339473280918793,8.852314783101047,1.3599138717287578,0
70.54018840953401,-0.7016421998250314,11.079391826829019,1.8953972385266047,0
65.9918878939249,0.45153675448547687,10.484027580339518,0.14054423755879206,0
70.68665684025405,0.24594283242106418,9.306995164652855,1.128791870494222,0
67.30095167796391,0.979281685139906,11.527687216214652,-0.9489080372878475,0
69.98919973799904,0.7099294935721598,9.509005566495158,-0.12992683578982808,0
69.19524520405436,0.5837364040028303,9.392317246875752,-0.007860475611968669,0
71.08043080373645,-0.10380085601368806,9.13356847432077,-1.0732388818255891,0
66.96348712278855,-0.5899021251392822,8.279450446012886,-0.5815014303378436,0
70.60042961051712,0.027047684407848743,9.173366918834716,-0.8144151643063335,0
68.01322287416325,-0.6939490113455012,8.764122422250257,0.5714892590178463,0
67.19077698624965,0.008657924324379585,9.381946149849837,1.942355589422251,0
66.40614393345079,0.09665042746285918,9.666249406002255,-0.6169042915839363,0
70.63042590858429,0.07779230863725936,8.931094835923762,0.34102188707408976,0
70.77833715733803,0.6547348616222278,9.390028786712577,1.1763555505164394,0
69.6063652834053,-0.9880061755113057,10.523095800724526,-0.06527216541067977,0
68.23529808812728,0.46662017192543853,9.52837171573675,0.8135084861601989,0
69.83459774477299,0.3751608679043418,10.679477761150686,0.3785343324116228,0
67.93591314165509,0.459856488580164,10.021761725027712,1.6018086189166398,0
70.95733976659012,0.3755631170122598,9.235107044479786,-0.3249132684780694,0
70.19343598865866,-0.5852380209268503,8.829722630085755,-0.08686620632010145,0
69.84425760214118,0.10103744341430801,11.117104134004098,-0.3202698897181899,0
71.36175141811253,-0.07231766822397762,9.805988085462436,0.20565444175031342,0
65.86454345694084,0.03317843225367046,9.361742525459047,-0.7438708313809856,0
66.2260171652556,-0.2214455454835304,8.122563928126928,0.6960985274892914,0
69.52138536143391,-0.8410358880620842,9.326475125269322,0.6039630015950732,0
68.81023306636953,-0.14060890308879848,9.630816785829358,-0.10262088368845748,0
66.60046591309997,-0.022729838971405278,9.441907303788279,2.3630234113119455,0
69.57398324009166,-0.22781229612029102,10.988477007003656,-0.12482573560413442,0
70.5066843814955,-0.4370579832688961,11.5552280704463,-0.5021397403353528,0
70.75070056523874,0.5661787654411222,9.695495075848639,-0.00011923989191270633,0
71.17302673442617,0.3413409567312023,8.90990201501133,0.1451865839370756,0
68.10926192883453,-0.37268510304228286,9.35160882341594,0.9727822800578269,0
73.193154668242,1.302726296939831,9.943449581619843,-0.6731255054688612,0
68.06103645801966,0.8037403944922357,8.461621800844847,-0.2535748467865648,0
68.86787390826439,0.8749976370030635,8.986655901042054,0.8813306698078119,0
72.62670614859373,-0.08338501327154717,10.465495294764487,-1.230971465126037,0
69.82358437634775,-0.10751352771914803,7.4204173551481265,0.3323015747883442,0
70.71033283363235,-0.8466880251007627,8.587724170690588,-0.5994313162956516,0
68.94163643541523,-0.15318294795245252,9.041875768853547,-0.806285704597589,0
70.6130264876016,-0.2376240195314726,9.893199396622595,-0.18374389515711398,0
70.91440062021188,-0.07713744099155649,10.861539469147424,0.08239882245161262,0
71.77806859694078,0.6235411125025601,8.539524543638437,0.7375960971327783,0
73.56564429680122,-0.4862645639789036,9.968129292499356,-0.2857632753011932,0
70.88166786413923,0.25999593649052216,9.330704397759485,1.05004521789512,0
68.28663837662478,-0.06915947684948492,11.023592283566227,1.5627503135755791,0
68.9746895150392,0.3911473059838059,10.220041704715545,-1.2659549278773319,0
68.08962348171177,-0.6023853837678496,9.49668294479584,-0.33343053132317707,0
70.05589758751103,0.6388469656881002,10.422476180472561,2.1224501248486987,0
69.51314411668712,0.3946264606810012,10.414411694694342,1.205253354062895,0
69.24256788980756,0.42262892322912526,11.629072757149357,-0.5766502770268142,0
69.85025667676268,0.25215315308469,9.565220549452267,-0.7001952530842073,0
73.66546599172908,-0.114825052205292,11.734093091571303,-0.4067402529871618,0
69.58582216490788,0.3985695731535983,9.793980853487595,-0.7190945147491341,0
68.56017763319029,0.13633617917131466,9.333885981815746,0.07045420285235937,0
65.48542829786257,-0.2790611378699536,9.819688243208297,-0.41011336436918144,0
68.01282676366654,-0.4417522898840285,10.070520890746373,1.1896476204854827,0
67.20314731893467,-0.13813010497029593,10.97704960268575,0.2675662839337406,0
69.81248523649847,-0.2253563017232611,10.013261885283804,-0.08085129342432998,0
65.6270764769034,-0.3578916156436525,8.050411080405512,1.0328452215731863,0
71.64529701307993,-0.39411704598272584,10.804877764555634,1.9589179936812937,0
68.75384707788257,0.6496375534534451,10.362505116741165,-0.18935937589686613,0
67.7881789000525,-0.2779625262027853,9.605087483712039,-1.8526205048856568,0
71.06092374250606,-0.1608656474170967,10.459244216970253,-0.335381781054807,0
75.9965454869189,-0.8286423179050485,9.066940545312761,0.5641643545214909,0
74.7169354819003,-0.49620934988983023,11.829214895003394,-0.7336235275005103,0
72.58673424788971,0.037697274452546496,12.229998540520782,1.4255882139054994,0
68.7045546580557,1.467850732528625,8.875841138508285,-0.25089655406633365,0
73.61580627497513,-0.3673915528530835,9.35864864473857,0.10450431784419717,0
70.9049733429994,0.19359115509899014,9.254302647811441,0.15751481262074146,0
71.27485081738213,0.7519952980318301,10.32816048821163,-1.002383550599208,0
70.05683499447102,-0.31029678627404744,11.31903090851057,-1.3403379973028793,0
71.11946627739535,-0.5326981511761554,11.272057123705748,0.6169296989893053,0
70.43866228386082,0.2524693559071943,9.66311992121964,0.5406218339800158,0
69.9007466354759,0.36560200342234195,10.058576275647841,-1.9849531882442701,0
68.97268463188851,0.7587462254613849,11.45254021563579,0.08363929641762319,0
69.74793284378734,-0.16762406934901256,10.630560904200543,0.46323017947893075,0
68.04181632205714,0.3308250722645928,11.23289661100145,-0.7638918571089958,0
69.62631733191533,0.23178242011413908,10.722752967446064,-0.3364280800096303,0
68.94264482201757,-0.23194267399399726,10.385232619233202,0.3432952921523796,0
69.96116491224764,-0.6821119777128707,8.910013188080876,0.5094592268251908,0
67.55782357378256,0.11317851899855891,9.639202378298874,-0.4817828048949854,0
70.0533969227308,0.8381760455957097,10.288816582066866,-0.23653258130054824,0
67.05325681412819,0.25611920416563005,11.136703353702554,0.4859008373704994,0
72.3319082144799,0.2382990889187572,8.696725190917004,-0.03595980867969831,0
71.04973596687171,0.36050576273417095,9.50692355967167,-0.05069227655289682,0
70.73173928456448,0.635646508398373,11.00523880178954,0.5170546564583693,0
70.79244512536938,-0.5126406833958782,8.899040184357226,-0.07348372366933263,0
72.0831667661516,0.19767671174081847,10.561095935316603,-1.20124472964064,0
67.07669248698726,0.5599419132674911,9.96536157160574,-1.0509503031714709,0
71.76433485243389,0.12901808067046633,12.951464274507744,1.0000003578652872,0
70.69339464926097,-0.07555478019176518,10.232295508136897,-0.08212173664850667,0
67.1224065703569,0.4637610598602766,10.27485751749402,-2.2037654281047914,0
68.72895354972992,-0.41437091955381244,10.980890182669329,-0.03524415208127305,0
72.97481370913297,-0.7957597968492303,8.924213883509884,0.8536756213795686,0
68.68955729736518,-0.5293161958103239,9.473328597338986,-0.607859417742871,0
71.07865569458374,0.5590838055784207,8.413080768868653,-0.23262119535477255,0
70.02848775948543,0.04109681728696918,10.833255569661219,0.0958776849180456,0
68.84039328602653,-0.5559467604702812,8.17529072863966,-0.2968895379508313,0
70.02881974992845,0.4608624405444896,9.622230888459365,1.8589634194047147,0
69.84704082788014,-0.24167187970378096,10.380595261881622,-0.7764471637118726,0
70.4178160826819,-1.0320484274924717,10.676094075911132,0.053342924740968994,0
70.4211415650903,0.07740437899999758,8.726243930906538,-0.7188971150551045,0
73.13284982617755,0.2472987902394515,9.402736719778382,0.3368644436542787,0
70.81542180140465,0.9772422316778662,11.110350885866971,0.3289349551820976,0
69.1016295158071,0.8918449575683205,9.898451347888631,-0.6964095378414108,0
67.55950702815943,-0.43119826902404657,9.635914755832955,0.612321186493054,0
71.8263708475179,0.5755348918427016,10.152976694985194,0.6651940240335309,0
74.51863115167376,0.455144710260338,11.602882574536283,-1.2085108408733407,0
68.51640209870695,-0.37555747783910776,7.322965756921853,0.05894261814525136,0
72.78489798562362,-0.267658439438332,10.195442230883941,-0.6832433574157535,0
69.01654471027294,0.1426549212591343,8.804224228120162,0.9392264248754527,0
66.16248161366566,0.16111704404315116,9.508518227296872,1.191315796036602,0
71.5236901838588,-1.0420795706609838,7.577603393017803,-0.8010851284696415,0
68.99554724476846,-0.09450347032960045,10.030245408364268,0.5388768144913378,0
67.26801857384513,-0.9002733261510475,10.25246146300501,-0.2887848089747517,0
69.79325333535475,-0.3209149232213016,9.826791235795294,1.1892055228957512,0
66.75345940973368,-0.6127652241997947,10.641601602518552,1.2539262132796285,0
69.58870218535188,-0.631357928749079,7.99888005479233,0.2084339573950143,0
67.50129155729648,1.0877894628189593,12.34160353590527,0.18104103457100587,0
70.97092340319418,-0.058956371225608234,11.141795661244426,-0.0024563821825075694,0
70.12671350520863,0.680201631152174,10.626182519761269,1.7047850271336609,0
66.72634088818546,-0.2777912090395317,9.096093984892125,0.6734233354606727,0
69.01281929459422,0.3011659938943902,8.831012045876697,-0.0754728749609353,0
74.59399087950628,0.8191841107296305,8.121468066079252,0.2916691713975356,0
71.65270584182825,-0.24670370286363044,8.897619695333153,0.5295902435858051,0
70.20165086013708,0.2762704342978648,9.841948564842454,1.8649321459894743,0
68.17231783802038,-0.24799936867602512,10.51488545670409,0.5853934109264975,0
67.24257273845882,0.6486563568850874,8.541881555180952,0.00511968003692358,0
69.38594673885727,-0.35381240547089843,11.133250429620587,-1.877642227418435,0
68.53843437538865,-0.4513819254717926,10.874897406813332,1.240337052810862,0
71.55093754708962,0.6976425110880846,7.775445782287545,0.1308800936191386,0
67.23393320766408,-0.18748269381173582,10.244671648638862,0.07569968105825986,0
72.75150759354908,-0.9893176701645622,9.164263550232588,-1.184503988294617,0
66.72241840584672,0.5028897190678114,10.182418838047218,1.2452910275548528,0
72.3704126753266,0.03407512346764407,9.030383618907416,0.7934334344809146,0
68.61679386881103,-0.5997119077131288,8.849589890339129,0.09748568997392357,0
72.53105969290249,0.02630440848913781,11.224428532290855,0.07307365401271981,0
69.14710246628152,1.360586869522416,11.82104452991573,0.1575255838171773,0
68.3356105429116,-0.804514725846411,10.401357630974397,-0.2044093821673248,0
70.93400162367637,0.16152061051947492,10.436276181442311,0.9137820915340612,0
70.62843975077934,-0.3617220164229559,9.229451440014838,0.46650149202831487,0
67.85634609125685,0.3591710977856386,10.714193410718664,-0.03510679132498459,0
68.43715344672839,-0.8881693652577106,8.876035037686925,-1.3007439932559812,0
70.05334218467388,-0.2211437685794323,9.079338462969748,0.6980843767266189,0
70.25865577090713,0.0237934642827573,10.55811678048228,0.8291619569121796,0
66.79435202497046,0.3533399232787203,8.191063200695455,-0.6355068328299063,0
72.02429115713223,0.3456112497378001,10.664740895992315,0.14566792448861685,0
72.82595311253202,-0.7704003922655182,9.694844686685098,0.037879241281437215,0
74.07057031627642,0.5132749530876339,11.038427662681862,-0.6090764120936516,0
74.49932310809322,0.2359041796677232,8.99407557087923,1.8762874376695984,0
67.14618358255487,-0.4343498760436151,9.765998924250983,-0.7843357902258272,0
71.05442239256774,0.138381342983657,10.113508316802326,1.5150454653523502,0
66.73206166525956,0.6831928841334969,9.175348170424877,1.1697311223886515,0
73.81042798637279,1.1507765193786492,9.80948571677962,-0.9306075753574254,0
70.65585219616784,-0.026684284164222583,8.237150614605335,0.5884359907712512,0
68.15464406119952,0.7210044121206955,10.965163596339824,-0.2250699136346823,0
70.07232872393897,-0.12128361962891311,9.542606698292127,2.4786485255931012,0
68.12760623750404,0.027668794251364617,10.991471570496818,-0.3074712516036204,0
68.74291442426994,-0.6645505237050573,11.192035332750875,0.5696023959485625,0
70.93986722778739,-0.7543979376472686,10.503582838678804,0.2282435257700095,0
69.3238724482099,-0.6883703979869895,9.943317391740031,-0.6966736571043834,0
70.16006955112333,0.03167003166487968,9.661841736188908,0.705618770588706,0
69.86789888768274,0.2645434780467917,10.418402331771254,0.806538517218991,0
68.07188060855306,-0.17265242323234098,10.92199450763843,0.12282626854015177,0
72.25161050564253,0.37262139793333665,9.555319922629685,0.7044087522215767,0
69.48502852441945,0.4783022476184101,11.853764429814404,0.8732756055291626,0
74.57900183492917,-0.7757909675545358,9.451625159607609,-0.21307567010029926,0
69.19941891713421,0.18622401976356928,9.631891457119803,0.8848859398120272,0
71.96952096981892,0.20673670555479273,8.987786712407077,0.43789902330060954,0
71.34858003131791,0.17694271513424012,10.030007091808963,1.1202678984274526,0
68.90323843860358,-0.18334873594139686,10.66705586116124,0.4246330384600572,0
71.7051950506033,-0.14200538875782623,8.68529392309914,-0.9900657100278055,0
69.13465456981835,0.39621258294117845,10.792264183157851,-1.4527289798190584,0
71.06779154366872,-0.043613285199206105,8.957894129589189,1.7526200251125141,0
70.52791577271071,0.41370761282771434,12.567525435937558,-0.4648955231043843,0
69.20641961341865,0.7445078295645052,8.692329025319697,0.05917255703308014,0
70.09243017352821,0.4850905188402172,10.405390892811242,-0.7305438941411312,0
71.94449265282641,0.42257470621783283,8.948995903787567,-0.5502425553539856,0
68.9483850063844,-0.5746700390362205,11.064666802785045,-0.2590742329950393,0
69.44433963230041,-0.5188778655153894,9.60546114394133,1.1879613038190593,0
71.49657651407279,-0.8086986039657786,9.010292714047573,0.5084808122345869,0
69.00375579504026,-0.27661977959582096,9.13950784668155,-1.064855303198769,0
70.19057874573187,-0.1901359542472789,11.14037787026636,-0.05336635210784705,0
68.06965772394793,0.3469027505481392,11.346147316118024,-0.5885895314387487,0
66.59484819124353,-0.23948302399460192,8.650090186510317,1.3132942184736016,0
67.22451087882483,-0.1638474290548893,11.473521650451216,0.696970022256991,0
68.9726773187777,-0.3915320225883035,9.81850343076653,-0.19212416203914517,0
72.99279710775416,-0.0773326771594741,8.650030166924656,0.7886183892890216,0
72.0730657843616,-0.1133980141028709,10.772125034490912,0.04099725150931601,0
67.5864033384328,-0.04053731926347307,8.855322043537898,-0.5073240602637336,0
68.12220450408387,0.1664224365867278,10.186483700881066,-1.055743486318764,0
68.16028995523733,-0.0013460241232452588,10.46436792396641,0.05779292595076601,0
65.58641095325922,0.6434524756558169,11.772311689336489,1.2670341491625037,0
71.08820789983524,0.33599294317085115,9.345807661168688,0.15086293468722395,0
67.73874189739881,0.06088017335661479,8.570307080806613,0.46816141494286284,0
69.29088805840495,0.38353442387497866,10.182573759446925,-0.36764747697559347,0
71.68665194743488,-0.5867023503375776,9.735147601496168,-0.43003540716368316,0
71.48794484223541,-0.03775763284748444,10.270018746185603,0.4203768207075177,0
65.30776904576908,-0.46315907635786197,10.115929960317132,0.8099807196566767,0
71.14517552307085,0.6553830840299366,9.778376127989304,0.08054436238854593,0
69.00040200079196,-0.2178361268149626,9.169563148214827,-0.43462447474556554,0
69.61906355688392,-0.3257770297998412,10.026574896834488,-1.4549072905958909,0
70.85586759977593,0.08872842060526186,10.44622878505573,-0.3707975467998932,0
68.98356058345277,0.49118046892517425,9.845496271311182,1.5892395068337921,0
67.18776462050465,-0.12368241286525909,8.872626426437016,-0.6293956660085259,0
68.42001677090602,-0.2403661388948051,10.782842110887815,-0.915115238440741,0
71.22002348331867,-0.7204438775251061,9.594474328226175,1.0558474949203631,0
70.92408557832667,0.13614016774608453,10.630105928122934,0.4607800118703891,0
71.25601128660496,0.70183151800058,8.961545637579878,-0.05659138780028672,0
71.27453774759675,0.3748211426490258,10.558057910656988,1.045229263536524,0
68.99800950908035,-0.6748600974443542,11.272386918252629,-0.0006424331870845798,0
68.90262719918934,0.017879799397505808,9.567723791043262,0.8049663806290556,0
71.78033311729436,0.15586642341074478,10.540869588467224,0.02608610019226612,0
72.05301791049021,-1.1816597946509402,8.83180487877212,-0.03194442501354259,0
69.17304522314147,-0.4752577745892881,10.619968559122597,-0.7827069460878069,0
70.43472253958606,0.062144854948214916,10.057696966014573,-0.6633478381045569,0
69.61366883370353,0.6134684704723468,10.54352334473784,0.770270971183466,0
69.83983603629244,-0.8511415506551461,9.533531824617832,-0.12054235218127379,0
72.60301632426241,0.5679769365964176,10.424845154440135,-0.6852221208803111,0
70.2568944296787,-0.13086574643067567,9.75649174292456,-0.9868176805028664,0
70.92780930558662,-0.014921380586834556,10.804381819111349,-1.169301094314322,0
67.74603651458068,1.8231361795552932,9.119949871193338,0.23006622493054607,0
70.8755102312815,-0.4910927690110282,11.727607106829543,-0.052496092001791866,0
70.29896008134206,0.909193167490011,9.208979076717243,-0.3901127822349316,0
69.30897440293732,-0.6863232093279373,10.275839468484007,0.3784431340844206,0
70.36663991818702,0.3279151759011338,10.865654077373947,0.2709622460086334,0
69.51711782647936,0.6102083224117536,9.303336128844776,1.1170860344416405,0
69.6140872551248,0.38240138350741654,11.826551977023387,-1.8118381037948137,0
69.6154792422127,-0.20197418075920354,11.707386524205832,-0.32545792280906244,0
75.45803900371395,-0.7639514518031199,10.349505547949326,-0.30904149567175115,0
71.01018066681276,-0.2825718479347105,9.548968106901256,-1.4582624299330185,0
70.21634734282692,-0.7489610086425235,8.690331049042983,0.06949606183784626,0
69.75730168073399,0.5135449666131849,8.646870399197987,0.3368096228663585,0
70.64500028727842,-0.15118559092630227,9.196364546189333,-0.06327392837037261,0
71.76797181166515,-0.1868778713888317,10.847295015929257,-0.21904653467627566,0
73.44959113564364,0.013401750386926009,9.82445762106615,-1.2886623626018319,0
67.14569641921588,0.19064513163703156,9.772550164323615,0.22502128662063128,0
68.63071620394928,-0.0752190913597201,9.376305199482879,0.2361588899286281,0
69.56367183361907,0.9323257988285035,9.311922842918346,0.8950478081128481,0
67.8910140819771,-0.23266608868520344,9.158456129691,1.0077097854902777,0
70.87397885277419,0.06858658354950953,10.234454961948295,-0.8674946813318368,0
72.80582600632553,0.6947644411956589,9.96570022474138,0.01060854088549421,0
71.29827110175124,-0.08762714828995823,9.799823493911793,-0.3942435759540319,0
69.30821854192935,-0.2380300644669446,10.729852968118228,-0.2626374261589534,0
69.1432709599448,-0.31341120293865266,8.500503291444042,1.2481453896741428,0
71.01719208008956,0.43325037980289627,9.470102499366824,1.1657604613607322,0
70.29040561087648,0.7263182441849646,9.986626524491887,-0.03573178705668605,0
68.94409095100299,0.038743461021815175,10.22498409716055,1.1941571775475768,0
73.07942583329661,0.04497342102313296,11.219038429022067,-2.1741210865453633,0
69.05941516375741,0.12485570148240074,10.88712163872943,0.33848073226226705,0
69.88789366189448,-0.23074882004038055,9.200234301805352,1.5215683382551373,0
72.24445156027532,0.6538885735944874,10.010605824024728,-0.427575472593436,0
71.1093883597911,-0.01231072447661086,9.871922372915593,-0.019885029095670137,0
68.73409746608024,-0.4357076972858861,9.757595439483644,-1.1083373460224024,0
71.19649953320518,0.419275377404005,9.230461015424094,-1.461943949191525,0
70.7871590546103,0.11921622944381584,10.020507037263192,-1.067542472571408,0
66.16451907711118,0.8557796819924797,9.783592039473199,0.4035193206394956,0
69.85850043458733,0.2067700526141284,8.721734023301435,-0.35656754138695357,0
67.28927382257203,-0.5435764513033498,9.290980059636448,-1.4452395932911068,0
69.07760136117577,-0.3554444463173959,8.813785100652568,-0.10627128255223915,0
69.97731863302863,-0.4184867580693353,12.011971489356334,0.5745659309463396,0
72.24331314783903,-0.1641916605152158,10.89359942306055,0.6124601114930593,0
67.96298595840055,-0.3411049658766523,12.915222315860854,-0.32897414508287515,0
70.97372240062961,-0.10730081004379878,10.831397181400998,-0.795668249724765,0
67.98941520730767,0.5671703051196775,10.198532429937769,-1.9820967011514057,0
70.04682870118044,-0.09098385329777062,10.710668233879126,0.2568432851830505,0
70.68439343253178,0.043732245757481705,10.290468753158933,-0.9220988365832451,0
68.37020055740395,-0.4261552166924052,8.658840458883091,0.6306031104863585,0
72.1551678566499,0.3069977059840745,9.398768091052267,-0.4297024822290276,0
69.12025081937054,0.5564491266117477,10.526627832659509,1.3911282054302374,0
68.06084468574677,-0.11281801719393054,8.739320105186602,-1.1337934248607475,0
69.68948032227348,-0.16785299436055567,9.487183014256354,-1.2277790257314032,0
70.39353958335059,-0.1419348209971615,10.914865509168335,0.44040201689850944,0
67.37651659456127,0.1978459379533482,9.401131768172348,1.226004565174435,0
69.94082318822063,-0.2517567160564262,9.593458835754445,-1.2007177504700912,0
72.5489134087034,1.0596774295163145,8.270203110712234,-0.20143437076414156,0
69.77919066532316,-0.29713849444398627,11.217536584639657,0.9979512840611258,0
69.50931284738296,1.035641099322769,10.03277080289937,-0.19352331129902117,0
70.55960723904101,-0.37301644950448154,11.453132951233204,0.49330899921542604,0
69.29010803147614,-0.09275935272441718,9.092227859687085,0.2100074779844895,0
67.4127240920286,0.001584972319707538,9.482794585419846,0.45364467615262555,0
72.08513657518293,0.39346904604803823,9.877429423548037,-0.5676990270818213,0
69.40067575963847,-0.008316415388401041,10.487918719669315,-0.45453978435051434,0
68.06544148047635,0.08671333697831651,11.358802207494376,1.497859682149257,0
71.58639956399735,-0.49513195031254414,11.408593070792556,-0.676528163292543,0
68.4588561135873,0.2138053551575997,8.619674722767328,0.6413441486856066,0
69.89274155919824,0.19956143479986,9.176570849513443,0.6771418865808704,0
71.0262472315904,-0.1816641995962436,10.945281279388126,-2.1282288601173036,0
70.72462302332968,-0.053768833335488306,9.205001124306966,0.14176754618803486,0
70.99960154819568,-0.36848119168153187,9.880473494978052,-0.03313592729716446,0
70.78578316770093,0.6133873085257459,9.536050097553211,1.0535342987037493,0
67.39155609918879,0.15038854858928333,8.280391292398594,0.05742161330264578,0
71.44450855245655,1.011484626736734,10.049356698383754,-0.5986518695052826,0
72.05299193868495,0.020578618411143886,10.09833786013321,0.7336142428079526,0
72.18550028396292,-0.8660645306027205,10.051549988912415,-0.013116569370233703,0
67.86086003395533,-0.8119498515386615,9.933153808910426,-0.3709857363496126,0
68.55060381531001,-0.06868415129332912,9.648975816198876,0.014076340213175812,0
73.15358204327612,-0.015064499281153733,11.880370271394115,0.9952789354794093,0
71.93516594155355,-0.3642521585683096,9.706564862150854,-0.7357797302349927,0
70.8317498252618,-0.03353058597920472,10.441698142702826,0.24201958123313272,0
70.33569393530549,-0.17845447010481605,9.027008395957305,-0.3533481707255406,0
71.43323240585798,-0.08194123867818637,9.939975165759657,0.6942487997953908,0
70.97515265826281,-0.7374039203347181,9.919587049906669,-0.6970356761521578,0
69.89163368351328,0.19513557336929963,10.509414838652205,1.3310276770214298,0
68.99836622916457,-0.1474717818529996,10.574027992614196,0.7695888431673779,0
67.93715165781312,0.34335857343143467,10.665478954940667,-0.1202853236534695,0
69.43779624859108,0.36632392256249574,10.427170055252882,0.3205623941074442,0
68.53641383264566,-0.8611516238914235,9.905996793931886,-0.21687910670347535,0
70.91629640642705,-0.3822564860835855,10.63469700114362,0.3276872639169818,0
68.51974153357686,0.47251447208895275,9.657083508903979,-0.5571753376603676,0
70.5017342538286,-0.007356380415992688,9.09494661482169,0.49611139635106244,0
69.9816905762441,-0.37910664177454784,8.246034150981167,0.34113390316780456,0
70.1980476047743,0.059691395670396274,11.376824475897777,-1.9924918657789128,0
72.53841463068959,0.6818994805876774,9.019924103346655,0.8117397815081262,0
68.37607977989563,-0.5212529045591818,9.898604452866707,1.4621210220170626,0
70.7233348343244,0.024925703702813003,10.885678288200307,-0.4979981602961354,0
72.99502913175628,0.7853102978151005,10.429210378875375,-0.6306139151773402,0
72.14403095076952,0.14734601663879118,10.643664284536495,0.9092536069501803,0
70.87286953617657,-0.45126876655008846,11.4903212544653,0.22341830669438725,0
70.64831491545189,0.30754751619324316,10.311732990022133,0.598358662631446,0
70.39491735174924,-0.08879473105528382,9.449816915756656,-0.40906026930965367,0
69.42366459753659,0.4947194985829896,9.66310699256581,-0.08886167218369576,0
69.79787572128318,0.26693382307839214,10.648981033362752,1.5795565626218764,0
67.2138733336812,-0.11397481810914192,10.573022729849214,-1.3480975768678287,0
73.48268094447894,-0.05805419914085642,9.206002065057506,0.7766037188749779,0
65.60398478359159,0.10611988201704749,9.008501108524621,-0.01192844679488557,0
70.74811564412718,0.39626605848280366,10.411327772489148,1.6691113612549857,0
70.12395431925967,-0.17096381237495037,11.226118375530033,-0.05224298120886548,0
70.83642876142177,-1.9686372964742334,10.453243159382344,-0.05981421591548095,0
69.13019841398693,-0.32817308197551776,10.903151371383888,-1.633334616826308,0
76.29832852611865,0.5770603708222974,10.36980249547514,1.5202993104524696,0
70.54931105466582,-0.44748423802109066,11.0270806701892,-1.3088298302768937,0
71.20013086369006,0.5990504826353977,10.534965862761915,-1.1609641477136765,0
70.4102363359999,-0.06154382983264464,9.257788922217067,-1.8495829953937482,0
67.62900173077941,-0.25036692476666733,11.125553478594442,2.2025239283093514,0
71.71357909709847,-0.3941294664557118,9.578962479794978,0.8657495978942654,0
71.22758116550041,0.19545856318749724,10.238092325533545,0.9594336061752196,0
74.471889716028,0.0048012006115708645,10.158779776755003,0.40353543676610804,0
69.07568558659648,-1.096314008035966,10.493730669802199,-0.586863264108749,0
72.63320622621202,0.09121389006655188,11.497424223562671,-0.6860471070362018,0
72.26238162079284,-0.815815513985675,10.937665831598839,-0.18979672374367257,0
71.87486324514221,-0.17905681064748302,10.682464930321235,0.40210738668131624,0
70.7663100539371,0.22133949252621596,11.680435895492572,-0.44903878845825745,0
72.80682432624172,-0.1770591920519087,11.206949398020406,1.8717761187844169,0
68.40335631240035,-1.0780164045021967,10.163725767230742,-0.5533516280958568,0
68.94703859106505,-0.16463176422841097,9.466211502784718,1.1448029917916813,0
72.25078384862192,0.579551284221454,12.31213507848428,-0.616617193659961,0
65.00643708664978,1.0117744562775413,10.25047291787276,-0.04454677271532919,0
66.39417047176998,-0.6758477906883223,10.691902995383943,-0.11451405746848464,0
65.69425924628757,-0.4702402065986328,11.049131649273992,1.0229372090827613,0
70.42831429360481,1.4169984886186207,11.0267248540137,1.4482120881712068,0
72.66658729597985,0.4156191539289342,8.660798285184756,-1.2802876167335164,0
68.51730069629912,0.12917856474264258,10.001080966125341,0.2997635574434685,0
69.96000420374592,0.23888070222300603,10.98754879468951,0.006359754054072699,0
69.42402997027102,-1.3106468779458662,10.872216772900543,-0.618669500740377,0
68.18171469925225,0.43384369029249875,10.918442159332738,0.5439726330356945,0
71.90601484265379,-0.5470304270884414,9.770802499212785,-0.44000751304602004,0
73.45969171753283,0.43190172819459005,9.756058457615168,0.673164344303455,0
70.74940914031232,-0.05871851030175559,10.466881195511924,0.6804680618803026,0
69.71569639466945,-0.6252446350647918,10.354582608895555,-0.21124799953367532,0
67.70929760081967,-0.38411147346009855,9.75054182910723,0.021731871270226032,0
71.12337670619337,-0.10623862661038354,10.449907062987915,-0.2986974403405655,0
71.09131962704579,0.2015359914027274,10.569170762872174,1.1497167334553244,0
69.43432877323099,-0.7966301077738066,9.922127389766102,0.6475451397353164,0
70.04987820785765,0.15905760650804676,8.27734206025934,-0.6673144684168388,0
71.07743443822665,0.38889266542594425,9.249573336608162,0.2936087459164846,0
68.5779868188885,-0.5762224011687695,10.07100870472411,0.17362592020327672,0
70.79277775889476,0.36502250476336545,11.677114800440489,0.7589998022320552,0
69.27830263147078,0.46984440790035487,8.5324824691786,0.08055394250491864,0
72.10695688827366,0.3395809707602488,10.828240822061353,1.5280315010693926,0
68.51851519738956,0.39738858410675887,9.906662366576555,0.8917333487063696,0
70.23523893407761,0.39104068890060123,11.546769508119757,0.504732395682752,0
69.58036832029609,-0.18383849939185218,9.305963702669853,0.8304913886391883,0
72.62463191586271,-0.12215674594085475,8.190632090187059,-0.506811321603444,0
70.86797646021553,-0.47339125936643006,8.041504670441695,-0.35554145880418614,0
65.9196222466348,0.16272109879467792,9.598925517770287,0.0482137623977276,0
72.5933133124504,-0.4539678820310248,7.8520968921912235,-0.022689924006625138,0
70.9379258869608,-0.714771711718935,9.631541637075482,-0.2777577705863923,0
70.05563958301073,-0.3077476883853216,12.663462995104616,-0.20995732404029832,0
70.373048129776,-0.24237587098443095,7.356893692532957,1.1047230018400567,0
63.68640057089667,0.67840926429892,8.678572733707762,-1.0871373109814044,0
69.78220130893217,1.0979515006143512,10.319602817387718,-0.153006809528277,0
68.46453478662116,0.32536156166724345,9.629909922697374,0.5710430798187659,0
66.07304617624322,0.26422097087022794,10.317991607858376,-1.0881790609949997,0
67.93473050147045,-0.07368809949455417,9.513490756347707,0.23202095269804002,0
67.130642851786,-0.4422821036939458,12.114005923131948,-0.6739014297152929,0
69.14778569149156,-0.08853801505221116,9.7215111361105,0.9655195350685434,0
68.85565608012115,0.42746464356479474,9.1445476456248,0.6184627934050569,0
69.57184406589623,-0.08738094315225013,9.911381019017949,0.4401979801879817,0
67.61307472710155,-0.48522532973141264,12.037225902523248,0.4051933485562083,0
69.27823675719934,0.32104438602569974,9.939862673863578,-1.8011241048561826,0
70.32265998720612,-0.06093723640944123,10.349134543796488,-0.6197818964171696,0
69.55909738491243,0.5710626684954151,9.849155456404699,-0.3431706448465909,0
70.73010690805165,-0.1970832713849281,11.067860093276414,-0.13960427289035635,0
70.72674184963503,-0.35206341705722144,8.752202315702416,0.575446434722287,0
70.5239869151702,0.31871909866518033,10.736681485429145,-1.1754089959414167,0
70.23957083568624,-1.002909198068037,10.519360398201295,-0.8685030939919202,0
70.93461308123625,0.36297725649694884,9.460534134859374,-0.018437621195057416,0
72.44463233483137,-0.8269488497872844,10.643633457585459,0.09470130356636368,0
71.89629070900442,-0.8259455792070522,10.003536513149113,0.8833571416087506,0
72.71832859442814,-0.3846271147525547,9.72046381351367,1.4731299186938045,0
67.1603734287648,-0.0228739781763349,10.177424983425148,0.13994364322027827,0
68.13150751659596,0.48223514913006066,10.88853330667104,1.4529111018920982,0
68.41406424903357,-0.24084702244152134,11.096593535870168,1.4522629195894599,0
69.98005168647298,-0.764013139252897,9.783919277800615,0.7717712606871192,0
71.35620306274711,0.5564729859252366,11.924926335743931,-0.3450547303552418,0
68.19112261462695,-0.6013539165519847,9.877217768985147,0.8152624842899073,0
73.45436371203603,0.10938554823492999,10.014732174050744,-0.10630847841572832,0
72.45277508700394,-0.3810033689841456,9.895071239198938,-0.061913233966257634,0
69.94567854997307,0.9041088929498364,9.108028164785232,1.9642180971205456,0
68.68939252708397,-0.41024429642351024,9.339130133998882,0.5189830648337596,0
69.97183734734406,0.5606105146764697,9.17633496929132,-1.3385732511380768,0
69.25813132970775,0.13988689004446675,8.530245488559181,-0.08520964901306356,0
71.0711627503865,-0.40332883874830533,9.176019423540364,-0.8761398075619931,0
69.71309365622241,0.22816324612213912,12.74755565068576,0.9321697958238492,0
67.47658789112229,-0.7683987321985603,9.889720622667303,1.257590002983482,0
71.31427518838461,-0.2636612804678134,11.001639938820256,1.10188155891614,0
72.92348083654764,-0.5332072048977804,10.437419556288331,-1.0249408515801444,0
68.38907439400559,-0.6393018195274678,9.738047431773902,-1.148808376751198,0
71.54984940112844,-0.006161990790908737,9.13553795775531,0.3883503630262024,0
73.06149267512916,0.17269263427690495,9.416339761521744,-0.227083518246145,0
69.79176067556597,-0.3507671892270787,8.288270998621156,-0.30279860669001823,0
72.48544174006084,-0.4136201050771727,8.069664528328731,-0.0710255087023237,0
72.20561437628784,-0.8612142720157442,10.190036962051765,0.3291565365304676,0
71.07371274200572,0.2785476127892596,10.608138183827556,-1.2671525757150448,0
71.23211721431946,0.6887567557605989,9.77834606349368,0.2971357996688972,0
67.97116794604668,0.6514899345032961,9.381619197053514,1.3195869779599718,0
69.24011498783837,0.33888268474844535,9.466581573850728,1.5022022817782368,0
66.05573091979116,0.18465923876797838,7.920553054076841,-0.9638210607833623,0
73.78398694308106,0.4540105762254624,7.989459025753689,-0.004824399857197098,0
68.76066215863551,0.2848982183153871,11.850407292514173,0.5231152178496873,0
70.86930513674191,0.25402060049620845,8.907490060117773,0.560907883732425,0
71.84219175763437,-0.30617810755869096,9.357516302207014,1.1599843655132487,0
70.41824634025193,-0.5686589830788248,9.575914918146816,-0.3660146356055346,0
69.87097265456106,-0.03635682892243816,9.750723610514699,1.3391490566494504,0
71.66456155528435,0.7414949967942248,8.305347523026587,0.0889121187926285,0
72.34955354651672,0.36270600728123426,9.320652155767501,-0.6047711446039028,0
71.92003764310816,-0.10625712716003688,10.648301748956296,0.1252916184489115,0
69.76472204753645,0.0602398405981862,9.17039785887562,1.3609464045679838,0
71.0963597534726,0.6996688230317729,9.470803083588073,-0.43242859427091906,0
69.36151239473111,-0.4307954976813164,10.678153274267759,0.5700053654542291,0
68.9737320786665,-0.15983216311167991,10.376602237469504,-0.6020715218378264,0
69.18134366864345,0.7802437623338644,9.253423691953243,-0.4134578415251944,0
75.00946026620906,-1.0631859978475284,8.81562542372173,1.4378419029852985,0
69.1809041036823,0.24991497340891222,12.119657141764801,-0.5736295233666173,0
68.81698702452447,0.2053931997563512,9.924177027213592,-0.41994196468236356,0
69.7333525360104,-0.6640638552159717,10.465723742051765,0.6675954191759257,0
69.67709743529534,-0.11190636999987971,10.548783343710932,-0.43058930668453743,0
69.38373873104405,-0.03416684556113966,11.4720115865946,-0.03937634666752876,0
69.7725446339665,-0.08207388600922497,9.616205495048298,-0.7719349944109272,0
68.16177339110996,0.4301755923550106,9.430894986149443,0.07388115007077216,0
69.04746124309803,-0.6639570118030081,9.53524792204134,1.1175517528127217,0
69.17083659882698,-0.33818667189523194,9.572122548885774,-0.26770857297039613,0
70.45701885273951,-0.20582451461819087,9.902402582695577,-0.3927335137253386,0
70.71500197195807,0.1556294406093393,10.211684257434804,0.5065020063230629,0
69.80150110572626,0.6064733769349946,10.466192382229293,1.1902683225071047,0
69.84057720920543,0.136062813111844,9.317818982591982,0.012501931664450947,0
71.63605563487195,-0.18274864885440312,11.492175758121736,0.020538370154287628,0
73.16635290629753,-0.5244015718999335,9.723137987346124,-0.3970880719114055,0
72.0212632479898,0.32105148997343935,9.923585764986477,-0.36463828358182665,0
69.94632540678572,0.3622931450685006,10.835740767853569,-0.04769384556246958,0
69.10584407600112,0.05103366309786266,10.129271592874519,0.20203117213547978,0
69.09301047951435,0.8702360863131078,9.371206886477662,1.2099768354193587,0
72.78732725848789,0.47355662165086243,11.874063479875216,0.44466966089274973,0
69.36662801600765,-0.2615358105538832,9.328923196210209,0.6698762082811525,0
67.03879487417339,-0.7111777989793556,11.532476546975339,0.8103050364770518,0
70.82866178108691,0.4616748194455861,10.77429305127726,-0.14949567052289955,0
67.06272596835271,0.6415449642426687,10.446195565915744,-1.1009735570896164,0
70.28459254531347,-0.23436077478672465,9.884639367924443,-0.2623765774973425,0
71.10241721985801,-0.10420752208739352,8.84504638564592,0.5384075808459152,0
70.97160122520897,-0.7128899921421743,10.40912993549902,0.7101010726772441,0
69.69500290798187,0.09383940108665974,9.235670161044727,-1.400057585761494,0
71.04366138816775,-0.04394295666586941,10.429602650410814,-0.18782321918357206,0
69.47928712275522,0.08114758576985867,9.936678837414666,0.6930233219987344,0
69.15222127671308,-0.7221986984781423,10.144113005683696,-1.0425626253923992,0
64.93205077811106,-0.5483899207693592,9.561411496330532,-0.6367558075794493,0
66.92666193481658,-0.11232267494287071,11.216465857470583,0.6635341181624175,0
70.01647191629127,0.4605600062229916,9.55960666328097,-0.7055975180739822,0
71.35691978567658,-0.5417889825902948,10.334011393355027,-0.02053723530339972,0
69.27450527953637,-0.22902985432761924,11.137218917571298,-1.271491396376667,0
70.53799481266054,-0.14428455559361802,9.258578830727412,0.031154893034710987,0
70.63160662475337,-0.02997223448910196,10.245037789511779,1.1318724848874469,0
68.79820642731165,0.20897484444883924,8.261402415285666,0.3655633064594075,0
66.26611916233526,0.3156809660897877,9.524825220374414,0.1313044864403968,0
67.08903114537907,0.012011559452463036,10.824013020995183,0.4958780867797552,0
69.96549984149289,-0.003236299160373525,11.14543759983521,0.5887922557680555,0
68.750475952812,-0.2899149272283495,9.320133743381426,-0.028519326310027866,0
67.67866286975152,-1.0791859102871475,9.781692764297677,0.20230559326359604,0
70.37285052592568,0.5424951280660384,8.707496393996372,-0.4105247706502872,0
67.11514809839909,0.12291485103426834,9.895417075044074,-0.38465926484381496,0
70.08288399460245,-0.3534437959821688,8.977971145220721,1.2644062938948895,0
71.62069085962123,-0.0920817918764342,8.458557046722381,-0.17143528395275345,0
71.14850234138851,0.08494211612837498,11.009143128707525,0.9815026178697961,0
69.83090342546139,-0.2340420749284163,9.505606780592482,-0.3307793551879809,0
71.80909927179077,-0.21207422431653342,8.319221473132878,0.37197301791711285,0
69.80213569593954,-0.23359449948386174,8.036492209431444,0.936042008186409,0
71.39270116173398,-0.568441075591628,10.15177359326021,-0.8669854045038934,0
67.27879394112347,-1.0493522327375455,10.779334215767433,0.7039329920042612,0
69.38032006038301,-0.02992028707389871,11.754934817892236,-0.6043165142137599,0
67.63049429777963,0.06377208059268459,10.54949940045887,-0.23750783214013227,0
67.1478293131754,-0.38360616358254074,10.68500572690368,0.5718022249686381,0
66.65862052662388,-0.6113031825647794,9.014849416161278,-0.020357454290491593,0
74.4136365874777,-0.14291082642347816,10.062105042877535,-0.6377161868233399,0
75.17062984127315,-0.3009612785960856,9.488251670331445,0.12497469092232516,0
67.35127133378256,0.4043822315446919,9.99167003374819,-0.6741762756383514,0
68.8083836128545,-0.9470179168529426,9.444445156259121,-1.8196990443011547,0
69.09907255727997,-0.24778694487472694,9.411019619729826,-0.4662811359424751,0
68.31604192772974,0.6170159400638449,11.439231476136417,-0.1356482808162287,0
72.28734546824853,-0.15324958940223035,9.697567392396252,-0.6630238041560619,0
71.39493466188127,0.30903178657528907,8.70952811022381,0.12798248030172402,0
68.96595118158557,-0.4509606919430321,9.97430289011382,-1.5350715324029511,0
69.13212058959894,0.9447580061557148,10.435673328081382,-0.9084613856500579,0
71.1067416836485,0.04430777386375662,9.67918885343788,-0.46861386674095534,0
70.00137733236437,-0.29619869613350436,9.826801945760057,0.5916015732758517,0
71.63142861345297,-0.6482317417172135,9.53161006751014,1.2855280237177995,0
73.59308835557898,0.18488385330151116,11.609574085417947,0.9665489993184903,0
69.73602281309903,-0.9981474117804641,9.93882900829127,-1.0257493832884486,0
70.27274941066419,0.8730982046523549,10.248704882322025,-0.6281329075651798,0
67.66133228531756,-0.9814765428642499,8.093976189914738,1.3014132672502359,0
71.71191570004434,-0.06551918127547937,9.847032107748715,-0.04157586917305894,0
69.97653794015723,0.6960583515816822,10.390123497536987,-1.585950908569138,0
72.12132873004296,-0.9649078608424431,9.593806381187429,-1.108849442552932,0
70.08071759223547,-0.6285696103561518,8.622211081982188,-0.8372246743836448,0
71.6276237616286,-0.09286257346845693,10.667189291574244,1.088239462339345,0
70.47668783484475,0.2850513991719296,9.03051383906181,-0.06764882652977498,0
67.70231149358067,0.2769100140542462,10.906220256418734,0.7726682517326624,0
69.94353652812171,0.44772725364949567,9.854668299694762,-0.44918141805500866,0
71.00411032627966,0.36297932260175403,12.203661944668449,0.583304888167462,0
67.79812692470541,-0.4890572495362019,8.698292080124032,0.06189885936208213,0
67.80063034730584,0.6811641206356899,9.70849231528056,0.513403447984277,0
70.30338802398816,0.1719102820073603,8.963490639737943,-0.026790872682690856,0
69.14526439818148,-0.05064247688130542,10.124688889805197,0.5451787702357075,0
69.06888554158328,0.4118025707079058,10.32923369576711,1.3110125700808453,0
63.374808505416965,-0.321339805595461,11.25857662120493,-2.0169977953652682,0
72.96927201567627,0.041103440848299956,7.957770351502877,0.5804726126147223,0
67.8948528578247,-0.4564050066250636,11.464646133092048,-0.309518526425643,0
68.0812911183106,1.0039805602464646,10.929074964292596,-0.2676550998497358,0
68.42103540041214,-0.10197993497054209,11.577292184688659,-0.7860050434356053,0
67.45224361514923,0.6372750158487245,9.717877838129743,0.080365201998001,0
71.04975704612879,-0.19503696202285473,7.575918513586634,-0.16973507039668503,0
72.48209229406359,1.0862239827100062,9.882130592000179,-0.022936108215249107,0
72.7309313497105,0.2978509859714129,10.295416516043971,-1.5833053329500286,0
69.16729925568762,0.10737636368387463,8.485957642058935,-0.2928384975334282,0
73.41702922750059,-0.12857498391845554,8.565639315691728,-1.5096811292275618,0
69.97742487612437,-0.2888616962037599,9.131483092238417,0.18200765532942742,0
70.56961031041024,0.08729013377131237,10.350490180351857,-0.9831959261500594,0
68.71899619363892,-0.16308045283007852,9.946176834779074,0.7916587590206935,0
68.54361513397468,-0.38878530018742313,11.487384193028946,0.12676005080692487,0
67.20391791604932,-0.1554859698620675,8.763810732190711,-0.909571239544786,0
67.33147507397125,-0.3979881150419371,12.05971695477525,0.8083845499472825,0
72.76334122898561,0.5438055147897115,9.865119074877496,0.3227505529595016,0
70.20563981062938,-0.5340371626078201,8.83756837370258,0.7202801581658893,0
67.56321139554875,0.1004634784527076,10.652102291966179,0.6021891837421871,0
70.73852979250071,-0.6003636756001122,10.540397264213913,-0.11061168021498036,0
68.04489754383667,-0.9943769045070874,10.451207699070064,-1.2419549398627086,0
66.58534339487302,0.8739582929922146,8.79862827668223,-0.33598234635855767,0
70.14358765411791,0.03510950363106164,8.980692216891578,-0.5666603910870945,0
71.61130695923778,-0.13939222074336222,9.976853080307698,-1.730082107186097,0
68.85260597333688,0.4287061394205865,9.270797305188964,-0.7612241095131819,0
70.7498069504031,0.29932906572660045,10.333740248060437,-0.4530925916779482,0
71.4992508440833,0.8144846489301609,11.169965390998,-1.2506663928196151,0
75.85898993668293,-0.6628012117964042,8.77408434584735,0.24351575936482855,0
69.8112796011898,0.18067517487464946,11.3116421091286,0.7444099713637589,0
68.2130437635777,0.03603364550862864,11.011208201742518,0.8423295298011308,0
72.24890778220961,0.4087250238232527,10.707902116631995,-0.4108124118821995,0
67.36364453478336,0.21119730387844804,9.545971555661046,0.9956112850841614,0
68.25488022593942,-0.19059443958077765,9.571901068565529,0.7735793046124941,0
71.50289008900316,0.011410296670900792,10.292018430035244,1.2918103410819046,0
66.47467431907783,0.3740183305972794,11.079975731811006,0.9714193798686698,0
71.60500136618802,-0.38695684350305115,9.460959829353882,0.5297430078305022,0
68.82140392403409,-0.0991709842368065,8.494750634268861,-0.9539563903537247,0
70.6933167253991,-0.21300096230929838,9.241250785673033,-0.1502451906193441,0
70.60278184045936,-0.13062445958295682,10.172578451656905,0.07078407820914995,0
69.49699536384294,-0.005675560795828595,9.112733002858642,-0.4012756184027591,0
66.32585617825856,-0.5832146546888829,8.81294876086695,-0.3191068748652467,0
72.26064609531328,-0.004516365215125699,10.150465950583214,-0.7539551536122079,0
70.5742231300435,0.847888142767694,9.912758919933207,-0.6597871801945194,0
67.66825057264282,0.13145174075531801,9.058692168910284,0.5707100697848451,0
67.97536594509077,-0.8280586966616672,10.47995270844893,-1.0349624557200148,0
71.21226917602186,0.5187139678448157,9.407187066889712,0.1666438068776647,0
72.78431615480892,-0.2324150645149284,11.598453936825486,-0.2628458978972697,0
68.12458118372165,0.04877209092544221,10.22512696298411,0.9074912367732257,0
71.7728291944145,0.18476188883758712,10.656183764587235,0.14470331355866703,0
71.58421161996394,-0.2593534910694118,8.918734581537567,0.16684565355720393,0
75.37831345119088,0.40384013321092116,9.299984059522837,1.1151288501024672,0
66.27102464378574,-0.12594897187970375,10.397422340053751,-0.5385896605035257,0
68.81162675278115,-0.08499949960891577,9.457498320604138,-0.6273180707036822,0
67.83155769007828,-0.7800285031912445,9.033588432679919,-0.08124064750036963,0
72.01274242753937,-0.33169813269161613,8.788306578650193,1.2843573567330777,0
67.71348520618626,0.04729614108255321,9.063621119295648,-0.5751384790319987,0
70.77313009719863,0.23057871205251868,11.27101182012592,0.5350092435284575,0
70.30806425113421,0.31228609350669206,8.969757582071212,0.9684156959613328,0
71.06533174337238,0.2448960825369208,10.598507763959796,-1.1837693767626478,0
67.73213747202297,0.06614178953208197,10.14493681769826,0.46003101246939127,0
70.21315455327502,-0.09225623763284181,11.257785023133383,0.279656255214028,0
71.49332033019269,0.5976036513182593,11.263960637382308,0.2541514227465058,0
71.45155632387605,0.13300198142649847,11.072523319273731,1.8244993582655145,0
67.91021110989055,-0.3763672406814598,11.583684294551366,0.14890414212421607,0
69.14019383853996,-0.34706294644423397,10.937429528269691,0.4482892709930575,0
74.01549405628464,-0.04559798028932111,10.901578644726763,1.3231118619158506,0
67.1321673360697,-0.5266954527350325,10.271423232546917,-0.4580529830569746,0
69.15703429467678,-0.3304610294229494,9.8520776547362,-0.7232199398828864,0
67.4405125304199,0.1925886807307999,10.124823852766353,0.7830964794325734,0
71.04389799738773,0.2119766221013279,10.752890952424874,-0.7318859565072803,0
69.00309351080084,0.1374318037917616,10.934876856645356,0.5172439099807072,0
69.57604460647477,-0.0931440986931343,10.249862059664794,-0.9251074496234666,0
71.69712287430215,0.38614570716051194,10.9290418140262,0.7947475264006979,0
71.99577403869003,-0.9420285706441218,10.22527497826562,-1.1438909484336326,0
68.09460559523097,-0.06640326350586924,11.18304760291107,0.26492313716285776,0
70.46286983082689,0.8928114247170228,10.241022483652102,-0.7597778388552996,0
67.21224695889407,-0.43646528916032784,10.111897862837548,-1.2325180037536967,0
70.87648210951757,0.1544470565164117,9.279983242501304,0.08330400977175446,0
71.03296875777761,-0.31596943891287155,10.73280369155437,-0.5733729230830134,0
71.17503431205961,0.7288193899734702,10.322050163518869,-1.0187750142583567,0
70.17742416948884,0.04052861604780933,9.13878819990035,-1.0075947437207315,0
69.23674709554949,0.43417771622773454,10.81788598736634,0.9599108083113874,0
69.91029937148812,0.98230765157616,9.15384790573246,0.352651095093345,0
69.51679459372065,0.7457020088791255,10.032252162134316,-0.8256675314031212,0
70.48368635167982,-0.560998836733476,9.127752150802092,0.7410899321263831,0
69.9593763299051,0.4277958177087358,9.126351312845662,1.0374287924615915,0
69.64935700556599,-0.9786841405921446,9.104289591382658,-1.1179641920528833,0
67.07236926295802,0.255247453804731,10.365658251284938,0.47264844325628436,0
68.52543087754398,0.26585435769642096,8.531925836772263,-0.3863115174767713,0
69.68248194315132,-0.28515797470239834,10.100460079801634,-0.01819238053064444,0
70.94223479479565,0.1517600379864112,10.95528146873287,-0.3841940419222971,0
71.30303170061708,0.13873902010616482,10.243089329366716,0.1069748293017973,0
65.68704163298577,0.9587416929151217,9.084683515516003,-0.6371578097667133,0
69.35540285562443,-0.6550014638122719,11.745884048196151,-0.49576049459504823,0
68.63236936674275,-0.4148390391016167,10.437039195925228,1.1166726094993982,0
70.54550054764492,-0.387095001769085,11.322780699244987,0.22685145012491523,0
68.55516361847413,-0.036008301806982786,10.13133848778813,0.1896607609647016,0
70.00323380218643,0.011958384935142735,11.862806755367458,2.266966766785162,0
70.34602916323595,-0.458606202027833,8.949769421050986,0.6505046166283664,0
66.75187248058342,-0.09090275507791697,10.39494439215757,0.14533787714108498,0
69.19068514804846,0.9188853211647663,10.796254159227233,-0.3766742396570888,0
71.56651717060986,-0.0919743863155879,9.48374113498336,-0.32606599642698586,0
72.36504133180536,-0.27952557418861446,9.92869473881515,0.8160358510541373,0
70.60822069791021,0.12020398715984106,9.334690616210073,1.8646820780343,0
71.6365917929488,-1.1842749904377199,11.304184179803073,-1.0288552091693155,0
67.25592899598182,-0.34896752181322377,11.257856901112751,-0.21793499966019447,0
70.42124259154802,-0.8350038157995262,11.075498317321793,-0.21378884986406047,0
67.42142078457654,0.1624097789789598,10.489872073862319,0.06801831710702036,0
72.5828455743064,0.29181493645439915,11.502220180564237,-0.043829964593154164,0
70.21911312794637,0.43208934048012054,11.158649094104746,-0.26648244906871604,0
73.77167589746121,0.05767716034083068,10.004837358754509,0.35347242222100855,0
68.28857134102522,-0.8230016139438088,12.05576470911694,0.8514072403626773,0
68.15209751478832,0.06854851217217199,10.623526096079297,-0.3903690118003734,0
72.86624587673472,-0.2472563415457052,10.992398162733743,-0.5043437615723695,0
71.01434547835575,0.7749302502867776,10.474428240567336,-0.3904653492847461,0
70.44333312002217,0.36242794794202104,9.57194712405849,-0.31594004794003605,0
73.52401659420094,0.6984792099068075,9.336738001449827,-1.054649618011255,0
67.43315647077537,-0.5573926336496384,9.716043556369243,-0.06057400479212186,0
67.2324859133919,0.07729911386106839,7.0967906278924575,0.11186418208028431,0
73.21564844280799,-0.6075547439789281,7.120321458478943,0.13323935780253002,0
71.40134854687106,-0.20420850472391255,10.22873349870284,1.0328569370345366,0
73.37873670183562,0.29900788900375636,8.763999387910381,0.1355327265534404,0
67.9994255759618,-0.00777896878949537,9.758606875890287,-0.4567637343603701,0
73.06231507576996,-0.1138347814095772,8.51904581363305,0.3036354691041515,0
71.37221621009583,0.02552458018584949,9.225138786366262,-0.3459184993511547,0
68.82237088452534,-0.25233857882016797,9.298216227162655,-0.17683224293351027,0
67.28839666294802,0.12338697881004203,9.217639887937729,0.7016748530857629,0
70.76250240569007,0.7528860514725825,8.635716520268383,1.1289640832779688,0
69.76685999103009,0.30945240179722733,10.889752859280728,0.7689484004937968,0
70.12317990504164,0.22728740911228476,9.908314179636683,0.5821113220654119,0
68.21645048970578,0.20227520861680554,11.539396926446337,1.6051621169438233,0
72.13618100710988,0.7306779184467357,10.523607473347024,0.843050281224484,0
73.89007893211262,-0.027126930920816437,8.412255819012298,-0.13624949156013677,0
70.37196094546415,-0.4119644454682931,8.802143286667151,-0.39438678087766454,0
67.53998365161948,0.45633137334480645,11.704676983482628,0.5403040942491966,0
67.21082087355408,0.10353723658849737,9.141716882833329,0.22379114152843171,0
68.35371879205326,0.4914245493402947,10.702324162974598,-0.2564799561525472,0
71.00893430202157,0.03159941227219536,11.727428963249475,-1.5212572579309267,0
70.82578577465252,0.6215032845730398,9.633209480777156,-0.39927200846662725,0
70.3546015244543,-0.4598675070620267,9.463415531470533,-0.8193507016657734,0
69.64494388579013,-1.0459878121103507,9.397225579063536,0.44676599314742327,0
69.24291709026838,-0.2059485701805787,10.898965960130646,1.2622356718230918,0
68.52554232343441,0.6024726855015162,8.249509648128269,-0.676660300014917,0
71.07159072158748,0.12883756115304154,10.11910952930092,0.6918854244744883,0
69.594560277589,0.38125226300538717,9.511019699037487,-0.5019910037203207,0
66.25019270803905,0.3381796718121176,9.132182116144902,0.8060249224158714,0
72.01937136877856,-0.11109507526879742,10.08725148714624,0.15825323894031687,0
69.58991448048229,-0.729299262495359,11.445744564245944,-0.4542562154520381,0
71.05893956481584,0.14567949822031803,10.289660255632441,0.17514885077053094,0
71.82416591330359,-0.4353650825345792,10.992072265557537,0.13268986536417818,0
70.07845715506498,-0.20754799670538318,9.954593983153593,0.46332715342478137,0
67.65609900344302,-0.8602894851278995,9.725228344533985,0.5616741200427947,0
69.40191188993063,0.6855916743219104,11.29602537420171,1.1220092509371138,0
72.90458080534724,0.13177528684018772,10.56694590439366,-0.5456762999296025,0
64.62898863416225,0.2026957788726128,9.228263162347215,-0.1609364129177793,0
65.02918309808084,0.44876925887372016,9.798250808407513,-0.47259925506968403,0
67.69015503300075,-0.4063031254089303,9.153100339954456,-0.7768308445031614,0
67.17393224136968,-0.10490308167369188,9.661861012899456,0.6875039415531583,0
66.49699426442938,-0.22290924126978817,9.108648828017015,0.2727311667920117,0
69.89523464169902,0.4245116059969163,11.838180573078631,0.0008532533889429581,0
71.05999127406673,-0.3748142118208154,9.873169795104209,0.01988576350706421,0
74.2777218062856,-0.5697802393151546,9.865944894084262,0.015560841283848307,0
68.49134015734657,0.17622194202238242,10.01417366683119,0.09562402561377464,0
68.55564855417705,0.36729439302473094,9.069547735706227,-0.29771699006744545,0
71.694713038757,0.6989431043484694,9.249769380832666,0.49827609456478456,0
69.82933149504902,0.521993623422258,10.111461195229115,1.3576427511339566,0
73.06522356669012,-0.4866205209143894,9.673213249398724,-0.6004010357859361,0
69.83836961678136,-0.9086294535354358,8.326315906374436,0.815841496920198,0
70.68147992573583,0.3767416947922257,9.095319065487546,-0.8408778528568089,0
69.61286988295618,0.6914200915706861,10.075407638345121,0.14639256812896134,0
72.35555259841782,0.18983739520693846,10.18196881674431,0.34191645295609446,0
69.61862743799256,0.7866934672445908,9.895639029612838,-0.5764174408504149,0
71.3632093196802,0.47333686525759416,9.528246282020287,0.5791862560898839,0
72.15307433178222,-1.6758624737261405,8.27532470450554,0.32040530894583896,0
68.13888452791949,0.8432159583072917,10.324061458161582,-0.08128423924779227,0
70.12353026719848,-0.1899384842482947,9.358112815041675,0.09746650524582853,0
72.00584118671831,-0.773535805170683,10.240785094388348,-0.35969083578050315,0
70.17217373250196,-0.3758949554321441,10.143841330493139,-0.8577363738647041,0
69.95941913399292,-0.1301514076808811,8.334742614445517,0.3346154092957383,0
64.3762854252387,-0.18784276610760273,8.509412828211781,0.20560673388834358,0
69.32790093183203,0.4084805391710952,9.797893274703865,-0.17037566783059696,0
72.24119949219323,-0.2324100228473178,9.970308749989222,1.1410074493557454,0
71.32381120798875,0.9914425266891127,10.459062211614686,-0.42371422333940034,0
72.14810050771759,0.46116886195058626,9.726879079052717,0.4320841583427737,0
69.83516001679484,0.24903687715082376,10.032611121722903,-0.10392750326154342,0
73.3775499564535,0.22811171692812374,8.66947565651508,0.1667322839784419,0
69.40167395414225,0.15650886580562698,10.23992777418384,0.2929996383956022,0
66.60319058703134,-0.7839548360912075,11.400590832261623,-0.02131234052243273,0
72.67620145677897,0.2638029112971254,9.466901623772713,-1.3508195622866497,0
71.02389553855997,0.2586494715196332,11.751180146373123,-0.16201408811586215,0
70.15226335725316,-0.9040341749825173,9.393132313797356,0.19675582405111175,0
69.29840715412053,-0.43697759856919133,11.417753144056176,1.2821442693524334,0
67.86370200326157,0.04946216205107311,9.57150610459012,1.1878551518406488,0
70.47490864575049,0.2986409793475915,9.064965069172734,1.0619985966229146,0
69.40209516616147,0.931461494835838,11.092455604896674,-0.5207674316990426,0
71.05383805399859,0.12171066744748386,9.778700712024724,0.5998983571804705,0
69.94905558077224,0.01406540426068933,9.368458478683278,-0.5955268064416889,0
70.15321889259093,0.08933864596520626,11.075874496933253,-1.083656167858711,0
70.2249698946401,0.7969409749259765,9.32196444176861,-0.8347621979544337,0
68.14684087610206,0.3957329695097692,8.733836732433629,0.015599437262778052,0
68.66161982561941,-0.2877374768101651,9.693704725495287,-0.2996468398365584,0
69.26487574711507,-0.02698176043453279,10.268949392105247,-0.36280815732246813,0
70.941212580356,-0.2398026060153493,9.545906417142286,0.03348702974954423,0
66.56754029674165,-0.41048413548026313,9.332010556634863,-0.8182449182021871,0
69.53686281401727,-0.3666194351184106,9.088790560970553,0.8128057879549279,0
74.1649247762563,0.4969681092411695,10.298108902131604,0.8991870348496088,0
70.62836487399534,-0.1303444574476872,10.111514010717475,-0.26869253838154394,0
65.59036623000975,-0.4206858030606143,9.170993289982038,0.3868761565655765,0
69.03795072884026,-0.8998756547606813,9.971417244333876,0.22934789243687226,0
71.53860057404889,0.18214969093026018,12.390590762304575,-0.6939196611649997,0
72.63433957060546,0.4605113817263284,9.364623817716609,-0.10247278622277,0
68.50773423704668,-0.06195562137336349,9.556939424018383,-0.3558992568221799,0
69.98951343142211,-0.5179021584797368,11.124538869905502,0.702492300384297,0
68.60944702365123,0.43134381353017354,8.948599316010789,-1.4272128551681473,0
70.62978930615935,0.27327213366684505,9.260654887770997,0.42095290162735677,0
73.92096931992549,1.506188466627722,9.127057445027473,0.2613208828923654,0
67.54286330400481,1.4157426371233162,9.564164364633958,0.6879927678218482,0
70.18891753058234,-0.528530949003211,9.793164381128022,-1.0829045534625172,0
68.72011226778199,-0.13405779514318397,10.224945261080526,-1.8173835837982404,0
69.86878417025756,1.2764981107860272,9.048266512558774,0.26068209162457767,0
69.15369200040453,-1.411108612897678,9.004583232204224,-0.5467855313772361,0
71.69397531565134,-0.017539938184041388,9.779693241508475,0.5385795910205675,0
70.25827570986506,-0.08246822603223808,10.668218394361023,-1.100992786552715,0
69.58751742209698,0.6266632332051899,7.859870418186674,-0.6325217602478118,0
70.3126305959403,0.11456333041742219,9.663673217548615,0.3439363857347772,0
68.22690035179848,0.48972498598738096,10.19469567734289,1.4521478381621291,0
71.69319321511293,0.2757956850515347,11.41609899195952,-0.6425858953482533,0
69.41354572827707,-0.8750950482053037,10.870487226019945,1.3233332024096471,0
69.02902522921883,-0.6085726054957054,11.124836948777293,-0.5898449040722631,0
68.99115064311448,0.769752894321036,9.641261002634435,-0.14915715589720455,0
73.22370383032691,0.2954403109895654,8.935968134950103,1.2042388272644553,0
66.51728963349021,0.5037438181606883,10.490182190321557,-0.41871692724644793,0
68.44220341556905,-0.5562014749123613,11.729000112160195,0.09954642205404189,0
68.7387563490982,0.28695807506089016,11.204611127829525,0.25507847747571727,0
71.39396721744,0.47700571200959163,10.058750984371507,0.2532724138951858,0
69.76924945794032,-0.49617413373907476,8.732983464563253,0.36049603671190306,0
68.58319477187197,-0.010528317669882601,9.752282865813587,0.7762272366684134,0
70.55992668733474,0.1532353295619491,9.71348419671974,-0.11040431584653675,0
69.32019479791794,0.12480114870767385,8.27590498571269,-0.01580026081980419,0
70.73511341521537,0.1966308857470976,8.92250852043138,-0.336885418182611,0
69.23845006830678,-0.269985868218068,8.783134400523554,-0.8691457996701708,0
70.01818898734945,0.19274156659401886,10.147993074170795,-0.6971863481454215,0
70.76996693778288,-0.09939618043992345,9.504471772468479,-0.740228080478786,0
68.98128873127662,0.3584880174751383,9.816027277369608,-0.09851148167856152,0
67.99794535791364,1.3952108440937692,7.735050403160165,-1.6223314110753635,0
68.95031961003644,0.09970690628394359,11.77353261144876,0.4110236080951688,0
70.60164474881033,0.45982149848449105,10.095078399191596,-1.5640765494947686,0
70.50968208165476,0.10864993822884532,12.16965766695124,-0.5767691239912798,0
72.51475128250563,-0.6800904924820289,11.532782426695423,0.10607298853150027,0
71.67397320088232,0.3519060023488237,10.677808070600742,0.07803575062056772,0
68.6880373284116,-0.07984613681635465,9.234568299287467,-0.09015813374178105,0
66.78227704172184,0.0861182514363205,10.977283621653811,0.9615258030702315,0
72.62763246539737,0.07623767146929547,9.845847291422444,-0.2041933224494372,0
70.78471870544027,0.35855340846591044,10.338141414133524,-1.0763331280608044,0
72.75610589726286,0.23874078272364102,10.990686242895775,0.04153993679305794,0
69.47801301641567,0.9687736573864808,8.930167140280815,-1.350511330567508,0
73.99159349197285,0.12019699090526885,9.57163055502581,-0.468028600544343,0
65.98783921066212,0.9336354651593954,10.705630232999319,0.4079926244461824,0
71.64934537926317,-0.45733254233438697,10.458394297678009,0.8685708781505364,0
65.59015266670512,0.2979820313061706,10.747076157172831,0.08118769910311711,0
68.22886644142608,-0.08278092352386035,9.541813855287637,0.29027386319623705,0
68.93581435039486,0.3822100680371171,9.481662791765336,-0.41587507810490465,0
72.33706705101008,-0.08036771847652914,10.53161561017845,-1.0379283242448283,0
73.0417547277219,-0.7260864136803525,10.096933483864472,-0.1796376396158892,0
68.47388443098875,-0.13719464388878486,11.235122051510187,1.391156796092571,0
69.5267155722449,-0.17873273840806608,8.122064776062782,1.372093815632001,0
67.86785294084872,-0.4549575704701944,10.104810567696385,0.5872447704703966,0
73.04652212547224,1.087304875031559,10.753835989857555,-0.38412703158041456,0
68.6863948176809,-0.0892502027673185,10.804447512925735,0.7639127324094104,0
71.23385372130696,-0.9472248223774594,9.433834407420857,1.1653507609519875,0
68.93382638127882,-0.04016803394450016,12.726798808030312,-0.05914657366733043,0
72.84686545347553,0.9193555779104503,10.758175171014877,-0.34792625441473807,0
65.43994622374427,-0.4294684114763759,10.643314728742903,0.4735686879702244,0
72.34454141381417,-0.5529310769568776,10.199447403385092,-1.6400872854589583,0
68.23438285172833,0.2646517894577957,7.817755659938784,0.6533647427792078,0
73.66128717716381,-0.7180436836158657,9.741129465405091,1.374778009536695,0
71.00127198193574,0.19866802615474996,10.107507895539632,-1.097443451222919,0
69.72632823331408,0.6433331361923477,10.086975606398756,0.5773549295709205,0
69.27650848926643,-0.43571986850030764,9.568782216199121,-0.8424263182550441,0
67.2753832242663,-0.009949518786756956,9.771224003005246,-0.752315531386477,0
71.392138390259,-0.46579336616425693,10.42558765523419,0.39870382956885375,0
73.3319177715922,0.17102610946626182,10.789590324487012,0.059767713440127705,0
67.18562651214478,0.42786131396317045,11.679387969743912,-0.09942438676792097,0
74.18755329837367,0.4619308893577416,12.00098061093037,-0.14495180309101566,0
68.23065834515675,0.027988717912107657,9.273762202775297,0.15876466867201014,0
69.51672699994556,0.08225593320580754,9.909954596179837,-0.7794031716548453,0
68.94118769723814,0.634562534391383,9.936496818743004,-1.072661040982318,0
65.9663952052367,-0.16121268755947865,10.27879935611169,-0.9441747791594532,0
66.42535151095584,0.28040871933257683,13.194113035902722,0.6975975339611026,0
68.0067792720091,-0.05882799143207608,9.881152894907967,-1.017420565536898,0
67.1917044894661,-0.07138346539029655,10.790163431215055,0.20230239421549023,0
68.63340389001448,0.25470964763447895,10.521258590402352,-0.786142985907582,0
67.56434625437323,0.32258834052027074,11.136218677637162,0.32432941221659894,0
72.35846148840064,0.7334977912316973,8.471652448027266,0.38289899542697287,0
72.6319251891622,0.5667883154668336,11.427219996875797,-0.47006335561866114,0
71.36345948812956,0.3881404455805507,9.4018290526964,0.15254657629698992,0
67.33656650463979,-0.4244203270513245,10.327569663781725,0.8411325245437768,0
69.99841352439164,0.7670522021031766,11.489324193581286,-0.7862647263315381,0
69.79724626066962,-0.25172444069591904,10.823252135321242,0.5745222977749335,0
68.41258517666297,0.46204326633610066,8.679336723204207,0.9422790857344486,0
65.12165565001646,-0.08955914606044198,9.292079873532785,0.5407430443256044,0
70.50510014045739,-1.095765557872672,8.654595029645964,-0.46971923019627,0
72.36755450641749,0.8156314767105763,10.682006587848413,1.1383599194509315,0
68.49378459487829,0.20830291772359477,10.126981338452435,-0.8638479105923603,0
69.2992158659185,-0.17842415342576876,10.456086709315974,0.3963142319224889,0
68.90312370337949,-0.2659383995335622,8.099374161756666,0.4042512419215163,0
69.79317788529698,-0.014495233297317583,10.545804978064998,-0.3962989717505854,0
68.07233795242209,-0.30102241334104773,9.656337135433143,0.1741095079924843,0
68.78831829015935,-0.22038163008098136,8.670409972342448,-0.32606984814578227,0
66.50588413032932,-0.3303842590103662,10.539964342167032,0.13711878101583055,0
69.68761394843945,-0.1122811486074098,10.900279885168226,-0.9427452486051089,0
70.88448545040947,-0.35823298471250536,10.278239726713187,-0.12167115247362639,0
68.91354680155787,0.15615623633779946,9.353781820626512,-0.9703493669589331,0
69.03396086221713,-0.6273506538675369,10.14516705846978,-0.48632092583807884,0
67.47224765876304,0.18214128543314703,10.40181012096838,-0.14762715740941199,0
69.41544392117072,0.4566475963388845,9.7288323088816,0.20645248343246114,0
67.73001471466237,0.2787928853012081,9.857061140612487,0.4145899977929959,0
69.45375507111211,-0.3764863843992581,8.797989194061444,-0.16504424917423155,0
69.08120373404698,-0.6486004719852425,11.250897190245364,0.8205024431409745,0
65.93074754400715,-1.069490473763183,8.480394998749887,0.1252282847366072,0
75.3594169112672,-0.5909181109769926,9.682763911479277,1.066331883975536,0
69.00934999710289,0.5579386247903759,10.934132828306566,-0.023370666395675935,0
71.76412516586795,0.4679575182395727,8.597114150407515,-0.13967333780389776,0
68.7417529017124,0.014825534603403011,8.7862884739877,-0.7971679242545644,0
70.11155075172636,-0.003655264542734061,11.385582920430734,0.16833733786835262,0
72.8647002802238,0.6551795696454689,11.13784691870631,-2.8278610219033307,0
68.4540153704292,0.2317273950100394,8.676815361509671,-0.42230875739098617,0
71.33715719855574,0.02376873340952459,9.651125870500588,1.3859743460598173,0
69.15577427476666,0.5556649660509382,9.950318790551492,0.07932535149514885,0
69.2829344974939,-0.42030210322902106,9.778387341165146,-1.0925430475774034,0
71.22226729558771,0.056535594924383016,9.559909450652658,0.6355389493633916,0
67.9155430350575,-0.9838092729042797,10.421430928663113,-1.1019542824905488,0
67.20939280528678,0.08148140892924412,10.966305438757578,-0.6228553908464607,0
68.21559497394908,0.7531312761662703,8.587508030820588,0.6783486342765093,0
70.85970741050134,-0.3628710338137424,9.863596749475738,-0.6879701035348371,0
68.66777486527504,-0.07639492017513586,9.293085138660647,-1.3180606184716916,0
71.42471436279511,-0.30216179089457945,10.796605542609552,-0.1231740471457789,0
75.62557630096605,0.2790434130888139,8.653651955827824,-1.0977243178579772,0
68.20724394341764,-0.2142880809427007,8.34741208909532,-0.9008098891151127,0
70.03025358530294,-0.7815267873999534,9.90004273617419,0.1863964415382984,0
67.99024252560649,0.30197905223707,10.085064197012485,0.8746682966033825,0
71.32941989697477,-0.10631329684100471,9.842474013808806,0.36945242679850593,0
70.75551943211188,-0.8463991252427879,10.926539415472146,-0.4487752085321051,0
72.26806725512634,0.08956845025893494,9.350411865100051,-0.00017732713743130615,0
72.88095512491418,-0.3747850195426255,8.290415081614336,-0.2045473795774055,0
72.51876935516624,0.794081525274494,11.032735893290385,-1.6962014520896784,0
69.52574669708525,-0.23903514231023798,9.82354878591626,-0.87595411564571,0
69.44994233802363,-0.5920497741081059,12.32009712631064,0.047940280868807215,0
68.96497213064363,-0.6197581629682571,10.957885366328743,0.4667900475932193,0
72.32395815195162,0.1733144257285937,9.531512419818046,-0.5823266065812799,0
68.47126393415297,-0.20254001944431207,10.685302866247508,-0.44128970533965,0
70.56853001904838,0.37646921807463635,9.545926245698533,0.7827918680035745,0
70.84055719212142,0.19157642058335547,9.974053123233887,0.13873798483635505,0
68.27917913202002,-0.41923646326349956,10.250256501213611,0.7155044727019153,0
69.53904298176839,0.25107232493922177,9.769119781744841,-0.6262523720464084,0
70.02499759551627,0.1921326330111392,9.311240534323655,-0.47519151168812457,0
69.00966465701606,0.09151944970990247,8.524986165091306,0.21945187900924235,0
70.52317950838399,0.10268053538012745,9.437818240738919,0.2239636823252933,0
67.7934251951786,-0.38060594333465847,10.79904012724808,-1.0629031791367174,0
68.71095593208253,-0.28887956092426875,10.649594832831259,-1.1520741016237486,0
68.8220355731684,-0.5426854192778958,11.65610456629696,-0.22110384392539928,0
68.96129729131678,0.05685431117584331,10.864011375022603,-1.6583717807040674,0
67.83814598446307,0.10917951743268023,9.370184731047424,-1.153934756808597,0
68.58210477487616,0.07830742971178824,10.325682692959026,1.5680569860180287,0
66.72162658164274,-0.7405373753130858,8.792190572238344,0.7783364623006289,0
68.2081248720134,-0.7594395468793577,10.812356384579406,-0.5920677301207443,0
72.23060802804714,0.1073372663757018,9.338149733295625,0.7150633548536592,0
71.63176615520145,0.7509771132987624,9.58637214127694,-0.25481511248957095,0
72.94418804044219,0.5557717904821379,10.257166359472405,-0.6800137759238294,0
67.90548675919408,-0.71551308817757,9.0092327736624,-0.1654182322171961,0
67.6163835550707,0.3603369731000847,7.421430978535225,-0.6409933332478741,0
68.63961917862845,0.3043588262739114,10.522668304306414,-0.9846022121139475,0
70.45746237637194,-0.5222053224307333,10.291442886897014,-0.9758354604619455,0
70.2561595730496,0.7342752281176713,12.040195982473591,0.8693678876971108,0
67.93684523235159,-0.2595024988781036,9.066800568690113,-0.4881391228899027,0
66.5043617321174,-0.31517089171865975,11.11778393681541,1.7874942413839006,0
70.86935319136592,0.10161794849301131,10.67299063780576,-1.2644433007573692,0
68.3084950139017,0.4025875279850261,9.766946602828144,-0.29446005409505077,0
71.70842400015945,-0.9533744162820226,11.16723606694669,-0.6496732472191322,0
71.12667153671588,0.000326240631924835,10.728466445198743,0.7938696631994007,0
67.97610712274198,0.418670309958503,10.50645515332704,1.1403506008115607,0
68.94375572688786,0.5937830371400191,10.728657341359586,-0.35367889014726117,0
72.00227028985044,-0.18615953978456926,10.91319523622937,-0.08028107133446025,0
70.21623531448117,0.03396821413221158,11.013987961395358,-0.06937535117108011,0
71.16140320510964,0.29982866960271043,9.140759522036612,0.7391984297800764,0
72.94586095238768,0.2553958651467106,10.405764047391319,-0.6814434587961369,0
72.57862092332131,-0.7669311667859795,10.144134896544568,1.2398808753012116,0
68.62199467746571,0.2697683969096659,9.273687975857964,0.5267848809738268,0
67.16990998875012,-0.20612705674353599,9.36222426622753,0.08123362292711998,0
66.59757595339225,0.7537650937363937,10.310065639931457,-0.3910708423964874,0
72.97802566822432,-0.011901318198455479,10.256495358075362,0.2306302701056914,0
73.18164007704178,0.0787588917928661,8.932285687849575,0.07153939955781674,0
70.83966506755509,-0.012918643089334691,9.350363772141506,-0.6465596072757408,0
66.60610941760284,0.24056841245608082,9.165503637875663,-0.5140191991226246,0
71.01903785027048,0.5396071628842052,8.964415861992382,-0.2810334393021806,0
69.21211184484899,0.2529251494311768,8.95999876557499,-0.6418004265580817,0
70.84007814570529,-0.3016232692729376,8.971417137130219,-0.008938655761409777,0
68.16733644254047,-0.13675807130136838,11.283797655099937,-0.14134343198498608,0
69.72584218109299,-0.23526613625394768,8.478770698679844,0.1418463665633204,0
72.03383080134023,0.6312986327340203,12.853421085553371,-0.23636197860900068,0
70.40350876204336,-0.5500077770693292,11.851984969914115,0.7932375501335774,0
71.92151137260434,0.2983193485936808,9.867306579048298,-2.0302989387699446,0
72.50013026715334,0.3338693709175689,10.257650430641418,-0.6611516469350609,0
71.73503931560563,0.14934479970257697,10.200557922554825,-0.8855349472768245,0
67.75602228187837,-0.04472976384174523,9.893865091356796,-0.8320371617005103,0
73.46917803357456,-0.21930996724991367,9.934594461452113,0.20808110814407588,0
72.94425245934985,-0.38756954148684586,9.81429122015234,-1.0196129159718843,0
72.09774750018855,0.21306257266396886,10.158495410348992,0.22751385120094178,0
73.63194531277918,-0.05503634820020129,9.416119522136444,-0.4631124428531072,0
72.06193606688824,0.29407053605698336,10.480175187876515,-0.5187512809325855,0
71.09298277916253,0.30044006416132407,10.106052993263797,-0.10541328612789194,0
70.94696632586022,0.19976334238570295,9.520096526193235,-0.24967733806434633,0
66.56960374936008,0.29872915303997244,9.890261331239083,1.239632341187273,0
66.43133377862117,0.08479545667612318,10.59298689544242,-0.5588825381462109,0
70.96597106221726,0.14159531705963174,10.529512264623062,-0.1866658148921835,0
63.6464597517583,0.04044542450458911,10.094086919646722,-0.5849456167850571,0
67.34940976103637,0.26147009922702064,10.396436569536311,1.2634107363718854,0
68.38699391877392,0.5927597757590626,10.017106773806503,-0.39702174515858984,0
70.9984307059088,0.43825097216295195,9.474787713473575,1.2563260280582411,0
70.03762284318684,-0.616532058241493,8.861329731338284,0.8575741878510901,0
68.89414206527131,0.04451878710315768,10.10595376750041,-0.08994837298077618,0
71.95873141240904,-0.2409526743955674,8.890310247917089,-1.8411261678901825,0
69.76304535565687,-0.1320305541464283,11.238257316228797,-0.563282946234473,0
72.04643235217914,-0.14451865887624646,11.720685930139235,-0.7789684002717138,0
69.19769619337303,0.33931398635368165,11.18843592517504,0.6751537098466911,0
67.32976195639844,0.5441504145762769,9.990700100295374,-1.3024996650366945,0
68.88237483538033,-0.17419089746809402,9.200786538571961,1.0447339283921264,0
71.07376275564721,0.5696909166734464,9.119795546789234,-1.3360550170100303,0
70.9043328795587,0.017023520560827635,10.863234412466618,0.5281205270203516,0
70.31176090135452,0.4005898272099592,10.076673060355393,0.16413250449772465,0
73.95692726822062,0.6448441046226299,8.948065756647301,-1.265575477232538,0
72.71457659265718,-0.2182020832008793,9.868353168707735,-0.39051459979865866,0
70.65420129147753,-0.20695174713342582,8.80965273061107,-1.4279919153924452,0
65.21618581571873,-0.5270986553608176,11.22470671683055,-0.7501556890642428,0
69.95298219065388,0.5607469033858945,11.313876591612088,-0.445613134322022,0
71.42264640206791,-0.18775444176066455,8.061575839642314,0.7659509025619726,0
70.22025896318092,-0.43852985763498603,10.206001112951578,0.26691635284751797,0
70.33301503349085,-0.48409615040104265,9.825321387273355,0.24444284560329357,0
71.50764186439476,-0.10794883448591684,8.916777034032513,0.3394872741268146,0
72.47393346476042,-0.2977747093671848,10.505869317492275,0.838615803483425,0
72.11669347593244,0.6723178053844147,10.283354595976105,1.1261671799188462,0
72.70460719535166,-0.41370835117613025,10.310029780267934,0.18814683368350577,0
68.63094437872168,-0.16460309938071702,7.992020952383482,0.5682968054858459,0
71.69778902065757,0.5754441937249861,11.348682230549347,-0.4839529919026723,0
69.68003463579021,0.7718029508121294,11.079665120514848,-0.590030903974736,0
65.27920157059172,-0.11442786982687861,8.931504756008898,0.05011649496265394,0
71.94176077198594,-0.7235646916769963,10.274819459011024,-0.9726143117099941,0
74.96480874125216,0.025796835230912966,10.475173116341423,-0.8352347673656194,0
65.73448884904,-0.47942365713008556,9.043270908302773,0.9380982958720889,0
67.7048753890419,0.4134994281120509,10.42148035642076,-0.08923527298349396,0
65.02709573404164,-0.2748305449656929,10.970742626169796,0.42984332148071513,0
70.29915494147009,-0.7184526019255397,10.12603613518464,0.2029636376808951,0
69.02775627915601,0.21656758475066026,9.28971005194436,-1.6062072004967858,0
68.713548808285,-0.3451548111423811,11.21900533338698,0.5755974617516991,0
69.8988770751431,-0.2733846429829673,10.558236642072146,1.1953081701138044,0
68.06587940071829,-0.31956069047182656,11.150761723662498,0.38467164682503646,0
69.12309029184017,0.5776329581088049,10.551599601794875,-0.754249603282154,0
70.54932923946025,-0.0035959186557699857,11.652670379191978,0.4859171256919912,0
70.96701942524375,0.06665045307374717,10.5209648422456,-1.1113156239053346,0
67.09118469293398,0.1946723388720821,10.399724286619982,-0.32278569468970764,0
66.00382565839548,-0.5438925269537037,10.537815394524305,0.1015167468593225,0
68.71727829727918,-0.4644944849373051,10.266481251667987,-0.12067878401290087,0
69.68131529127116,-0.2521758810940216,10.150255312461013,0.22616313440009864,0
68.74732936080039,0.8313428467638068,9.41122105267144,0.13305126457525937,0
66.89686552360608,-0.49948514616874085,10.920462044784,0.5811164350349952,0
70.42934772593316,-0.3362686430010479,10.353634214348634,-0.7943526880852703,0
72.14008756018819,-1.3144681267380123,9.614997374417845,-0.6377924912646098,0
72.58974365899078,-0.09898862012854542,11.237378932836549,1.1565151281893535,0
70.90952498134254,-0.818988730765587,9.246151495261433,-0.39933100300329777,0
70.80099610928107,0.18981928451734992,8.670401753472444,0.627666440692674,0
67.97059243490745,-0.1769445852452986,10.2574050999453,-0.10382497193724503,0
73.13770854752768,0.5696776138120277,8.680964651388852,-0.9005795661153702,0
72.29956442785685,0.056641257863961174,10.628363917178136,0.02006580076394076,0
72.46110447878858,0.3858250191715582,10.786463028347935,-0.5413735099190353,0
71.21485963653217,-0.8051072066515812,9.759241100528033,-0.5083509979796772,0
68.44658673172142,-0.4683931639216846,7.992394883059763,0.9907270002565061,0
69.57442802274699,-0.08862340772946606,10.501232414683225,0.8521449708404556,0
72.6736545289808,-0.2157976386114259,10.18797902491801,-0.7242700885307346,0
71.46558820532051,0.010523769943050971,10.909101726815956,0.6618404862960241,0
71.56339513288266,0.26808279496845777,10.087031738771886,-0.994151961247278,0
70.6581481079058,0.84171625362576,9.566097689494296,-0.5418990690132023,0
71.23610882342122,0.8371525976602592,8.958948538128222,-1.932698165917679,0
68.77034254201543,0.04985291144496193,9.857203987227418,-0.20823783248551725,0
68.99465354122658,-0.32343684883571,9.17281831753042,0.2879851654767573,0
71.14496759541265,-0.7926651761511505,11.581906673943497,0.353205164876528,0
71.10793789294544,-0.14143472655131872,10.254805249188424,-0.8988844595827589,0
73.16680107724042,0.7074498664512147,9.760466368836173,-1.0549894809734066,0
69.38831311697233,0.2956466701165593,9.60620016578888,-0.6365091824025932,0
70.32173332772226,-0.4369109317900616,11.335250351904024,0.7564143993300547,0
71.3275829917945,-0.3539394283226253,10.206840645373214,0.8875003340836504,0
65.81376676945709,0.10285978330320536,11.40622426580586,1.449210198217959,0
68.09888431342797,0.13811084921889027,11.044321700213123,0.9646709425853603,0
66.3206864452035,-1.0047879170442466,10.154293262945307,0.39865231899761056,0
69.75086012574565,-0.163930056266441,11.278027624870521,1.1820052596501343,0
68.81562253306728,0.07884874177391285,8.843122841183073,1.388394583236125,0
67.19151968800101,-0.5350455843365839,9.110188449285697,-0.8387816831443495,0
72.55512100731049,1.160822084457019,10.260683280931406,-0.2688426606315654,0
71.44349809741848,-0.4535099453465109,11.337757067247255,-0.029161512007855207,0
70.84111391789416,-0.3456292043397934,9.795577568360192,-1.2956985510279324,0
70.03743604164426,0.4451261660100672,8.148459470452892,-0.8078668410386535,0
69.04769163322567,-0.15483240097812903,9.909725520070896,-0.03605817691617918,0
70.56746887871859,-0.017755353490101187,8.31807801712649,0.2509611718128,0
72.40684527281317,0.1290330725968693,8.22653523438263,0.1858538030324169,0
70.95069474060881,-0.49462519738827243,10.076188957532212,1.0211493820027693,0
73.23477304073748,0.06325183789600769,10.50745033151657,-0.13209092632968453,0
69.18030017813267,0.6925005369056236,10.96245909111473,0.49360116990633407,0
68.94691063084123,0.7336294110285769,11.040465451304835,-1.033342037965023,0
72.17717983652479,0.08415285949138447,10.278477630943403,-1.6136535013025615,0
67.07370350123723,0.4947594255868739,9.233010493361785,0.649959172366906,0
67.34568125252407,-0.7376224705744097,11.9107548907264,0.7275187620340359,0
69.74328045983121,0.11185511438089733,9.291404777246068,0.2848015097165794,0
72.35886016238125,-0.20773649449822812,10.485630059253767,-1.3537731412259744,0
73.60305999628895,0.5022916539672042,9.969999425361213,-0.26754245985409175,0
72.82200970796087,-0.2523841538707632,10.369753483295023,-0.2511072220214636,0
68.15453487330198,0.5194172393099579,9.587789407011389,0.3713539056390281,0
69.30536098125052,-0.06723464962254291,9.828949471587507,-0.523890150204274,0
71.46662473696087,-0.043392829549165506,10.862741171981607,0.5974584127591205,0
72.44456625044683,-0.24576089991535052,10.663707371460106,-0.13952073245904323,0
69.95524637744506,-0.357215768796311,9.525553696102255,0.504124747777999,0
69.31600784815585,-0.3647371891256148,10.84830028086292,0.28545396003245205,0
67.56295035702233,0.052856917328417144,11.128220248078469,0.8769632115997856,0
68.92568453923249,-0.5553590547152734,9.634439883903271,1.0752627374714048,0
71.48746979696813,-1.1468469113350082,10.858749799402837,-1.7742661177301173,0
73.86513766803927,0.422680216504772,9.605417260044536,0.08555945053361291,0
71.32203311296306,-0.24670782152092416,10.46352911561313,-0.10363553273981117,0
69.49838412711904,0.7625094073573734,7.9612354626909685,0.0376296085671224,0
67.21383928973599,-0.09105265203585484,9.291891709025881,2.037023396831042,0
68.97155326967382,-0.06849182817134862,9.38157630769942,0.7115156823614757,0
68.97971075663061,-0.327494397417047,11.87039173205059,0.6247503018159757,0
70.53793533782421,1.2061910852534692,9.366997628765613,-0.6500788363509447,0
68.41301523515922,0.6015762642212394,9.381177805795842,0.9522015259236438,0
68.7411697405362,-0.9073300431204644,9.198378996305104,0.22971512367502378,0
72.38462447137898,0.6506707329930196,10.366413126860973,0.5472676928320944,0
64.71114971721364,0.13133297278287268,10.03853899331452,-0.24717920981800143,0
68.66819993561477,0.4398633724645247,11.139257313405734,1.5716699660885691,0
69.61048303790491,-0.3980277835814409,11.885247893957574,-0.2563331154898958,0
68.958790374187,-0.6936014472178931,10.420117068505773,0.4845587639586816,0
71.68718128077968,0.11155752653502105,10.544123300167348,0.4434344908868868,0
71.02877087648704,0.589216948117334,10.852472755697539,0.15104197970465816,0
68.92554984717616,0.40147707776511965,9.422856360419765,-0.11813580617622708,0
68.56757118115883,1.0664629788607127,9.028828166094113,0.5311353288290793,0
71.35257595934455,0.43811055879629224,9.96038363545569,0.0671125589323058,0
69.60635122379401,-1.3590152120470276,9.23576396427422,1.0912203854388656,0
68.36749894679387,0.06750730617621398,12.63758963382576,-0.7745398165529146,0
68.99073800222527,-0.12603050006240707,8.001534966441103,-0.6946133416622069,0
67.1426934693335,0.2719466965279304,9.752904946515384,-1.7060094534994752,0
71.62027301146625,0.48604665814316994,9.638303470906989,0.7573711732220373,0
71.17474151648351,-0.4571865569403882,10.281245791675135,0.1477569821803453,0
68.32973360719187,-0.5133130121534094,10.407906656849647,1.845369121092243,0
69.92543198972614,0.10514681625273424,8.945552933136154,-0.20764144633591541,0
69.59533366262794,-0.18836531472200496,9.344185815373725,-0.03892855420357768,0
68.87407844217692,0.620727046104202,12.049887515075824,-0.6090698833447649,0
69.27278149181849,0.21679420740417582,10.583084013064937,-0.6107881283251502,0
68.85832552962418,0.29330554214590204,8.361674315836172,1.7720442941034897,0
70.60289594474132,-0.15205237256450493,9.849664637218014,-0.8587119936098686,0
73.60501609049184,-0.04195062756584831,9.564912867279263,1.4056168283579924,0
72.0638887089952,-0.09721564477853797,10.436247104730064,-0.2657266160269453,0
69.27558073086088,-0.11048102223538846,10.297429652455842,0.8759091777268749,0
73.9550719542889,-1.0862877484195639,12.32233192858328,0.8194814592206939,0
70.0330574271645,-0.21502365471841192,8.131915222944652,0.9555378006369157,0
67.81083578473371,0.32592678713602524,9.585272787119917,-1.3005810994481954,0
70.8368333448718,0.24317333507379832,9.064202372253959,0.6875155507099875,0
73.6108272686427,0.2453251367597034,10.43139215334145,-0.5870419547116114,0
67.9212638862435,-0.20304674868504446,10.069002360901864,0.009398556709355924,0
69.60221336821121,1.2458713837788802,10.571135873109194,-0.7810445271911778,0
67.59883957223667,-0.8692826455584545,8.990455345435787,0.4629785071504701,0
69.4295161316377,-0.3464284373975437,10.589625163598726,0.43937027042241844,0
70.7427929548242,-0.006614971573302003,9.963250953898857,-1.054887956519409,0
66.30955756913916,-0.40321007030528166,9.211322211819175,-0.6551555228146332,0
69.65357796612152,-0.2370225398870016,8.695397538710827,-0.08231024772926673,0
70.67200325503966,-0.24627237014655493,10.819069046011188,0.2523656671280316,0
70.77889336725387,-0.18677071448566412,10.413473317899008,0.5459909193746056,0
66.1415204770425,0.5341465250121097,9.488852707330402,0.5204945506652348,0
65.38732185688941,-0.21706909203855126,8.300991479785417,-0.11872246248868519,0
70.36291885402336,0.20348684876437118,10.020687934565066,-1.0020253597072573,0
72.60546057166766,-0.6726374184131692,9.66368830530177,-0.6213844778382813,0
68.7949296278883,-0.7015480794588028,11.085603539676999,0.5968923277663659,0
70.14325522480543,-0.07216752538470005,9.04002843217764,-0.08806305241871687,0
68.1839467942274,0.04320753103213881,10.393728569632767,-0.19771347835475384,0
70.79799815957742,0.29179600127427835,10.804674549018648,1.5798032003463616,0
67.14462348730802,-0.6169178783353569,8.783504629372299,-0.15823384712703825,0
66.8110595401189,-0.265214378896112,10.838082251709716,0.5834030337265447,0
73.27908413039003,0.4268206625395181,11.013011041756272,-0.4231761504853787,0
69.28388097196536,0.4394344399682499,10.858588350799582,-1.5330820692352967,0
67.2228263375887,-0.4889269261791246,9.140027425900172,1.0538982325950077,0
73.6118390361028,0.16496564821149923,10.340711427244717,1.5535567867290951,0
70.89737952743917,0.2795215442353531,10.372705724293475,0.29945697022946094,0
72.69819920515654,0.3631740298132491,10.0853640702425,-0.31451191580075655,0
70.5200979542684,-0.8313412876558324,10.460726973532912,0.10087467985732455,0
70.64157846726941,-0.5783695800640712,10.468721593106372,0.14646513397434432,0
69.9859845947214,0.18509343928142621,9.170350210454338,-1.1650943242330392,0
70.90819433678682,-1.1008753704028829,10.595030096692659,1.654036678695097,0
70.74162982307372,0.42684501967194916,11.627717086754966,0.835356627842406,0
74.55403925487357,-0.435570089247322,9.658782899547461,0.38666168828649816,0
66.77017441402684,-0.0032186584911491818,10.066746343679963,1.038330984001575,0
72.134457061138,0.3831307999859647,10.696758790851504,0.04910357019745797,0
70.5843738420866,0.37973653802575535,11.011716182816631,-0.5752402092788984,0
70.89917422994958,-0.037662853937126956,10.26554714990911,0.9235170883785465,0
69.49873441060696,-0.4609926880303084,9.089003468359133,-0.4585397334152657,0
71.21902878614605,-0.08286247288353424,9.401957553623054,0.6182170321541859,0
70.31991050289568,0.3502860327791281,12.19301215986277,1.505006000507842,0
70.68970373509944,0.16945163234636668,11.113664151497865,1.0223181558382703,0
69.28369828138631,-0.6125143998622316,10.862944472290309,0.1800697080255953,0
71.22037508928587,0.2714481179051754,9.301573708994257,-0.4080421058644948,0
72.14262990304825,-0.08077671383405924,9.218456319916237,-0.22029922026587895,0
70.79529226755695,-0.2551087157166632,11.737390342276049,0.6498788105368791,0
67.01955806598795,0.11476805095905358,11.56892579138196,2.6370244333729738,0
69.05843568898632,0.012363453754416229,8.64365112649252,0.44500111131623277,0
70.95767613535071,0.14160402232281571,8.91577158656402,0.6250069011588473,0
73.65633926704358,0.6793539011786284,10.362248637157553,-0.040588304131505444,0
71.79664692419016,-0.07054008011342287,7.4709305601867015,-1.3742752456442924,0
72.73644330857047,0.6651381711277917,9.874603290544322,-0.638584577110357,0
69.39944275755445,-0.643037930758442,9.74606884005518,1.3975954589691497,0
68.74880906479113,-0.3971985677745705,8.656067573273031,0.1645691887886977,0
68.10019248377496,0.32521004383616525,9.691403011041452,1.345047182949577,0
71.1826378723442,0.23850918997752238,8.593181672134605,0.019280172395686652,0
70.6075603727087,0.17143327330908642,10.355406872463604,0.09805030147035974,0
67.66457090865927,-1.2034048758920333,8.88382844948549,0.8111475608455939,0
71.60067186812792,0.5711848873501727,10.328119818128012,0.1816259390127436,0
70.0345564147335,-0.854115325451409,10.178173828568482,-0.5180742283291128,0
68.78181518439185,-0.4941349995887072,9.932803531573837,0.7321211520247806,0
71.59950381781621,-0.4853983774800903,10.242245973356813,-0.05951239860663868,0
65.97759982281721,0.47006680303433296,9.353028361750898,0.4642854163548733,0
68.417738481862,0.38897673980674957,11.248397694667684,0.2091802892129888,0
71.08626147207164,-0.3267555048109656,9.68298121076114,-0.8951420942412114,0
72.1054121998942,0.593174411401811,9.52016370136029,0.030320537574396646,0
68.66654294161353,-0.6545140820460219,9.485262732263587,-0.9577615077110887,0
66.11900998320392,0.14798386129805632,9.004315788916632,-0.03347738806288578,0
64.68430263391416,0.04434486068481038,9.307877324459666,-0.5002745315062561,0
71.74101683815317,-0.06115658110221392,10.299128670879467,0.04276819615505393,0
70.96240420715766,-0.39577686666558026,9.988350143956675,-0.18659185282244622,0
71.41780936433268,-0.2882257442590875,10.753318993672414,0.42270546037021284,0
68.83788435601754,0.3632653556830368,9.600785038476594,-0.5120242548492311,0
68.39873987556314,-0.5372559031677006,10.311267026690013,-0.15717637991295674,0
69.38605639321484,0.42706039504227733,10.881674337074838,0.08780862593723254,0
66.12930378218806,0.24257139810158854,8.041208027907809,-0.7140652092680448,0
69.67832408602567,0.7673514747302618,7.518248185378305,-1.2250662936126724,0
68.5691852057375,0.3456050278055871,8.367876374853871,-0.6400484662880453,0
72.42563824844187,0.44091239970223667,9.392079833432964,0.8110565139611966,0
70.1703407677441,-0.45342631651847853,9.286509538311073,-0.5021250889739928,0
67.842592554886,0.2294212848141037,11.009974401343209,-1.1521897636064908,0
71.33273572050625,-0.5222499497709603,9.927420957819406,0.24282138658839145,0
72.0276517287235,-0.012017152301924723,10.248765685302367,1.3034361519274529,0
73.23050581739659,0.526581895208291,10.750476935505572,0.40655154909754465,0
73.27851037670685,0.36864964803471906,9.322130145954647,0.08495412099267195,0
70.82163076355468,-0.6963612746676705,9.422114310084458,1.3685899934616117,0
67.72591599208221,0.25493389167658764,10.313050093241111,0.7720457949019282,0
68.44565312879165,-0.38841035970607507,10.053244703496036,-0.5031312551724377,0
73.09659636353707,0.090903208005521,10.853063339390564,-0.7969174030846786,0
71.18043214617249,1.2448046592351534,9.945075400139043,-0.8967708908155729,0
72.2773021343705,-0.23723625331854292,8.71154106450548,-0.9021150995371132,0
67.63633131873493,0.26135500545441537,9.150066868731173,-0.6951401849222691,0
69.25599361358282,0.21292577909083635,10.890146016532738,0.9862910556777301,0
69.33566267882495,0.5081583851328065,9.212621052678553,1.3685546929180767,0
71.24031313386212,0.1328607150644588,8.411796543147785,0.779278680841077,0
69.06432860198686,-0.3056792595820498,9.179114291039411,-0.48493941229124415,0
70.98715997941164,0.21363365436687667,10.051957407680423,1.4985592896493796,0
67.50253098030333,0.1430279513859009,8.671671327442446,0.45090188326794156,0
71.14673140965525,0.0678817309475173,10.506110841940247,0.4676640456933425,0
70.96794851702305,-0.6920231477733202,10.8774524443401,1.3990205528834376,0
72.24744320743979,-0.1300951179264889,11.96600470499546,0.19777515962218944,0
72.34474990070976,0.3413697329207319,11.442788552314216,-1.2737503065243978,0
68.41447278922583,0.2621359308778542,9.76097259202916,-0.29083112979840786,0
73.0076937576941,-0.28055883940563286,10.309262989773256,0.30122007620342917,0
69.54734493106685,-1.1568248733831716,8.138504267234609,-0.20676817726374003,0
74.40219787693465,-0.36008029829011734,9.97639364218309,1.6622944548955798,0
70.07645188301183,0.25465017555825264,10.311651523792639,-0.670139322583986,0
68.28423323781988,-0.2512304784260882,9.992506086637052,-0.5868733320562588,0
69.01210482428091,0.13003366002370623,11.199547223233736,1.8879164634787555,0
68.57729910832754,0.14217966723930575,9.017647953794402,-0.4951478196104783,0
66.55949700351255,0.8633203956301245,9.573984908706645,0.7677696342410427,0
67.89089681301952,-1.1724668571752694,11.708245711120462,-1.2925034931138162,0
67.93247423903317,0.601369778050547,10.089477565309625,-0.1487927923915879,0
72.66986344937997,-0.1412673073836334,10.800935978567328,-0.9893004751860799,0
72.85465421104419,-0.27816860343239064,10.178702008810536,-0.5747132206211663,0
68.3730838704626,-0.13990548398792044,10.917360957342884,-0.19590237974570762,0
70.38903739378165,-0.2358507637593126,11.32387668356213,-1.1720049864873479,0
66.64685942033522,0.7071637180432873,7.838715557575041,1.3767499620739996,0
69.96976115774783,0.21733787550815117,10.323236186998756,-0.526106558910824,0
71.03567559656864,1.0186860211724007,11.220009355472888,-0.5698600665602218,0
72.4797386694155,-0.5860748438208104,9.781653476826538,0.11665397430130478,0
72.48740531362236,-0.6925768640588497,11.050692024271829,-0.32977578898436277,0
66.7230154377161,0.4987741063361349,9.583605418797445,-1.6027733323662645,0
71.59347319976959,-0.8432546836975676,9.622069306996815,-0.9011859496422417,0
68.37848444128147,0.5444862437773782,10.634954624507328,-1.2063876916455483,0
69.54914942347492,0.0340852746627483,11.356469988737457,0.3684853988896443,0
67.57996310822534,-0.6455389768740769,10.66392985504381,0.6108647139988772,0
68.79853031056292,-0.3130742892183009,10.50960467271811,0.23162990127839206,0
64.73987921570142,-0.1357031034369904,10.823472200134582,-1.1873081639052436,0
71.74136280351111,-0.6239127063947817,10.232237689743547,-0.6767565614843384,0
66.76979906715648,0.11045445414859362,9.897733482903858,1.2173758451023753,0
71.66323860442645,-0.7941311896648199,10.327984927278465,0.7850571917374732,0
71.69722814351384,0.9302018636542142,11.953200702934355,-0.5652511524097382,0
70.77654511354115,1.200674041945111,11.278147629603492,-0.5363686161615474,0
66.95044019330707,-0.7781424270429732,10.656033978477033,-0.08607612844101105,0
69.63341124311567,-0.2898563765086305,9.139638916707774,0.4932650456443011,0
69.94490372930666,0.2155228375017531,8.362726727189116,1.4318599112506214,0
72.35763601374943,0.535309855746253,7.936472122230687,0.7124206521569204,0
67.13283491497934,0.2145727982058971,11.162778377528138,0.8573166474171308,0
71.45247229611658,0.926372956176965,10.165212673099143,-0.6459487002816577,0
68.94433337730062,0.009674908564666098,10.838765851178195,-0.8502111873073188,0
71.63053912006387,-0.012278605604316123,9.540189792922327,-0.7471683017095596,0
69.05709364879293,0.15268123843733997,9.805317673525169,0.6035512590332588,0
66.7768451676798,-0.7348811308833488,8.963065572812974,0.8874175595865291,0
69.72181412196367,0.018714197470771306,10.591828629020856,0.5249814890764875,0
68.93208922555544,-0.7136268680704475,9.64149903969725,-1.222871717131669,0
69.86581061815306,-0.38325360990133683,10.287472958942068,0.15688408710588952,0
69.27207962080394,0.3173631109656742,12.836855375719253,-1.4759863873756298,0
74.85342973059782,-0.4863920338828721,8.645546295392329,-0.7690109324228445,0
71.46776189439927,0.10788702330789056,9.37997578945186,-0.46379071174105047,0
68.48076941596649,0.2957695764915525,11.254905718578254,-0.2042359509241894,0
68.64133877417511,-0.18808808333833063,7.692418800717878,-0.04346688694021703,0
70.76581852271434,-0.18460920111255888,9.49529926091516,0.8969732407642632,0
70.62680413062301,0.19383084798656447,10.50309404718712,0.11463577019058627,0
72.62717496025131,-0.6847871297757494,9.968773129421237,-1.8265284388241572,0
69.15908387040325,1.001663959163935,8.7153816643827,-0.8825648980332685,0
69.85037463101186,0.43164657638224624,10.680170922818808,-0.43497214037014964,0
73.39513475658309,-0.028996130014001517,11.13845823097881,1.2747432731894097,0
68.03388846317503,-0.7474553064501607,10.535846596856095,0.14894563550712145,0
70.0682157796859,0.1340511551899044,9.899558113916042,1.249130214179935,0
63.978708379753535,0.6354166072969967,10.258942426578544,-0.1019580527040802,0
68.05021776190141,0.6161679215408981,8.839513248936495,0.08658455950492248,0
72.27505527059631,-0.8275005999624943,10.316088012052834,0.24862977499565406,0
70.85364500770261,-0.2325524346338315,10.5855495832589,0.8308785140385807,0
69.39918131829963,1.0417094827212041,8.863584228868758,-0.5428955910320686,0
72.40516796606234,-0.10834284256301523,9.063119151514183,-0.3572322807819392,0
73.02919712871623,0.3969297522789834,9.073648043795767,-1.4986128016797582,0
72.98447083308392,0.12280171837179997,9.577371786066102,-0.7260617989395955,0
65.85520454903802,-0.6606873869286638,10.300319462997376,-0.3949678042001741,0
73.29097455234549,0.4594911465629013,9.407788241065463,-0.7417864712985123,0
72.58041132444427,-0.1865342092126639,12.643590043701527,0.07717663622696053,0
67.27003248326643,-1.0203489130689354,9.264498347322094,1.1563204792426913,0
69.5057502406272,-1.2500861795850353,9.374908545028081,-0.23209480093758011,0
72.73972071350771,0.21629428116913058,9.850003212431428,0.24235420458929552,0
74.44853723399889,0.5295241181775828,9.258546583538038,0.5473407325163855,0
72.26386488007799,1.1647277660918014,10.286899348766918,-0.2586450585142747,0
70.71528481804842,-0.23864858799579647,10.150900027354352,-0.6439852574164185,0
70.04684500723263,-0.7284325806513708,10.843972422069092,0.6388572369863489,0
66.69835484356992,0.37357180324919576,9.439584726275006,1.1302554407011542,0
72.00873018109452,0.5435091811475047,10.591117972921849,-0.8345109172981522,0
65.84574950575853,0.06781080406460013,8.727254081341473,0.15183829932792564,0
67.02345471306214,0.39059069462665313,10.515849085662436,-1.023578224788867,0
68.07063206075125,0.21195293270965102,10.88514789850621,0.1838930186076072,0
68.6120644391184,0.08094389426897838,9.773594355203496,-0.42763929959810565,0
67.18261815049905,0.020707483631459207,9.181111795726945,-0.10240018291933753,0
65.97239196050394,0.4181437676826685,9.438362674352067,0.06362553170930578,0
73.00020877393756,0.7768187001800912,10.661949679237674,-0.816896064437901,0
69.82367670361748,0.15003103138701462,10.269335800399446,0.11241313693851385,0
71.64075882761192,0.3291835812248279,11.218974164034844,0.6581226895007735,0
68.6104310891076,-0.15943125228170293,9.987388290221205,0.33028931793867283,0
69.01650066081712,-0.005322264565962484,9.668177286515428,-0.42761003331268227,0
70.82567249520842,0.45493918417867885,11.77238541479792,0.8181218077897827,0
69.21533589000236,0.6355510068183078,8.569553726717782,0.3324808827373512,0
68.88180517772668,-0.27540065163916894,11.981037159194296,-0.3363148051372968,0
70.49197344830017,0.2953131094871184,9.974593643693932,-1.0887949177561804,0
70.65617069841781,-0.171171607477815,9.894218334827707,-0.01856793894367098,0
70.9123393448175,0.20539859603043503,8.481534900845368,0.17584881408062103,0
73.52821878578497,-0.9538343666970349,9.073753254099358,-0.5519096916676628,0
66.02798750668146,-0.9150269644295432,9.040611695386593,0.9191587557685298,0
69.2653336363126,-0.46639866094594074,9.832060125354966,0.3911529972793189,0
70.9707116584073,0.02121163732048295,12.64161512686044,0.211630798029945,0
70.86695058529122,-0.2653272063335744,9.138486598105565,-0.9315630739936348,0
67.42000833267367,0.2753298265186814,10.16192376233455,-0.5043693511792872,0
69.2981437023762,0.5296105569458817,9.792759139455082,0.027339574612741082,0
70.5786133321961,0.2485191321666891,9.243767326518002,-1.9708600999793302,0
66.09893936891172,0.1766008143867195,9.42331615841998,-0.27372593790356653,0
66.56563892543663,-0.40027538684087466,10.1193600071484,0.03163878511156962,0
67.8424281330807,-0.5773677191829539,11.92704348589214,-0.1998048639589208,0
69.7816680201647,-0.6708146991353905,9.21883419361362,-0.22190963471300523,0
67.69934259599755,0.0452790952903946,8.843800771584727,-0.5955049391160806,0
68.40354232660945,-0.8300565552600415,8.421675739486677,0.09616907564339858,0
67.93887789842809,-0.09263163163135403,9.854354363182651,0.26535583229648824,0
71.62487437008136,-0.3238647926145978,8.847788259133642,0.1558779917118718,0
71.71161316596333,-0.17264780034596428,9.933592511316288,-0.15521427471112567,0
69.69087404062664,0.31740945537663745,9.595856609990783,0.4832342728347004,0
70.82870900509697,1.0751330540466613,9.27866578828817,0.9200997322072575,0
71.60572433684857,-0.6113955174108194,10.566067557477432,0.4893304778663081,0
68.78176640039071,-1.230540620407522,10.745647971261029,-1.0369974062122689,0
69.65515023487384,-0.8873094506980046,10.5933956096118,-1.4687144097342888,0
68.82511296264161,-0.28229218818527274,9.993051201442736,-1.1864613265688362,0
70.91880380677372,0.2418408393369936,9.63689360588336,-0.2275209928187435,0
64.49396532921618,0.8026154312983741,9.773242643684357,0.5175886810961466,0
70.36599473438845,0.02786530779754554,10.68878833273483,-0.5115799627036147,0
72.03826126270306,0.7876067869191873,10.200892871369437,-0.12554258861973536,0
71.95507599822871,0.20666128322607497,9.625009232787237,-0.2731891536328417,0
70.25026946382762,0.38100985014978045,9.496380451809618,0.6320124701953971,0
73.92506836314703,0.29632720361289855,9.937203062435668,0.4552758963210587,0
69.11570929292411,-0.5597585646860685,9.241338031592527,-1.0956026956290672,0
71.92245855326645,-0.23870930438359886,8.1495093561748,0.4086346208826103,0
70.72557394009304,0.1518574259963898,8.658819802688019,-0.8941374148463863,0
73.5238991963769,-0.30234576711759076,10.45568167645883,0.09842329835601094,0
67.22850188946214,-0.7371503699428897,10.495449897579782,-0.24810740947449475,0
69.43529448067036,0.5208988331340298,8.377027270184744,-0.0481263311318145,0
72.34280170354458,0.4215807471448477,9.723987302132883,0.3754797691077154,0
71.24878362914069,-0.43777571772816687,8.522315544493779,0.691623453742257,0
70.10711123239176,0.90961759265281,9.356250719801585,0.796823184565359,0
71.66031722069727,0.24630116878068642,10.028789666065524,-0.7563097849257173,0
69.41616193442117,-0.24678727071123638,10.023061544994363,-0.8370882881523235,0
70.49171209685515,0.8910942829586764,9.12203823023761,0.4249112427950686,0
66.21842676687548,0.2506470143592087,10.262152582770646,-0.7285724494404121,0
71.1023574715072,0.0521461552126892,11.80818471856953,0.09054109667196424,0
70.78961968433045,-0.07297756111450601,8.87787999904709,2.0814615751280092,0
70.3652381361013,0.1529114360748951,10.084812193750881,-1.1734292420048182,0
67.27989276769684,-0.8375989965614191,11.321020604175882,0.4016904814485918,0
69.32947805409864,-0.715427805690077,9.169097876735929,-0.08303358927154653,0
67.53234548086508,0.436459587199217,9.19597139900362,-0.22525035100012236,0
69.79904515357124,-1.0941636047213639,10.809186215393815,0.03216809002144058,0
65.56832252130387,-0.19545626394076895,9.665974043681775,-0.8276387443671767,0
70.69766047158973,0.6022268234107987,10.34667122964527,-1.128861462329298,0
68.64458820524634,-0.9891196239554144,10.200604702546118,-0.7985926406211332,0
70.55089564236887,0.40058040474429857,10.878209554139008,0.16619987662162305,0
69.48843373405556,-0.8107286900143584,12.181274631175103,1.7672126025536927,0
69.81323413268277,0.21570086879623687,8.849810196536444,-0.310432607150593,0
70.05227587700708,-0.2949952030555345,11.757363583704361,0.2489299150104765,0
68.75761109657797,-0.2040343050229907,10.243482210912237,-1.2734058504545378,0
70.96434832534732,-0.01980532578349492,10.898474924888978,0.2843016770631749,0
68.69348222750708,-0.3348993812682955,11.386147724259567,0.34292469135933384,0
71.19143398453515,0.29692348675127517,9.909383859581682,-0.8759688779070015,0
73.59781501431534,-0.09672405712975732,11.288259781023857,-0.07134362319931481,0
72.21446475384838,-0.43312392348152934,8.683795318396298,-0.22350543689555577,0
69.03520530361497,0.3305069507843237,10.343522884103132,-1.2371588639559399,0
68.51734279120585,-0.6993594822274735,9.251389365086007,-0.07438314791837057,0
68.75818940716177,0.583264703070673,10.41838978450016,-0.6795241446397011,0
72.57495872138547,0.4553819750752334,10.195649043837124,-0.29144837686426395,0
73.87351769374264,0.3989339894708785,8.92498417453822,0.129280146572712,0
68.3343874017761,0.4473836071961003,8.97144811226438,-0.5095116736094931,0
68.76480838273889,0.24020491242520106,8.950604847769402,0.006185881267506004,0
65.69865806417809,0.4251306590839797,7.314318624855581,0.14139613459074066,0
70.49954835955702,-0.24969564639565645,11.099412491955011,0.9033242134443417,0
72.1466443789728,0.567080117836429,10.327384418173738,-0.30366062092102086,0
70.52676114368855,0.5507018183820658,9.94713637224263,-1.9207496005154643,0
66.64320727318442,0.9012048839968362,9.176869720703722,-0.48862192981623953,0
71.88903741299885,0.44834406527929604,10.558532765542797,0.11557018654656506,0
65.75565142819572,1.1092688599422147,9.62112353792202,0.8716795554262492,0
70.28352406420204,-0.2676433257551415,9.732936961612923,-0.1348801772723097,0
73.30183469909238,-0.6465201213146209,10.396815439780744,1.4449772782256933,0
68.98083803272648,0.017969896261778858,8.825638454264416,1.3164532951085421,0
67.7327978432451,0.3229426893011399,8.033416031585386,-0.6897984446366743,0
70.444478472653,-0.5568192690912722,9.744636262774344,-1.0721567322591767,0
70.17787734254064,-0.5910860929703892,8.939417211346248,0.21253729298339055,0
66.19117941203929,0.3155220089739224,9.183552631890366,1.277599403514275,0
68.94926584707189,-0.441020239801411,10.108063731524355,0.7978728226276766,0
65.1287395156368,-0.32080584808304663,11.25764820733707,-0.8318741440373606,0
67.560799114287,-0.7955678636139897,9.653931087365345,-1.0047809379939243,0
70.89668490098434,-0.7511455852258361,9.523271159118703,-0.15390271480217668,0
68.7822932644353,-0.11910139286278427,9.036664720686813,-0.7119859028540816,0
72.4571628508998,0.21193443026956563,10.422425365722793,0.8441637637699015,0
70.8072796494136,-0.15279505989893608,10.579571305681126,-0.19656771136638773,0
73.4910911570342,0.10454293609951458,10.04630716553795,1.2505634427951557,0
71.64975787862123,-0.3515587804990604,10.478348304523193,-1.0239798580977013,0
69.50508530991235,0.08777597368344223,10.140365407481825,-0.13236016338610246,0
68.08922732889502,0.19956607272368343,10.555534071727731,-0.539643092078064,0
69.95550288296131,0.24649407777477228,10.492410205525013,0.2836932239970751,0
70.94909997301274,0.30209007116463343,10.723872818746472,0.3656139197550641,0
68.98316034309798,0.16749634456677467,9.332646387112932,-0.46756276268285407,0
70.68435564801523,0.029495696797374134,9.323454543414357,0.44809510632452815,0
68.48842967462939,0.2305198738897616,8.669549032808199,1.0575192387111554,0
70.97532874585747,0.2317754649382417,10.017805225457598,-1.0624054388590798,0
66.66151429213184,0.03684027916101319,9.62897847825315,0.2615182723284315,0
72.07602203738766,0.20787653139145837,9.039974956469166,0.5074257040884692,0
68.78024646347932,0.2003241121267722,10.597807890558386,-0.41549696733461694,0
72.9203439707796,-0.17055616337850532,10.029440490972208,1.0173474063645016,0
70.37412601164026,-0.41580659117281027,9.651172326514832,0.1852081999928584,0
69.11298358415559,-0.254090813200311,10.947160157017846,-0.15487582779708897,0
73.47611887493238,-0.08044707060403332,8.979096164655695,-0.19627124831414955,0
71.86232316979707,-0.2893772222213378,11.117867306123104,0.005625036487795505,0
70.79047914111172,-0.3628543801275842,10.032451164342021,-0.0046012331187999704,0
72.09722318917868,-0.23275151801957025,8.437596105888558,-0.8827824189445599,0
68.6420803192295,0.31817721656239123,9.105413716389565,-0.7836064780103834,0
69.39102797874367,-0.009893761526953414,9.912604928501628,-1.02711390870567,0
69.3724484371742,0.47634194457026957,10.392733765364607,0.306299518558284,0
68.48162881809353,-0.14066023910152922,8.750435221336595,0.45543114459937883,0
71.68852587068795,-0.11571825906937203,9.620966371720886,-0.6671088699721557,0
69.76156338266993,0.8336733007099385,9.281557279645378,0.17595574547730575,0
71.81823933897404,-0.048675519378873225,8.690096040417338,0.2704696879572534,0
73.05349664869799,0.07639485868463865,9.961218888699898,-0.040754880391352916,0
65.7412575417242,0.15816057382695384,9.518055247370535,-0.7304774236698165,0
72.46670898401064,-0.4766817622968446,10.097250908257065,-0.9913198252868107,0
70.672256405736,-0.7038306435060852,10.221582707842623,0.09389057098834794,0
71.47201726744002,-0.6491180060677025,9.562027021459887,-0.6592025998934791,0
71.44091780126554,-0.8653425006608214,9.60808552286301,0.38901294852519164,0
70.34815617841335,-0.7677793762668814,11.113052640775011,0.047216148231106425,0
71.99722829225138,-0.2114371885385921,10.035579530146226,0.15736630222801148,0
69.1232060971424,1.1061805831923706,9.727823607043632,0.27066470765549927,0
68.71391473296345,-0.2779155725556814,9.853229280112643,-0.5725888829610695,0
68.10199641727009,0.0184680013390801,9.583765706790642,1.701606965244102,0
69.63411479003746,-0.3300245810548337,10.616524204031633,1.3998895701597576,0
66.7914396168845,0.6134815417737397,8.94105033633548,-0.3928216519530305,0
67.21698846450856,-0.23472365839514597,8.612712667348452,-0.4861313025858248,0
69.3253764088288,-0.07316042495632638,10.254004532178444,0.21166721071276734,0
69.84298429451451,0.648329950228797,10.16793887460637,0.9641939717619302,0
70.26273259087225,-0.31967245539292266,8.642137270725774,-2.234380310073447,0
69.13471917002532,-0.5778027060691759,9.976479370952392,1.025104130659051,0
65.4812338145278,0.3364879136409533,8.48513148331434,-1.4831722628361992,0
74.47814176846157,0.3783018270049765,7.026730291270123,1.0731196076508778,0
69.54566558864009,0.7463826335195272,9.073602181600933,0.15791865047907905,0
70.2350981637129,-1.0357496208244255,10.128507275744168,0.6373749456617757,0
68.0864792089558,0.2627488416916356,10.657569746748845,0.01705898890017076,0
72.26831151605226,0.3201999958162042,11.614678316027733,0.20768756786603346,0
72.0803039731472,-0.07203310120120483,10.677034904472505,0.27357853431827805,0
70.88325949021106,0.3706169570359267,9.683049054908242,-0.2567501399438041,0
66.3949444985843,0.1140493011737745,8.827457785933388,-0.6164326612837148,0
69.23275862909394,0.3276017151376639,10.574924600173054,0.37010025724239615,0
69.63860862559878,0.14079225450806826,9.10859587047739,1.2306059695677776,0
73.24303462643819,-0.30027672573004843,8.75787185367177,-0.9280690089589849,0
68.14400862431746,-0.46603583774209417,10.303970469416852,0.144919025579095,0
71.69604686114441,0.0901552707623417,10.211223520695214,-0.23981657745966492,0
73.1206514579334,0.8054279717324628,9.208696441618015,0.2418542471494111,0
69.482155415017,-0.13140381882718513,9.437310571201992,-0.9198163498058545,0
69.45405601933926,0.4707065231804268,11.376175205319516,0.7566238227870463,0
70.28658505889804,0.6726680281922848,9.921536537938168,-0.09853284369818596,0
67.34451144565695,0.593336538479223,11.01264036949463,-0.7613385747558473,0
67.48542248361444,0.9958814612873499,10.226021278056047,-0.8614288381953603,0
69.38301484469247,0.28827526134807807,11.074486943239311,0.6470012791456493,0
73.21711617631152,0.3634165009502256,10.452712862437478,0.9791383767594548,0
68.99944086349703,-0.29236880892967865,8.587786352956929,0.6118202625538425,0
68.59655756018093,0.12725394782073726,10.102867214969054,-0.27036507061539267,0
69.19143119592913,0.4953326400183881,11.6223514361328,-0.3354884641564575,0
68.43920698739807,0.9644286686373622,10.090084273001846,-0.44602108070266866,0
69.33949807489975,0.42742642422203714,9.91347751936826,0.07480412940860505,0
67.42128714835648,-0.3891767027614866,11.113199401592963,0.33534884158055794,0
72.01784106973896,-0.8508599401216764,9.418078299436306,0.24813531230467878,0
71.34189754113798,1.0407527485511736,10.20090241953917,-0.7134714873144062,0
68.47945072551217,-0.6699697213169135,11.344570269111992,-0.12270061067153425,0
68.71709386615396,0.5735820599551738,11.34665445156916,-0.25460178959568514,0
68.96175716005172,0.14547821642672162,8.307696277357396,0.39977379097394583,0
71.35851670820144,0.09220629858918186,10.710226830123194,0.013200883377677667,0
70.34578828310933,0.6939046212975971,10.112289324533501,1.2999252313709408,0
71.71591599337917,-0.13171090100565308,9.95777689129673,-0.5413107476366931,0
72.43377765873812,1.387919143969869,9.745223816282335,0.2376829679345545,0
70.97192401130762,0.046378935538589204,9.834174483131685,0.5090202821453104,0
67.07547974601323,-0.43665601731188664,10.236217759020992,0.053494749287767554,0
70.39836488229177,0.29283202668210656,11.197451181378135,-0.8404759649191673,0
68.63967630832556,0.5372425367348005,10.090479802579557,0.15023415425125256,0
72.42209229975794,-0.9170239635791849,11.491261643856323,0.15828620722963926,0
67.45072033959357,0.6066529885714085,11.798093336283593,1.2048365686231504,0
69.49727061888923,0.3485986527740859,10.53699868461677,-1.0953295102702678,0
75.12532640173103,-0.49652675853770073,12.065806310375166,-0.023937396613607703,0
70.5309997512146,-0.1272153751267173,11.398399031485111,1.4316691147083094,0
70.3632134481495,-0.31329567241659084,9.30169239794392,0.5366516255071522,0
65.54704329440416,-0.8040074195211486,10.010530488621903,0.24590284136306495,0
69.03419237950341,-0.2156561627789071,8.278053875776171,-0.3121795118918625,0
69.68971075507241,0.14610743509203644,10.574114203175062,-1.5585001863301766,0
73.12981963247637,-1.0558480755319701,10.51635333600061,-0.3603506173345241,0
71.96717443882733,0.2760581470733501,9.810600244587778,-0.2507890656050669,0
66.6683720261325,-0.04512277166434636,9.269220922090824,-0.7543919563838046,0
67.76559492344323,0.00495674682142535,9.577975260335332,0.6966514195843473,0
68.91639804307796,-0.745243184259654,9.209938330166825,0.020689726947189346,0
66.33697894982157,0.6570537958554,9.764049275086728,-0.11001015779806214,0
70.25639633615855,0.3306688965375148,10.655250535323056,-0.6085669558257886,0
68.55561015772669,0.9835709179800822,7.89010172715842,-0.8120987120561174,0
68.22150133602696,0.4496403399375245,10.278392482608004,0.2504867794303513,0
68.2503954694388,0.15901156743930292,9.033227663131113,-0.4506171741636637,0
68.47379141376123,-0.36341444412387996,8.995707745034768,0.16611472369549965,0
70.58649240761552,-0.41127463923537433,9.534996866276835,0.3390481271036191,0
70.29279223891974,0.7162128393313215,9.737446205250537,0.25686513592348054,0
71.31809819735736,-0.5009437149122907,8.9122477607077,-1.102482955984869,0
70.81526561579143,-0.10127232395561828,10.251795367202712,0.09688206661282492,0
70.40656184605058,0.3148798583781068,9.594451637622827,0.5968741564023846,0
71.21477354216232,-0.6950168937057772,9.76054338471135,1.2364030391449043,0
77.17769960439068,-0.022599022936154466,10.024572671587995,-1.3126259667809932,0
70.22316047503239,-0.0342448955361899,9.43142024439942,1.4158268421991895,0
70.42035004376206,-0.4975495027783182,8.907127397600398,0.5881009597005642,0
68.73310242136854,-0.4679945912974753,8.313025984995278,-0.10746827936639447,0
71.1907377661427,0.40585978617027907,10.240257509847302,1.3164737240083872,0
67.62216851296206,0.09630490293174845,10.377320821805526,-1.312618583699401,0
69.61761387921877,-0.5479538379103422,10.225607481586877,-0.6694050399672119,0
71.30553821062871,0.7928405363856238,9.779640327451729,-0.5195907934469542,0
67.56802651175589,0.1976675570129503,9.073533839630679,0.7439708002435009,0
73.31678643329202,0.86481208747587,11.82027518504116,0.08868907845955788,0
70.92087263184924,-0.39322089796260656,8.67057315429685,0.5921289739816891,0
67.14745830865573,0.4954069344936523,9.1362649104851,-0.16636921512576983,0
73.47125984901959,0.12762690952849318,10.509949420539373,-0.21717256565765794,0
71.71204794588881,-0.13126888075435442,9.068506337592282,-0.7919481149737736,0
66.87037563178637,-0.6295523327744348,10.670650945793913,-0.06718894303213778,0
68.0880391976298,0.39222039981567713,10.181195140910512,0.3552382121814122,0
68.01374391525282,-0.231819706645711,10.349163759655958,-0.21739245536728766,0
72.01186728336607,0.38667615909211545,11.497521287039529,0.24463865387732564,0
68.71753491059474,0.022977582299888798,12.32686117745662,0.8686900653054421,0
69.69275848455209,0.3560338559690923,9.795026483000537,-0.25685234680154884,0
72.26227005641547,0.21352004434618968,10.9348168712078,1.398093957788274,0
69.0095758593255,0.15526249180407722,10.951760775955787,0.6359101832249667,0
69.25209962737293,0.025710778505368077,11.924608710749924,-0.44630545598385063,0
70.9295207436353,0.24724886663771872,8.567826829751903,0.5199170845068877,0
67.31290584364953,0.10735046738447698,11.234715486679303,-0.3971714389793456,0
66.96107558280539,-0.011815543484825651,9.980543207878235,0.09654422432065736,0
70.45400978097793,0.14202497573777795,8.536371367271583,0.8593182662885408,0
65.665738872465,-0.17760261105906316,10.805851246300676,-0.61121980123281,0
67.09694547964392,-0.37632534411697743,9.513145333719173,1.6040222446599064,0
67.0114003667009,0.21043113216140188,9.799468589021508,-0.6528024227083474,0
67.2362665253864,-0.5940846678225473,10.343138290049781,0.5398159303275539,0
72.62998357127285,-0.4779220760151831,7.877990015315646,0.46065295704622894,0
71.05320314979618,0.592494862085781,8.106339474668369,1.197342781312788,0
70.26166121518486,1.008915717379183,9.790666398045694,1.1126471992714488,0
68.84102967468064,1.0753071587170548,9.486586950317257,-1.2131605763937212,0
70.47656664573054,0.5708839452604139,11.267252188617345,-0.04851372332531183,0
70.79775670410915,-0.005870799433249807,11.346306887084221,0.8378788198224211,0
68.99333628741559,0.48624518488873125,9.979354533272646,0.9500399080663389,0
69.24211985460016,0.04590660660994519,9.431121419522007,-1.2513943902986697,0
67.57006896909377,0.5622200876289231,10.61999718789144,-0.6330622819699002,0
70.98490857237894,0.016636921341607686,10.77219504001358,-0.3542317593834722,0
69.98084001813457,-0.5757929745655651,11.146835666563646,0.4193795401202837,0
70.23696510290736,1.2225141646410014,11.178976809936218,1.143848147235373,0
70.66555300466722,-0.2565828167643639,10.457326851239474,0.04170926893302075,0
69.32260304408854,0.5948173567851753,9.68897051748622,0.2036175357569608,0
70.25655057958579,-0.7493539158097523,10.536589346662575,0.6189936802551204,0
70.1100795381263,0.12949394820311289,9.683315270631832,-0.4975640426614998,0
68.74995871554187,-0.8987835853485974,10.539555331041083,-1.06066054396051,0
69.10667022591501,-1.0424412353117516,9.336278918528656,0.4357983634407851,0
70.18302984485703,0.015639065491823145,10.239582716264312,-1.352216456271255,0
71.74730763897682,-0.20952305145970893,10.031495961414896,0.34933425690222447,0
64.69041080256646,0.7115717001769162,9.660009782288357,0.44626013550117954,0
69.31165043500735,-0.30818947037442584,11.31906541519673,-0.9628019205636564,0
70.58715270124844,-0.2652249526071067,10.516169437698265,0.7191916118420548,0
71.38817786824077,0.2786937831364943,9.400333166522147,-0.19713933056976993,0
70.66501704294237,0.6020615079803509,10.47053063846074,-0.15199090803917145,0
70.42375397771282,0.4574417669896735,10.468290545471127,0.7197775613835984,0
69.19713459806677,0.4540868629612034,9.642744354019602,0.07572985562898671,0
71.15227867364783,-0.6647167492535637,9.746155508874551,0.2190501260459241,0
70.33253357685894,0.4153593689360767,7.6769451539842315,-1.3301655928311515,0
71.98892525181707,0.36998923985539717,11.946025239012377,-0.09273038695940677,0
72.39488993614832,1.113124609640407,7.71453586216284,-1.3260590457688628,0
69.00367129282728,-0.7102151022277791,11.515219617842426,-0.2126036595212084,0
68.59949651913435,0.6179201021761851,10.65246243983141,-0.4662340439156955,0
71.36667428221605,-0.4607368777742431,9.30205523333681,0.9427051679633639,0
68.31025003780846,-0.24996110259386395,9.538456708818213,-0.449723259320911,0
64.90912791841372,-0.7795766790770633,10.15097997764064,1.1007625975019322,0
71.37001968188152,-0.25959312091929015,9.872334916820561,-1.342263855380174,0
69.48675655111452,-0.12013774399962447,9.40860821402464,0.4759541202432808,0
70.78342196537187,0.2756098205804547,12.20284569332418,0.4278511148532216,0
66.05814684185418,-0.6979294261495685,9.939775541051878,-0.7125934949251032,0
69.4949260147468,0.7070431138428709,10.07992691720947,-0.9683603507287627,0
72.86167449108976,-0.10150958056696967,9.947600614540185,0.17010372518244765,0
71.02643125640107,-0.36788595711825395,10.06060969845874,0.9948326967679532,0
72.46333741272443,-0.40935242373211383,10.015923309097888,1.2198589470116241,0
69.47865916736399,-0.6718184791230639,9.35218260178145,0.4776462720899556,0
69.79408358121609,0.019503769810731385,10.26053309059656,-0.22232439647498436,0
71.00341116295546,0.6634270209546029,10.425813216683748,0.41994145350181633,0
72.2470803873072,0.3652832673443117,11.132029475930963,-1.6178015455160801,0
70.06932184311802,0.20098235351157784,9.864793402710221,-0.6826262381571235,0
69.73458601169992,-0.3688716365147815,10.337446285863678,0.5418474177130396,0
69.51946952945906,0.531899874183568,9.475488396624264,-0.47960891841674347,0
70.1595492306321,-0.200271035371026,10.992925157736437,-0.1383506655966364,0
71.06620988187524,0.46913662702802394,8.371327872115117,-0.04334399791919125,0
70.23994720416633,-0.9234183631914643,10.054070003582387,-0.15408325984821736,0
67.11589945245653,0.6650877065132185,10.1255081775703,-1.8021123922132176,0
69.04815368813979,-0.16211960952583548,9.887237778036335,-0.6104102535477178,0
67.85817297079606,0.1244623981372536,9.033983414969237,0.7713881160397623,0
70.97533557773725,0.11839029989302952,9.430967661980588,0.08903907311944209,0
70.11904096920975,0.07465252510986656,8.392383192847849,-0.005655024800245742,0
65.44628877847325,0.06118997884107508,12.469813065334616,-0.7782048309899727,0
68.37914866972501,0.41477095672479836,9.157556661528378,-0.825689014545424,0
69.5270768152991,0.07630110295642155,10.868557954673363,-0.3729299046838861,0
68.7957116431481,-0.13165465758590192,9.292933180193005,0.23932236410594387,0
72.73567220623337,-0.4156495536614324,8.843968328836779,-0.05590067845754143,0
68.83590539628989,-0.7151353843611998,8.667430870680947,-1.4850098348667629,0
69.86596443267095,-0.3710066284520133,11.78868672979993,0.31520969062706317,0
67.95647209390958,-0.5506021318856379,9.533364386998123,-1.0897063528339974,0
69.84314188592705,0.5498900333764166,9.678483997713789,-0.5562498301371209,0
66.05505245379284,-0.7370951863603452,10.085693454562325,-0.1057843286855153,0
70.3778843921503,-0.7127734075281442,10.872702015984768,-0.40182033127687744,0
66.31379774118929,-0.5541121744606464,9.357437552674902,-0.06014447564243158,0
66.66904501497827,0.43793671918232624,9.984696127514805,0.6785713801123957,0
72.87148238564315,-0.14780120834109947,9.364301401621248,0.46106996273090994,0
66.52497273514113,0.5390879921169607,9.939616699149882,-0.34176088930488036,0
67.72908710018677,-0.6536698922509021,9.689826843073424,0.3681380533250612,0
69.96319563933008,-1.1531113753360154,9.31213453768658,0.41063446059096576,0
73.67009407133698,-0.07496378264775443,10.380507948867177,0.003019352110234014,0
69.19241349456438,-0.5756891344301812,9.082452890866499,-1.0731447447619742,0
70.92682926725524,0.42548175364651586,9.810839810755311,-0.5094706020699372,0
72.01886646429946,1.108235478006323,8.252269782064946,0.4478883106769811,0
70.27439659315154,0.16028317709465034,10.692167696086761,1.23111337414035,0
69.74669648741764,1.0764664473315833,8.820226212126514,0.6090600016684394,0
67.1417199999232,-0.7093937259034249,10.418922159819472,0.5759493002285454,0
68.84220058220393,0.2796915900107688,9.273638728856906,0.8888537989740904,0
67.03920437685805,0.10346223734156841,10.286107955525488,0.16808019271137054,0
70.00272225786506,-0.060216155649994316,7.425186399622874,-1.1739826512343727,0
71.99485352806447,0.34742956134387026,11.35783576015898,0.049598930361132165,0
73.37416756864764,-0.06960577622010891,11.030845295354471,-0.37467619215751385,0
68.89827351026575,0.4524575454882112,8.553718239363732,1.2199902987934024,0
73.6850116170181,-0.0032117935795498327,11.378589970916849,-0.42873329040437513,0
69.50405929045388,0.11874452597212293,9.446647450314641,0.563144420753767,0
71.78645655981151,0.32524521246250654,9.48708121995282,-1.2186509764145042,0
70.83369453485628,-0.17694756202465375,8.383166308629214,-0.9636747548834244,0
69.42924362022055,0.7618412518514805,10.381029097487565,-0.7037770042609038,0
67.84105715123113,-0.49642736715329117,8.980088642045208,0.1281826396705083,0
72.22494061573121,1.3533190812146902,11.765368190866868,-0.38591046760360914,0
71.87989336392698,0.04928762896592578,11.74096109234233,0.4118045814745278,0
69.00937124687626,0.4821149327424748,9.20803486542668,-0.5027878662649644,0
69.37373973733743,-0.13387638481077432,7.917994744940128,0.8105759336260328,0
75.34047882096114,-0.6196280352599267,11.352965405742129,-1.3580019727965746,0
69.83545333849135,-0.41506717583009484,10.188047445119896,0.4184922897642313,0
67.4154578578273,-0.08185040643699693,10.737037342582019,-0.7426238058917621,0
72.47901259510732,0.6424479765285982,9.525890828523224,1.1345317082602246,0
66.11275267576403,-0.307321292813236,10.535427124758401,0.757061377991293,0
72.20327113887697,0.48980121549166394,10.039403059893592,0.5508105233223757,0
70.06001174038272,-0.7340334008871604,10.904119238581865,0.45540326772681666,0
69.74770843801598,-0.2886842045744339,11.94700919850733,-0.7453363680886074,0
70.1443569349158,-0.350954915962071,9.945503474980853,0.9088758898738016,0
70.8198188398237,-0.1538624333365972,10.813438272869773,0.7452422310810194,0
69.86600996596657,-0.2151186598256785,9.27483179296739,-1.514654453298185,0
73.10189366665458,-0.3543719709831806,8.840889279743951,-0.6797815278809889,0
67.72333647180702,0.5549659607869804,9.913876154508614,-0.7813774888143951,0
68.38841557955108,-0.5003285996903752,11.12454548837734,-1.1427920808984025,0
70.16405743292233,0.2445232142859948,10.368189938211518,0.18096108297998137,0
69.72167852894465,-1.1743693969814308,9.983201685928725,-0.3972341087014432,0
67.35832061841948,0.7236240309753149,11.257386922685896,-0.2986381694955815,0
70.71484579390062,0.0018848095862414435,8.110202803888921,-0.34395549185278684,0
71.74125654328218,-0.0554112303571755,9.002474044594,0.9049035654865355,0
70.69864906783144,-0.5798437465104258,9.430819220197675,-0.33795117561718946,0
68.03230562080634,0.3800309324567051,9.457929420617623,0.10959508045850906,0
73.56813894728771,-0.3345767385776606,8.896904941146122,0.0009278327012536378,0
69.09749968884118,-0.16712171971441794,9.08829261317149,-1.2395160119802517,0
69.21269546697634,-0.6465347475713723,8.898422796883935,2.271921008577964,0
74.84606212599112,1.1883539293179814,9.692239080285177,-0.8787417235004336,0
71.10937673645475,-0.5144938303659259,9.723681660124052,-0.7458173622493016,0
71.78778180155787,-0.05320477886244607,10.323286013852499,-0.4856227596195581,0
69.60335712319718,-0.9064412209398992,9.899248630120791,-0.25024251478894816,0
70.83329821826169,-0.2350091204091716,9.005811253846433,0.06257209142992608,0
72.92066150205359,-0.07184764996032596,11.78226862322594,-2.001387886891413,0
68.26710438306617,-0.13459792297598808,8.667082399209944,-2.1905309062413116,0
70.09651692430968,-0.49743149316717966,9.196689175604646,-0.11359383815594125,0
69.5643971364131,-0.31089289267745895,10.619414300320454,-0.6285606026550302,0
72.27334743714583,0.6121225593206662,8.417407013920977,-0.7000101887633476,0
71.84559729144635,-0.6366609738723483,9.42322816702233,0.12612826523790374,0
72.00342965520008,0.586883716826286,9.857212022102898,0.43266981087848655,0
70.66073725979365,0.8140250475611294,9.987522487256493,-0.10790589978352315,0
69.60589618254188,-0.6472470957680195,8.6992725315258,-2.152011374143425,0
72.94067488087013,0.9805052632329948,8.277944585120652,0.679080609787589,0
70.80334173425393,-0.10076948449913635,10.621013974871609,-0.08138129400307903,0
75.30242047175285,0.45359661430451953,9.212111351664516,-0.8686706359255247,0
72.75804860313072,-0.1327577648855063,9.783418057704164,0.11935909554507579,0
70.13301444320274,0.5781186060116539,9.055461893250012,-1.8400641248066614,0
68.88727782878416,-0.39738495347781133,9.363015264776871,-1.330724036041265,0
68.11427737428009,-0.7277954181940325,10.957944111041707,-0.8704076832238077,0
69.54077025579076,0.7185514902712862,9.66011673653089,0.29948968504243617,0
72.0127573793863,0.28758844209768203,9.416854876440055,-0.8335429018260145,0
72.58184521703599,0.09404336224303998,9.282061862529458,-0.281955906120776,0
69.89629764304073,-0.8888770296521488,10.48274581650838,0.8356059555366793,0
68.68858276909364,-0.42046258010366744,9.587629100404468,-0.1588559142959856,0
74.03392316056177,0.4251568503438612,10.179261051310416,-0.49102636342957995,0
70.15371147115081,-0.09216982004583422,8.83615482387835,-0.3422309624674047,0
70.88224215700835,-0.5353678541201508,8.683588443015768,-0.12566011723164713,0
69.20204394241132,-0.8606330262286946,11.18925225122701,0.9405759428943359,0
74.17090960728838,-0.22839673963899546,10.570574026717791,0.9806266738954165,0
71.08412841351685,0.5753864574631039,10.159924214076462,-0.38948099678146597,0
70.93784929171997,0.24598398808225783,10.680702721068558,0.8726909645119101,0
70.31774761807989,-0.10726650236554368,11.178438282971978,-0.11952780512046245,0
68.35858410350615,0.474035269458203,7.866034581392688,0.8963433700431329,0
71.69122989367165,0.00022730828096989423,11.142152648167649,-0.3211045824971268,0
70.60050637760186,-0.7180734732044317,8.765873166769053,0.3560090819411306,0
69.1775312202404,-0.5722685149164739,10.928121512464674,-0.06539066707451392,0
68.66672326215061,-0.08159607601078595,11.50440349413715,0.8630137566826911,0
70.10452476823808,0.3216985917055942,9.41900139516197,1.4394468015741337,0
72.61879981637085,-0.17944645603374426,10.199736849740303,0.7374594918573946,0
71.92973978583285,0.5040842351020476,10.685010166051578,0.27645249992500925,0
66.81311773524472,0.7315543953371257,9.662586498126604,0.19596238887805875,0
69.94472404651013,0.5261181628261141,9.576727254881618,-0.9316374449507627,0
72.93468058878065,0.348386268185175,11.544252542344152,-0.03603277247604106,0
70.68063591300267,0.4514053113843234,8.980647104755123,-1.2383657038001068,0
68.35089502556394,-0.3195648250998919,11.781525031224522,2.054975129123113,0
69.58100605331418,0.04640552622540003,9.680426408043424,-0.19475006003848502,0
70.68433137230471,0.1702704478572617,9.647509771679758,-0.0884399801944899,0
68.79126203360516,-0.3661088267838184,9.599715044863785,0.5531730701943455,0
70.97188905191545,-0.262497045849046,10.971229210381635,0.04821384461742427,0
71.9136330189779,-0.09508793055873699,11.801384404935202,1.1178771649545607,0
71.45261661950099,0.7209007521158703,9.354345350750961,1.3920248015956278,0
67.5511406012625,0.03999044108633225,9.386580912890889,-1.5251676833569234,0
67.4070246226451,-0.21759407565019234,10.487198038864927,-0.2962151029848821,0
71.87594622288742,-0.16383520374989058,9.074216302822775,1.0872570410878044,0
72.41388014611871,-0.12299563176376156,8.38736338144378,-0.8722260483651452,0
68.96612903355042,0.037843333076134765,11.198406971048843,0.057279339168968324,0
70.58168589095372,0.21540850377397733,8.819703479687897,0.9001835573390189,0
73.03983728272938,0.262138927699189,11.547908571137885,-0.20012283758921987,0
70.01529275826648,0.6849303463988713,9.82943091153151,-0.49015553304734283,0
73.56637528990439,-0.0772414147573432,9.196686741081923,-0.009002043801731942,0
65.71469341368677,0.5226267056892273,11.34796664768231,-0.9951090469295348,0
68.65724363916871,0.9289782144863373,10.96634284432191,-0.26492862015364893,0
69.66612953180271,0.20066327934961095,11.420535463776831,0.6198826938442609,0
71.13015504387683,-0.10198710732031076,11.543252919625667,0.4657331704461573,0
67.80306633094844,-0.1944669884965677,11.802201710435437,-1.4535321347001413,0
67.8824491267528,0.27400887545255903,9.862422894317213,-0.9077806373292611,0
62.99305851944397,-0.16571530785422248,11.180169082170876,-0.8004302220363556,0
67.7058849307562,0.38729115897061234,11.402578321498487,-0.7033472844776023,0
69.3045228531507,-0.7590086710286534,9.998438708586157,-0.5986780074360253,0
69.6604113827552,-1.2245075760571156,10.916563188572256,-1.4764234091419866,0
67.30105976434484,-0.12043297830995164,7.980920126603939,-1.2919646370384026,0
68.1120478823523,-0.9194936107252598,9.293665393929329,-0.08410624395306647,0
73.40682520714536,0.4347912521045201,7.540645626166837,-0.1695865791867796,0
68.27309221805073,0.22781626347086922,9.657097791502672,0.2803029819116671,0
71.30042878471423,-0.1949098613347355,8.345851844450141,-0.3319788341478178,0
71.24471922764593,0.2844605356274908,9.81295125460182,0.5332073036685587,0
69.80499990936632,-0.6467331013601685,10.173118276948095,0.6679872733874279,0
72.62066932964386,-0.2927944524441228,10.12303263120643,-0.19100895427103798,0
67.30068727511662,0.1595162416364223,9.064827402374055,0.05525587715886589,0
68.66492446943278,-0.29623898679372235,9.93825004622175,0.06460922560402287,0
70.99012333284269,-0.20426165507814711,9.717744335540328,0.29287848631988317,0
69.15937998399632,0.010511397273296787,9.424592693690405,-0.04152596260247227,0
71.64681771887638,0.4057598442086794,10.817059662327711,0.9700563190019541,0
70.30020026667796,0.4959108149479936,9.677719004364022,0.8058036851231057,0
71.51028993435901,0.8317956438244248,10.833502236489565,0.5424789024016675,0
70.63272521343958,-0.25149236231745725,9.352822460615718,0.6785126523931375,0
67.43726699877136,0.7820591410980283,10.20629416001645,0.4917339781281433,0
71.93980009736399,0.12534681021568256,9.917915798846996,-1.7192535693406772,0
70.71168208955962,0.28157843060769505,8.533075866015137,0.1535369181866766,0
69.792747539326,0.5202154604351369,8.294595950590125,-0.4444678735991289,0
69.60588572341162,-0.43212294055925143,10.186618129725524,-1.6463995701286476,0
65.46487937030139,-0.013240680804186817,10.547770248395194,-0.662005955394047,0
70.73734911440381,0.15197647272622092,10.576353446478299,0.06164275538354291,0
66.58430640273157,-4.997425533714883e-06,10.12755221109491,1.2005508799175901,0
67.00395442811542,1.1458853036650427,9.915789949689868,-0.8513113596914708,0
69.4337159305919,0.5591554610642111,10.051636697753647,-0.6022356205086726,0
71.37611440262634,0.48947523679624544,10.005716215686348,1.3649472805444762,0
74.22351983933363,-1.2103757893886662,10.030813384463453,1.4827930773213656,0
70.99732827821978,0.7420955004422962,10.57171416764271,-1.1561968411153998,0
68.73553777856974,-0.004636040604906595,11.336085492501923,-0.050058787801098625,0
69.04165372803375,-0.2699647072229895,10.188520737587519,0.16531868900321775,0
74.59290049778106,-0.0693521454194889,8.761354913310834,0.494720570261325,0
70.54409439126238,0.08744887051653304,9.285579594205753,0.37647262411855636,0
69.02884939817415,-0.26956343227654195,9.411281587471805,0.7830895604616644,0
67.13154017494637,-0.04450048217875902,9.735026905141257,0.5971378697497939,0
69.64512764560035,0.4564091016382861,9.235790424602918,0.34580064148191053,0
70.55230939585513,0.0425317010172114,11.564731256053495,0.42533871714941773,0
70.53493111605961,0.5490902696326723,10.3867644328468,-0.20052361527835122,0
71.93802366598246,1.1165462057243714,9.44230762940596,0.5152495042044126,0
70.2721388120414,0.04742530928318349,8.114220025130681,-0.5087800071643701,0
68.39369461726363,0.7174707452580958,8.881137716710734,1.063006551165384,0
68.1037827168031,-0.08692265920189307,9.597247154890004,-0.44493172377840917,0
66.88250690948014,0.6954274149893009,11.124101342949668,0.9635090946727962,0
71.93368058642295,0.45599140530666255,11.241285376420352,-0.6113055520223374,0
71.14196599032435,0.7268484835333582,10.352100500647659,-0.142409023346823,0
68.24508845980372,-0.13219617923759044,9.53362798308035,-2.3897105248158765,0
70.94895857266316,0.7626113870907212,10.627863491764435,0.1418688667987304,0
68.55023667224934,-0.11901341282075685,11.40370360106282,-1.094051897804375,0
74.53066696944626,-0.7510228436896292,10.861650651355312,-0.5352953925714512,0
69.10349978471767,-1.0763274717087261,10.949233022844679,0.3440744445359334,0
72.15097736472357,-0.24756633787480334,11.339414797014939,0.14821011502283557,0
69.65465456496433,-0.2481228202852776,11.24004378442057,0.29122466802713104,0
70.84714442633388,-0.7395339663514767,9.941308071517872,-0.8039383049256772,0
68.38761759175785,-0.9266114918509059,10.591978377538148,-0.08560500826940448,0
70.00900513683327,-0.49231209449606805,10.185737791821685,-0.7959837541842942,0
69.82823916711033,0.3160178031473711,10.375568203120281,0.4734607245338782,0
68.64914706059926,-0.9708620468908348,10.278524519186837,-0.8534099194502414,0
69.35973726679117,-0.5887922176719725,9.767650102706236,0.5329458109521539,0
69.34267555020396,-0.6120823275266865,10.145338268286663,0.21503149867579838,0
70.04177763109574,0.14081381044167443,11.238599284152738,1.3308306649375123,0
71.4251599210548,-0.17524484969452866,10.362075846887603,-1.1101437617608396,0
70.02321220927836,0.9310904298381479,9.948312740710211,-0.009132339129377201,0
68.4327415950911,0.5577795802509938,9.716293920999346,0.2444172420108239,0
69.30260882285992,-0.6066727847164378,9.821188577573727,-0.8070420003638219,0
68.64522025188332,-0.28554656432532216,11.721976623380902,0.5182058898067052,0
70.63044061141731,-0.31452842947824133,10.608836460025813,-0.10814219014894835,0
72.44391442447962,-0.11017798471577997,11.720034998072741,-0.1847146371786878,0
70.18080542217858,-0.2328717758057875,9.973927370388042,-0.7845680801650903,0
67.70444733037151,-0.8311810763797934,9.159125378873403,-0.7563493048884625,0
70.57584632537937,-0.3223593492968304,9.844468257891219,1.0488087267006747,0
71.1866656333791,-0.7816427997753677,10.405700709632812,0.48174162241935864,0
69.71526483650074,-0.47420712910252216,10.362370134686346,-0.20464676393817866,0
70.53370011511616,0.29068632005581824,10.41974577890098,-0.3939076149280115,0
66.7716573771767,0.048138894416907524,9.87622288910305,-0.13199548898838526,0
70.65094834685927,0.267137552642917,8.923121760463122,0.6752362883869367,0
70.70095405229686,0.0817280304062681,10.065302298993753,1.751325817056262,0
70.90335110732391,-0.04251424938263976,8.411895802814449,-0.21580496380012773,0
70.9691976536552,-0.635271830200015,9.852725895050957,0.11363756727566816,0
71.57136526843097,-0.7526384043003095,9.815921574450476,-0.18857969345738057,0
70.00870071423556,0.20891147095200133,10.87761820621408,0.8778891285197155,0
75.19054990975967,0.11030882415303912,10.457477167097496,-0.0998304428374569,0
69.84179478705772,-0.4527418050360031,9.822395809540122,-0.5188025584271215,0
67.44652763954728,0.07891159709350908,9.439313855790715,0.16363595895460503,0
69.43058792096899,0.25230349243368405,11.441172097574402,0.4222617304417904,0
69.28660692413908,-0.18400840536684898,10.211281409027947,-0.33211781179956573,0
69.30697621460706,0.5729168329636627,10.285974901342197,-0.37874419697220263,0
70.37540354138136,-0.05778237832631411,9.493463476577595,0.1996720492301898,0
69.19827202035795,-0.29638495524531727,10.71418533566216,-0.543395166933306,0
72.77885845079504,-0.618520038174909,10.463761083398492,0.31650349106579934,0
70.7133478695621,0.14778938202948744,10.90435846802186,-0.20601329825505643,0
69.24992383210686,-0.16678495982062205,11.991069816530175,-0.8328998406878901,0
72.1586347627371,-0.415426060528594,10.537037679247337,0.8849612964930977,0
67.55500427119573,-0.44182260820647684,10.870338287348895,0.9611258297784696,0
68.82553089097752,0.8743356523639214,9.728503045825903,0.30541386219595634,0
72.54618648432336,-0.369819384918243,11.664714119522584,-0.5974754755927121,0
69.80808787205828,-0.1934417069868075,12.325499517857367,0.02546968599602875,0
71.73713752202869,0.5871472562626713,9.574787280261722,0.7198904678318826,0
69.37149043772146,-0.8632156220864341,9.630096355026534,0.04034949085238801,0
65.52759999671514,-0.5950910991218569,9.922506512307974,0.34278746101943836,0
71.26655544939432,-0.010405484012362163,9.342010265853101,0.4639745311125796,0
67.27009650442271,0.35407106049787507,8.477171431926326,0.731428537370476,0
68.19730714081686,0.7790980580692728,9.573621397913975,-0.49489128684154515,0
67.95466211287211,0.2867425797642395,8.794528687984577,-0.20775585570453728,0
70.85484420557593,-0.4439494767606463,9.085744279144606,-0.40788105998753976,0
67.28516460662962,-0.36141576144399407,9.983192619544335,-1.246663967850889,0
70.01407734949306,0.03771902328136172,10.18589316992453,-0.005697667654763867,0
65.30576930161817,-0.45083462688574627,10.308101724403075,-0.1336865982285452,0
67.72804825149059,0.7885462891469754,11.23810540642931,-1.0985742027312229,0
69.69071786436969,0.26804087449596026,11.61505620737393,-1.7026756742254259,0
71.2731437884591,-0.19379942231765418,10.159270124321436,-0.23947498204042417,0
73.31513234102863,0.9741086406062945,9.722287406731333,-0.7465217577488136,0
75.10604600788002,0.21326843025906397,8.92375208583041,0.8976424326925172,0
69.59192985006398,-0.16705965752183924,11.05572248658127,-1.3794476098787303,0
71.87266718738464,0.08987394068099382,10.352166899702961,0.15257167526713036,0
66.67442898313989,-0.38602436055308903,10.373969741971148,0.4102453601664755,0
69.86560778430362,-0.8296064488420816,9.732031387100177,-0.6400683072507689,0
68.45885374680725,0.23937128868534155,10.302145276951933,-1.209354399613754,0
69.73338606512434,0.283358369686549,10.18753575672448,-0.1388474337818596,0
70.01684218543302,-0.5914914979437862,11.886544292496488,0.10321558288072388,0
68.25787532313804,-0.924096728486283,8.226825707408333,-0.5022233790189818,0
72.06301890710313,-0.2871351674396102,9.734784260002968,-0.8126248828582124,0
72.9728197723149,1.1206587893316862,7.2635082574580885,-0.2975616274242853,0
70.97506090321632,0.24417407054733048,9.484699027193576,-0.38248494500670915,0
71.33988274500665,0.7569654909736931,8.211642155731909,-0.5591232932029356,0
70.91312856892135,-0.513666419785195,9.44583626006279,1.0573135355685974,0
70.56004983196381,-0.265430077038409,10.474414683839647,-1.0897360440340804,0
70.32606206603134,0.22522112236339262,11.200359306370462,0.5108322823501658,0
70.2721303297698,-0.09796141728655555,9.748980457342418,0.9787748862402167,0
72.47285100582029,0.2689977425836909,10.035228489727473,-0.6874125597624876,0
67.29651018479642,-0.22757303792472675,10.775604028823668,0.12795439245750292,0
72.55214903234159,-0.09423156416544708,8.372518302964302,-0.5512165641128118,0
71.66721813385254,0.12302820410315761,10.122363710701949,-0.0362822859289511,0
68.9880760079557,0.31925478476994373,9.47188279684869,0.3145834740489169,0
70.03723489062031,-0.8041505719792726,11.536503061540845,-0.2037958450023164,0
71.67446955046829,0.29373729950526034,9.97522528185073,-0.3686404136895234,0
70.40328103864461,-0.26684180879332947,9.16228425241296,-0.4088051611354983,0
66.65185728469291,-0.5047121202731712,9.857012519346494,0.4441362637977038,0
65.94996380292594,0.23900667488765953,11.326380840144045,0.7045882045010168,0
72.71421301727608,-0.6027709331790273,9.031080603420367,-1.1286415053204346,0
72.73072981874161,1.0915420465332888,8.393159282291222,-0.13212160820318525,0
67.32008087768348,-0.9393522412849761,9.04687375760106,1.1782184928784887,0
68.9968233289035,0.4006158393286996,10.655789780956463,-0.6680565584500948,0
72.66780483544146,-0.5469675902301998,9.479171213563795,0.35525634664331907,0
69.39272718258307,-0.12621837709232514,10.809119936543452,0.9197972519937396,0
66.38563068077667,0.014065147730993877,11.262872271351315,1.263049225420631,0
64.95911292795306,-0.3845424969198842,10.08383571539639,-0.33502499354486925,0
71.4407542508311,0.2418636763284955,10.54325927430303,-0.19113995416040727,0
69.64250038801889,0.46665047979631963,10.53222134402775,0.2673227894760039,0
70.21229712328211,-0.38255518718523746,9.241738863183745,0.10288400072539508,0
72.07127416748035,-0.507141455274074,10.326833790738291,0.31787387415273266,0
69.48370402963457,-0.059487651820299386,10.640377161354332,-0.6272232169038954,0
72.77997394916277,-0.8730900160736563,10.658784973274352,0.5540982325389956,0
72.7665759486513,-1.0199873864660545,8.93822491331548,0.8635944822815959,0
68.43920952873903,-0.014575734009036423,11.074796645628783,-0.8540603344160775,0
67.91258070044067,-0.4938549903543997,9.95784548856312,-0.5985650994526085,0
70.10931407555408,-0.05692522843588742,10.499931920896373,-0.5287935879643042,0
71.10107116139042,0.4231325620436929,10.888943915987639,0.3510474335173866,0
69.13857932433373,0.05201919463954956,8.598560227755605,0.24412402086511797,0
71.8103707715575,-0.3282784690791556,11.392101558364075,0.6664219621117597,0
73.92839011304694,-0.5605028405899292,10.076183804741756,-0.530153829572221,0
69.1705177879137,0.3844947912219125,11.153925984678247,-0.02066264601465599,0
69.32834171869659,-0.5432733703585895,9.950449040573071,0.21998316778613802,0
71.25799608172312,0.4674386436022482,9.440903384434419,-0.5421644866203098,0
72.659096022883,0.13254988120582606,8.285654614864653,1.283290945693275,0
68.63277792836615,0.4053698541808807,9.671192400744303,0.04436120058381639,0
73.33641496818748,-0.9106659548978606,9.678957649805643,-0.5801722259197843,0
69.450074334643,-0.1573062888307317,10.92414297709832,0.3437000582294215,0
69.05598318187836,0.7530328026705995,10.842195100394031,-0.7059308088051143,0
69.25019160472935,-0.33917679813949586,10.213517525540597,-0.30818616886588013,0
71.49145891662779,-0.2650690813076899,10.011964808217803,-0.47959074210633545,0
68.78240267159225,0.4230015383136681,8.490053103982152,0.1874380133703633,0
71.64403917187029,0.6538891638640969,9.060548895389402,0.9727831189695504,0
69.78325016539723,0.045324353126960024,10.278192293185198,-1.0555408059278886,0
72.62195822591313,0.34869342717641066,9.342117842219672,-0.472964729258832,0
74.71245935384366,-0.10115622919011576,9.926489796374463,-1.3056591100227803,0
69.53636531144346,0.2610029592230078,9.454032736910557,0.1160756112662853,0
70.6463137810519,-0.1849047489618343,11.003181473195145,-0.15321845718844643,0
69.8297823913094,-0.00556387145339985,8.200066849001924,0.46228219953441574,0
71.53784273983483,0.38794140904367164,10.444515840020562,-0.06909380180221354,0
71.08913961655794,1.363172612857789,8.89793621332368,0.48342211171812344,0
70.97974624733415,0.4207818282757804,8.573719557277,1.610882588565804,0
72.58174245877692,-0.1158063406216626,11.826009814680287,0.1322644280723991,0
74.23912470131144,0.10818793458710452,7.988644454563049,-0.02108294563803657,0
69.09398504915774,-0.6870624313463085,9.011136785577104,0.22446620131115355,0
68.50195054840601,0.5006931601009517,8.315938192821068,-0.19753040238011577,0
70.94126100888585,0.20323911279963494,9.438138837836982,0.21711627643912146,0
67.92961922988677,-0.3512432143361816,8.579239489374809,1.0465279101060714,0
69.19208627202289,-0.49687137205168136,9.7113521476121,1.0892442815153651,0
73.51610553770831,-0.446943379543344,11.810080340598919,-0.04219946836622798,0
72.3019107273868,0.43954576778158033,9.233271192324183,-0.5494637242882194,0
66.66231864785502,0.01885150746364374,10.411241775549415,-0.1618676626237241,0
67.52223089820002,0.22696312925782217,10.810137207890286,0.13479278649953305,0
68.75262869725046,0.16980546952275227,9.059962921441524,0.22038258488042747,0
70.75545629941952,0.5304413262889573,11.858549899350983,1.4764238274833552,0
71.77030890644672,-0.2653960159385138,10.667930922449745,-1.127842566593687,0
69.98626982011076,-0.06168726271946328,9.497619396731215,0.40370749695374,0
69.13751901338536,1.0059848511897351,9.826281688772553,1.5212891906757107,0
70.57926270421487,-0.4968479724400723,10.11386861870058,1.7150538556982662,0
69.69592264674067,0.045244005204674836,10.552559783493722,0.6363818814519274,0
71.50742672501215,-0.8458568398023991,9.268919056807373,-0.4246241745648758,0
76.079262789013,-0.3987781763351647,10.13824041949871,2.152785057809939,0
71.01394219687934,0.6728802095642085,10.851726945584826,-1.2666296765015188,0
69.0726287136146,-0.12341475761859691,8.19638548617765,-1.663281217960201,0
71.99748272719573,0.9608464121847594,8.933756464090935,-0.09296237402402438,0
72.91384007772676,0.5263112294416973,8.587597293631047,-0.03023015584077281,0
70.822630065377,-0.9399774400843424,9.459041581544133,-0.4455620991196497,0
65.39236292881942,-0.3976685337284919,10.126755145697619,0.3391699211423509,0
67.3988431217861,0.2697366723358199,9.802110727038885,-0.10511714380264542,0
68.81418845907524,-1.085683582444905,10.863941235542615,0.37305210810117795,0
69.94910162072841,-0.2641669335930326,8.646330623279244,0.3241906404890036,0
69.06967857575052,0.28799629058407433,10.672541360821917,-0.4018074674385907,0
68.53666372782348,-0.08278113593017647,10.329380629735047,-1.3799750578709538,0
70.37499025686448,-0.7276852276118513,9.63477493097244,1.8473947168707259,0
68.01402806313297,-0.5119418635802153,9.58962567061264,-0.17875426819731594,0
67.39596462518296,0.17095924019668168,10.637229606640282,0.40619212400337346,0
70.69602502259549,-0.1356664936939963,9.053546963918924,0.027390485356937007,0
71.04908810729809,-0.4231050509470043,9.789613349410637,0.009488617942253455,0
74.52818995585397,0.5641060005840717,11.352920864033159,0.5627703235338466,0
68.77121924047867,0.30621480627768594,11.524769667091409,-0.7924947118273415,0
70.12189365202302,0.064555390210168,10.560831738775711,0.9332474389976109,0
69.60373049926875,-0.07850786780849481,13.149035458270783,-0.38415910432027167,0
67.25447863683124,0.06962366422231415,9.437609875804077,-0.13526943314580706,0
69.7616444151601,-1.141161805123478,10.086087173030743,0.18346112146265636,0
72.36980949500919,0.08636337983653752,11.156322526075193,1.3135212041457163,0
71.05045925364709,0.230906463842634,9.670191353411195,0.49801945941413583,0
69.339034313523,-1.1739405551204614,9.87356752534378,0.9114153057828012,0
71.77223726023828,-0.13408338071382364,9.20835036973531,-0.21238478835842756,0
69.92933916780734,-0.584876708141433,8.992521783796965,-0.06422995080542403,0
70.43166242923434,0.28862612064067517,9.194990117617886,-1.5426263496237262,0
69.61229246220708,0.48997454389043055,8.524689432400987,-0.6845341599702072,0
68.65820378152314,0.8231981010379599,11.108331370300924,-0.26509580717201825,0
71.55631224424788,-0.3524402136825925,9.9662408061136,-1.4715059951154368,0
68.04119141605536,-0.4770125035224671,8.831453958891828,0.4448398607256594,0
68.01154423662064,0.5036504807457458,10.556355783594853,0.1901739350880366,0
72.33988226423118,0.1259793685670279,9.287569679856897,-0.34616278922116156,0
71.33403863057376,-0.6377523491185296,10.90968052722523,-0.16197294952980457,0
71.23740961870271,0.058891169028723836,9.219878813043337,1.2702784782453167,0
69.5134241839503,0.15135932964319473,9.467692069912866,-0.6434729529187414,0
70.18836429404004,-0.2510173285675094,9.938149186918967,0.10761777877418166,0
68.93569882742914,0.49224010037367527,10.600171438632898,-1.6434111568354046,0
68.1721909450015,-0.18639141082897087,9.01788884739144,-0.5845406393610048,0
71.28846971577715,0.24318511176983978,8.385466292764693,-1.0401873832804813,0
70.50245285368824,-0.15201010209234517,10.817519757677845,-0.5228597600374615,0
70.06813250997924,-0.43693687591312574,9.717399050162703,0.4794962931570645,0
70.76442861320196,-0.5556117630865463,11.043855307141545,-0.05117106317609889,0
70.87142134438595,0.21538546193852862,9.543672558099054,0.696080903645878,0
68.54688317531932,-0.18918351220215,8.780138142498828,-1.2365766952227766,0
74.39317665819998,-0.08328064864130538,9.588667817783415,1.5002102717540684,0
66.51508152990549,0.6097722718958156,10.245865926971241,-0.11131778039550469,0
69.5340435725506,-0.1497405548225925,11.488939682580494,0.8108174710917938,0
69.7319068495684,-0.3950627812468814,10.023460144993447,-0.8088506442093065,0
68.37429861344057,-0.1505193207859639,9.239040655317106,-0.518751234668245,0
69.27303491097847,-0.5196838227343025,11.518638494730236,-1.7018574503415795,0
71.39907814761274,0.3343481972383469,9.820151078955222,-0.13171035497031625,0
70.27618149002669,0.021399957231154593,10.697273206401064,0.43345068039902146,0
69.18250908747416,-0.4942680203558148,10.313122136184273,0.45695484770779954,0
71.56837315073714,-0.2763912332573363,12.475606746017029,-1.3848451577055736,0
73.68495829761599,-0.40478471193860505,9.893349313095252,1.3999633366217281,0
73.72126119917202,0.7775690375152863,10.796311268940324,0.324805356208946,0
67.22111794484785,-0.5952419924678005,9.923740614550612,0.48507965874323755,0
71.4406391613952,0.4231084741551022,11.395593436542319,1.1347033522606702,0
70.07976316101694,-1.0456249009753724,11.008995846416715,-0.17598177062668804,0
69.03470694248733,0.08384545653925371,8.70630849557251,-0.18122420365590253,0
67.10429790168723,-1.1610841257202746,9.292592230424704,1.1660958352110988,0
70.23679565495692,0.3868208764573422,9.880917366106283,0.31866350563633916,0
66.20938630737747,-0.3650132992135367,9.121922753742751,-1.0989615540854907,0
70.22056128717362,0.19383922379898116,10.347054883925178,-0.04977857236752928,0
71.39101665445433,0.028750198958050276,10.269248299701015,-0.4690837819333753,0
71.08361342661473,0.20886856282196184,8.968059908177255,-0.5277254009390883,0
72.12999462921564,-0.6565218751680136,9.583298610034623,0.8145528418299817,0
71.34453484714702,0.4879750028949362,10.602881765662891,-0.2888242665059306,0
66.44109014072426,1.0267035155748276,10.809863661802362,-0.7088062250606912,0
70.24199718663664,-0.31692058230413844,9.895771249942689,0.47183687460919227,0
68.58079629412384,0.9452928641002284,9.663566766487167,-0.36264238013187455,0
72.35553476789623,-0.5800972624689907,10.125582928882324,1.692281250490163,0
70.18564766595789,0.11111854473604431,9.422758884173204,-0.7470874248650521,0
69.55289726331476,1.1382703059114385,10.91790090896819,0.42848429290701306,0
71.38104916441358,0.47912706503224295,9.669888871987288,-0.013164020777517375,0
69.87163759979241,0.22458129373170796,9.034796168167313,-1.0436643664828167,0
68.52466076644824,0.19502584320210933,8.900477337877383,0.6166211736097705,0
67.70696411709899,-0.10772362290607998,8.61782695052532,0.4903763077194799,0
66.93592065345479,-1.0049678720459776,10.062778778287147,0.25955306916824145,0
71.5341102881228,0.08747091789023677,10.42259504865892,0.14844060927615432,0
70.41004313814517,0.6881671926974932,9.787456644983836,-0.7796137721988651,0
72.61718438128729,0.48361551704100597,10.57454409872723,-0.43420040544199967,0
70.96446549403949,0.8438700152121147,9.525507016265585,0.5391490871603518,0
67.32361019771452,-0.4628356513532004,10.981522476923331,0.528188314965542,0
69.3029872201888,-0.5417487812280383,9.258095632638843,1.6380979036798262,0
70.12432255919617,0.43391743108415487,10.583757204994,0.2178047654107018,0
70.894392763359,-0.16273447913326866,11.130915478763193,0.07254731097636719,0
69.36992207454739,0.27000029896175703,9.965257713465995,0.31899379092778585,0
68.3144623704694,-0.8839692377744491,7.805201753562668,-1.1772899154668879,0
67.99369184972338,-0.2888529559440093,10.007529024388404,0.3850249994134185,0
71.08636587685035,-0.5874137780441062,11.896022379831741,-0.09147810217915459,0
68.80497405758908,-0.04783649097593862,10.268694396350568,0.28288436619336527,0
68.90170735981009,0.7686780473676383,8.442365849642218,0.38235568888252014,0
71.53959556996217,-0.02471812804941504,9.051572937923844,0.0645456483902996,0
71.85834843866562,0.03968197355888034,9.478013378247576,-1.6330956688876708,0
70.60541354552936,-0.9743686240361201,11.099514538007947,-0.6209563639954814,0
72.31086413679661,0.4950573201227438,9.972072894132527,-0.16220536716843825,0
73.90389458056643,-0.131792426593196,9.702009197563974,-0.3723644140830573,0
68.50294006342428,0.005097988287004234,9.848076529292516,-2.1499615335686286,0
67.90366390866083,0.6382307471043754,10.860052696402978,1.8683491452752112,0
66.6608403630826,-0.9928967544501458,11.079949591155625,-0.8409902637331256,0
71.76100131574654,-0.3231630530817926,11.181745764077906,-0.2534914881664875,0
69.71039910078198,0.7503456967226996,10.75935072450649,-0.5155791327803936,0
64.45210441596352,0.7934936691988841,9.894493731230204,0.21585973169140849,0
68.18047768949745,-0.05769050870023824,9.188810203047964,-0.5533230329585492,0
64.95710560944293,0.36603635817308405,10.216878233962102,-0.6367248509958054,0
72.30804987929315,-0.11206412711722742,9.55833314000266,-0.8239761759134544,0
73.06007531255287,1.0561330046027069,8.947324863422448,-0.8294849978253845,0
69.45453029168861,0.3891339020639621,10.05455676764389,-0.13494659918503968,0
71.57773683567963,0.10379517073674606,9.724305181719435,-0.14601474879113935,0
69.27101567159193,0.49812557431026133,9.980849157951745,-0.0242266639845094,0
69.98327354536544,0.4642648746520786,9.589278311990096,1.5490793206127038,0
68.2634562766461,-0.7375274505303174,10.238295449831346,0.28065326808042024,0
69.1409628279279,1.6443856524140439,10.435817310737624,1.0024292516001125,0
71.22875439213547,0.1706873716501412,9.077379800795846,0.12558183262892397,0
71.07657427594798,-0.65901400973985,7.692081034507607,0.9766443348563847,0
71.26979350929253,0.22501503915530024,9.72300378943181,0.6536222055612178,0
67.22506457315492,-0.294568870305939,9.422119567831535,0.9439822845283153,0
69.45721957529751,-0.30471359381187807,10.836564016157261,0.7657910793606989,0
69.7331768791389,0.20073063708439,8.714704468217171,-0.45778814712156957,0
68.13770646945234,-0.1379006628351753,10.76219102670215,-0.6027326652679024,0
71.39134313868429,0.413061763239866,9.095240651191684,1.7240792455100964,0
69.47651139571387,-0.5466119159297692,9.061428303730944,0.36685208323476504,0
69.59952941043991,0.06330861435729085,7.657010376329576,-0.7273025266309308,0
67.04757297530156,0.40024727493588746,9.364161572986305,-0.44963956809840905,0
70.11069685304237,0.598469715307583,10.872503639954703,0.7182472795919196,0
68.47283520231538,-0.16685488264263304,10.033470845045938,-0.7984827600131803,0
69.82084314044918,0.03129286867723195,10.720502316732679,-1.525953386259127,0
69.35217222147422,0.041344112227046516,11.772151696166679,0.5073216135056485,0
68.93998609780802,-0.36416797715801086,10.67823494434418,0.38082334144780405,0
68.21786780208234,0.05211388324114412,11.523845025909802,0.4903451465812129,0
68.50023821664922,-0.7292007916235401,10.640239628442416,0.17723510389883199,0
72.02705470664078,0.6461761979673578,9.288952015647055,0.016786591412955888,0
68.23923489051836,-0.8731367166183993,9.728731966539145,0.6553776550338453,0
70.22701037885491,-0.0038718828960445204,8.481013776068991,0.11521473448868413,0
70.012699284514,0.002788676405484722,9.59628216736354,-0.24661676984706996,0
71.10932792956326,0.19326020869059457,8.13458096169223,0.24846589444229017,0
69.36491031756428,0.058499588987870235,10.73431489925723,0.5643726329901758,0
73.68358189337418,-0.10051849326846886,10.685498101045381,-0.8438310804423435,0
71.3167636956456,-0.6807480769077402,10.878691207749508,-0.8572216641004385,0
67.40891631051407,0.29319693376611644,10.735809035583614,1.3557902992191688,0
69.32778718720196,-0.2557152559414363,9.934151111292614,-1.004942171806041,0
68.36314486005404,0.06176340601666253,8.747770259186352,-1.757225325517565,0
67.03410805223395,0.03280013726770285,8.800894449684577,0.7815896610188786,0
71.62251728477612,0.32428400510022926,9.787877102516203,0.08669008196230313,0
67.51541592776658,0.171679861837304,10.847232872108027,0.04700401890889146,0
67.40947182153798,-0.8361038278373852,9.784662311875897,-0.1615209875548901,0
74.28099325752521,-0.7072800734943324,8.429987496238462,0.2567583614833785,0
69.04784474190619,1.394716319606819,8.767033182471392,1.2272766225527802,0
68.1478298289219,-0.009327638681585468,9.72968001183356,-0.7663180606571088,0
72.69722263817899,0.28062667241368555,9.048109768605903,1.0226851185568713,0
68.31350647796417,0.6709595810632512,10.184591526709527,-0.6290710350028778,0
70.13445516179725,-0.4234439184949801,8.249876450655059,1.1012017405197436,0
68.80973822854675,-0.3842867364585886,8.556216130931471,0.20718056055015213,0
65.932145410252,-0.5265590761777215,10.194013037516742,-0.9643460638496753,0
71.21642438588921,0.32149222790840876,10.888632505559977,-0.2055950381397747,0
68.4953890201863,-0.342164774773036,11.877489707912844,0.43564378848517765,0
70.4868115858589,0.18960582853462715,11.832482158192393,1.1552484626751296,0
66.6585862026461,0.12471499934872843,11.805828627247351,-0.1702655858993861,0
69.84007524864614,-0.36523873052815564,10.499758941714438,-0.2912671011896837,0
72.62060971033091,-0.525059580763621,9.680272012063188,0.1405000552094916,0
69.24769474524933,-0.15941740084208064,10.22229879476858,-0.2554136347839628,0
70.22889942156581,-0.6805179918766968,11.223231858120275,-1.5275523183699562,0
68.6605351576282,0.6983779285241815,7.844364304581392,1.6684579168588085,0
68.80580431294241,-0.14924597925097052,9.983184145011979,0.8580902822351135,0
69.69861972963939,0.326559208357733,10.96210813791693,1.2487744210830993,0
70.4710151388533,-0.3048175558476071,8.774861081414695,-0.5558501560739532,0
69.34002252175506,-0.2942206630750157,10.778873307603908,-1.5735119725794298,0
68.69890473141129,0.3954040756592944,9.629948633031612,-0.08920591258905798,0
71.2796289463292,0.7431578859087155,11.215334062709847,-0.6085819950555243,0
66.22094064100854,0.022707291672005938,8.975874180682812,-0.3878630631747892,0
68.33846006429698,0.5561023542767228,9.491919187116498,-0.15709463465379941,0
71.92710193872249,0.2162727797415817,9.72698553360849,0.21536380551291587,0
73.08026301568766,0.41172571845388056,9.850511656606724,0.3825098405674945,0
70.33032343226978,0.6731947897289087,9.653283200917581,0.49770525109821223,0
74.20963769318972,-0.41196215682979487,9.986465957790982,1.2470007423235072,0
73.68760078057106,0.41941563745630506,10.38637472436959,-0.06276721080195584,0
66.51319411676742,-0.4466120636031243,11.071054395388957,-0.3913667409352941,0
69.44939336757234,0.10104464870177915,9.84301555692827,-0.3669459569337391,0
65.60760496529139,0.20248328516720432,9.979787576958346,0.19671636237141663,0
69.1829187122478,0.3307897790788623,9.138241315403105,1.173429907501386,0
71.61319607961093,0.4830920168885184,9.770244306911938,-1.8076897633883147,0
67.87377623619786,-0.8777379561685188,10.03511673059737,0.3100247004329193,0
74.10369061325437,-0.3476721222819382,9.505208040541564,-1.3038805908590425,0
75.49448377771752,0.3103234345368512,11.283980506003033,-0.3344105713295361,0
69.37632748012497,-0.13305259588850962,7.704543817958493,-0.6149056884441633,0
69.92495040152467,0.14479831389769016,11.160700106813628,0.21123690042050894,0
68.75423697114354,-0.4305755749026792,9.358611995508367,1.4709219228701558,0
70.40975290043075,-0.018565147700155642,11.620451114932003,0.4700018979072269,0
70.9297296091046,-0.5726774505545907,10.966972332379438,-0.9315802063278172,0
69.80773800093337,-0.6322377436017469,11.612964512281842,0.43853835049430157,0
69.28751019287326,-0.4990842741563186,9.512041846285674,0.19326960738653473,0
66.05444128075592,0.4052916582534086,10.951742380587328,-0.08389133935542634,0
70.74277264126957,0.502328632990967,10.679054806662087,0.20692446045158042,0
68.78119766452815,-0.18967631123452375,9.966790296367495,-1.674927025949369,0
70.69449657505261,-0.6241600505411187,10.172985865437804,-0.007887490228046608,0
69.31023707045338,-0.8986531930763327,10.461410517015377,0.19281330221949053,0
70.25260624977108,0.1355132541483498,9.144698129708003,0.9459275632166488,0
70.06014460601706,0.415597235105517,9.103055169230954,-0.564753756469821,0
70.57462259328,0.13899576503376782,9.9984349605672,1.0020686818714342,0
66.74116295623007,0.025965790299865926,8.617279723910952,1.390405377022021,0
70.5866477007266,0.7764406412530191,11.624172857438754,-0.5010156006991144,0
69.22824888846274,0.7020818276785343,9.222096974680365,-0.10597208832811728,0
69.23726076207167,-0.5600626946095686,12.025509063932766,0.5718791007207725,0
69.23025799803956,-0.6702458847911564,9.874477612002961,0.5303211859216322,0
73.55591841537391,1.0359944129697474,10.200782398544714,1.3068606339654583,0
70.47103930430505,0.4680286035368244,10.224161690624939,-0.4047427069408426,0
73.0666215970228,-0.10709843491290104,9.35308161268222,-0.7114610138434825,0
71.77101105945785,0.3865905607637836,10.788989705866266,0.13591769193702,0
67.20179418436815,0.6231988301857717,10.697652049386459,0.3276783362874227,0
68.19535589428027,-0.37202988792099495,10.641301743432697,-0.5986134772125403,0
71.30492739649765,0.09348138407674234,10.425317105707595,0.7785745815239269,0
71.61541351288915,0.13758889538155336,9.106761577975664,-0.1909086819042416,0
72.703442449869,0.11136883443062988,11.771862209073754,-1.125868305702373,0
73.04704030923058,-0.5007283498827256,8.584709567405827,-0.7281395897166754,0
67.9663205422112,0.7907311516899993,9.033076464284362,0.34008545803000234,0
69.57551016183254,-0.808414136221918,10.450289129504933,0.13513441856075079,0
67.56102762319387,0.5167375488458491,9.135196237386907,-1.4228365533303915,0
72.06458758664931,-0.21198845210304637,8.836369116960787,-0.4567895418905682,0
68.81712509642053,-0.035307499204516445,8.784642719676993,0.8983069835848698,0
70.94668217248844,-0.1212250777687049,11.784824832393898,0.13663287819092915,0
70.80595875780507,-0.06411683200288558,10.000529710669959,1.0008918726779732,0
68.9527054940405,0.4270624357391299,9.291380556317057,-0.5032605203522823,0
68.11405590507613,-0.7350576294649078,10.505878101783155,-1.017312544249667,0
71.84138591563672,0.4563515417016133,9.661840307479048,0.5657449368253903,0
70.96458523314945,0.502464310121382,8.958070134665537,0.3305731107413584,0
72.23556878502937,-0.1216663471601011,10.39155809624782,-0.46515756390100843,0
74.41122211453447,0.42532807909712694,9.772920161709608,1.0832062820347284,0
69.71510112258385,0.167392269432922,10.727559052149008,1.232967964203735,0
69.34050083270132,0.9946389636103891,10.983553139772518,0.8091305338840104,0
71.67416813415315,0.5531035619637036,10.469306276513386,0.12089419491981256,0
72.94919257877254,0.18192542182632862,10.843116073175102,-0.8093992192473577,0
73.06956578895326,0.20711574118983844,11.469275780474879,0.4723404992746308,0
69.91225424507248,0.38515972202179083,9.141460689048522,-1.4220212722090164,0
68.0751197684647,0.6339698812968977,9.25141660689301,-0.4384387312729026,0
71.91470477861508,0.25336568794388187,9.266281974445443,-0.04076510126165071,0
69.11663087557235,0.4281663706524104,10.457395665212333,-0.7446422740782723,0
67.4333861548451,-0.7946230920378371,10.553427803669013,0.5567750724918814,0
70.42905770990471,-0.4387114927902263,8.78245199163611,0.6342528119846426,0
64.70179862328334,0.24676771311682527,9.573977932202277,-0.32786037855992345,0
74.43605756851609,0.31925795485709263,10.1934638789474,-0.09568504381901886,0
67.18626807486868,-0.5748052718228635,8.261533771326045,-0.09448689319921573,0
67.36372091523708,-0.03391313692445969,9.612466160537974,0.4620830758764628,0
70.25012215063686,-0.11252243106504912,9.854421903776426,-0.7749670465082059,0
70.8083438587848,-0.0027671326108980217,12.070655009127863,0.8745731296636093,0
70.37638736013871,0.584146848294215,8.874764670217228,-0.45468091603410726,0
67.17070587871682,0.40004030833305043,10.70495553350854,-0.8014220723895976,0
72.14441626466771,0.1795375425082557,8.934148291675825,-0.13202194396856018,0
69.54272710583672,0.943876595517692,9.80006143147053,0.5766269273199287,0
70.14866571876934,0.8534399196351078,9.28638108268369,0.6730005711417005,0
69.98872489146257,-0.24761153983565568,10.091349427557383,1.297667682090749,0
71.3837857428843,-0.3239389374276167,9.290371873347613,0.7612303367228993,0
72.50238716379363,-0.371913337310702,9.13826561758733,-0.536261860019278,0
67.73414873282701,0.3167659642737347,10.24004844887702,-0.3666780675759125,0
66.6343211994434,-0.20265515128351713,8.891340607162212,0.5816660832596713,0
71.00384480283856,0.29624236667650256,9.800647543062645,0.6757799071622972,0
71.8226714377407,0.25614978232074115,11.302749511195096,-0.11010624009818384,0
67.68531580929911,-0.6369937743063528,11.653372573812497,-0.962616695885807,0
71.00999469136472,0.024688351148798967,9.893237976751637,1.0138470515817388,0
72.9835876164363,-0.3502762120713682,10.184555577065986,0.15026120965898002,0
67.21866738665463,0.3196535735510726,10.531848749773003,-0.026947400116010906,0
73.00208262076183,-0.8312942119649568,10.771233587194748,-0.4235085749518261,0
67.91381221915086,0.36744347068527816,9.88088373824875,-0.39132506703851766,0
73.41881304619716,-0.6423483082373838,8.83776538343044,-0.602245385064603,0
70.60814480017933,-0.005606062937926444,9.933854368974325,-0.7472630858238029,0
68.05401007075241,0.1618142643144755,8.196092648923127,0.4713702037712117,0
69.44343906191378,0.5521125760613608,10.422213260171816,0.3812166907330725,0
70.44589045171205,-1.1081886364153457,10.385617060578545,-0.12978194148696837,0
72.12674204502794,-0.4092208935981998,9.0097205936557,0.8449728855629897,0
68.43920769477641,0.3693165677965284,8.670112369547956,-0.057995299999962495,0
70.84914506822429,-0.07677735204468995,9.732235335866953,0.6986713466931392,0
66.07470888196295,-0.4183122016512872,8.309603394045846,-0.7415429729163034,0
68.41817339111533,0.19623558394632734,9.738143849972285,0.4557003148905254,0
72.28094917928316,0.7181916662974569,9.709731231106781,-2.3964183456389736,0
70.59184709003684,0.5866784810043384,8.768663142216173,-0.5029929473426957,0
71.32799321047494,0.2395147854610615,10.588133159744853,0.4338424435855303,0
66.1402680483526,0.38966179470993356,9.464927333744381,1.7358888582139498,0
73.33868320820336,-0.05880495553007745,11.318269612913861,-0.541400829667276,0
70.86126808589206,0.26363933356005226,10.887721494164577,-1.1380940744445285,0
74.25228684858806,0.1845043023481548,11.206497999141888,-0.24874735928020178,0
70.07008075308032,-0.05510673188623654,10.113237939503628,-0.15881137216297656,0
71.38416665624909,1.1411578857159357,8.536543221074487,-0.5614257660190379,0
66.26089671246325,-0.12342745644095851,9.865731352011554,0.37023175827760046,0
68.95386051119651,-0.928945567337932,9.000209275164275,0.2913394002274986,0
69.67231952739039,0.9963388310625887,11.620441576128194,-0.05642296038183436,0
71.39034722094625,0.3121626637648378,11.5610600502101,0.6770577002473024,0
69.74762134400785,-0.4405791818821966,9.196908857647841,-0.02851904768501702,0
68.36490029751815,-0.43873524538495917,10.264916721080628,-1.2351353892101822,0
68.1983620846709,1.0442547528735266,7.8793379189823085,0.754778029238655,0
70.47926467350536,-0.42030987135249015,10.799417772031836,-0.987995529858352,0
70.38709151236414,-0.0936927839150794,9.916037333116366,-0.07570602919367075,0
71.267718337806,0.3681380657121248,11.401519423779202,-0.41834786351040754,0
69.89008749011884,0.28521594008283946,10.635301495454872,-1.1977604581763597,0
69.72932513287783,0.3257324363440553,11.74505963222133,-1.38097293689733,0
72.07492664996452,-0.650352075180845,10.373100635579029,0.005997819994244897,0
68.72115278974852,-0.1213537660568651,10.454242537008835,0.7490926967046412,0
69.83946067715092,0.48748457100207765,8.768447348154714,-0.5735080399255665,0
67.0887977678864,0.07233751715254119,10.359376791385232,0.611613251225348,0
70.18872710727791,0.41293018955055366,8.22275432307788,0.13385901532485117,0
68.53491902663997,0.2945349381059739,9.552630235783578,0.043023331299239416,0
73.13949414130917,0.6692153903421295,10.025649628101212,-0.6580704493236605,0
71.74177675472278,-0.08487548218415356,9.740533031154602,-0.33833878519983207,0
68.29001334498841,0.09630183858607293,11.168467844395977,0.8089580326878884,0
69.03435887556581,-0.8274223151208777,8.202036636455992,0.14747553120209841,0
67.94363391733785,0.03502221978167039,10.078762261284606,0.660375275121662,0
65.80411921530961,-0.049384968925083435,10.072542532822467,-0.27735687938206216,0
70.21267451142612,-0.3857608739336323,9.58922896648243,0.7263648623590787,0
68.11550869116029,0.17988022618068916,10.673631384840974,-0.3308531845160377,0
69.75097044336977,-0.4513997354551666,10.35850746385216,-0.6244549396366319,0
67.80015852017556,0.34992963522677567,10.340283818642128,0.4706125165818132,0
66.56865725784043,-0.8609297534009299,9.322809897205044,-0.46745346776622637,0
69.68292347485333,-0.06145649912155375,9.687353728270685,-1.4188228681966957,0
72.63495965096386,0.4195177618446815,11.453491691092973,-0.7152913701028263,0
67.24209737061422,-0.23796975329238332,9.058271993666747,-0.08868391774847184,0
70.37207829073839,0.2770150086735773,8.067663254562657,-0.35267647656264917,0
70.46553861826042,0.8912897543464379,10.759724067378995,-0.3822153759254218,0
70.6970839653578,0.7940462497911582,10.252051006502757,-0.0798150241548316,0
74.71163292839246,0.1490177618814226,10.8054969312161,0.4839586264613722,0
68.83658602261279,0.027678242393863534,9.770251584555682,0.5484283302322573,0
70.21159133816109,-0.3731646989760181,9.927742143020781,0.40693342099181584,0
70.6197924511501,-0.7130894850019889,11.115441146018048,0.9646509227366086,0
69.89440526116122,0.20898124486702738,11.430942569999297,0.5732623093021564,0
70.16110933954963,-0.516502046641214,11.875241740414163,0.13935471049713857,0
69.0924546087848,-0.17569869372581046,9.842763098835583,-1.4134624620826157,0
70.93580143887661,0.6407637414546664,9.663115545471298,0.65425374772858,0
69.56578134135863,-0.00844436500703517,9.898686217739249,0.5322859316928061,0
69.73836203746296,0.727565886567273,9.183617957165895,0.11864081187700817,0
74.35388403917237,0.7205105146634443,8.934122825665977,-0.34379828532111656,0
72.06483963541774,-0.3383174553197796,10.006304926545024,0.1489913355081904,0
67.99976735229383,0.009317328087730845,9.123383374569759,0.7215194614871403,0
71.10727596820608,0.22407998698270154,10.994193353737288,-0.12499562577251966,0
70.21552154464918,0.4774652736783035,8.676563055048366,-0.44364848266721135,0
68.19626114350122,0.7913179876249977,10.442614037914753,-0.054219788693297945,0
71.94397115821265,0.8743074807443647,9.24308039548234,0.03881729818519955,0
71.74709718813584,0.5370484249282601,8.41972918776611,0.21234500734978684,0
68.67094759544264,-0.14786437473186725,10.08319090223313,-0.6060218578989832,0
69.3160293247686,0.42060319035719856,10.514899407982181,0.5715674642036653,0
68.12654306286417,-0.20377158715747645,11.530378491287886,0.0428784757098001,0
70.11263696663188,-0.8892908878920945,9.168768479352849,-0.195866443691941,0
68.98201664487188,-0.3597448784781724,9.692796100746897,-0.9296860546311548,0
73.96099684338188,-1.2178477418427975,10.410790047778773,0.1845430390152961,0
69.39146233555869,-0.46087533654092616,10.025725943526288,-0.4753338363086604,0
69.98597431588674,-0.30144111690382586,7.529784945233226,0.8170846210331727,0
72.03838627633777,0.12764541650939867,10.861405286217874,1.26709604185998,0
66.68537125944283,0.06682333491342307,9.03408117524147,-0.23552075154276997,0
69.38074976136843,0.5117834262548734,9.380454567495562,1.7375832143323813,0
68.91900354735569,-0.5445549944964612,9.27731035773889,-0.5103584176336015,0
69.351820557811,-0.22368730644612267,9.330837518719997,-0.07876852967532082,0
67.6115799571146,-0.5197865908123855,9.244927741448056,-0.07391987319148893,0
65.43488500358356,0.27111518626685016,11.431292835129568,-0.5647018596651997,0
70.64704108443792,-0.21573742229441115,8.141338460059977,-0.2295575467169491,0
72.0713776838069,0.031995939315608,10.218325339799012,0.2415114102762515,0
71.71106457314546,-0.06231734845916541,10.587405373671219,1.138023702705831,0
68.25678797488763,-0.10529770065528551,11.04276490728353,0.3370232418211086,0
71.03022935289253,0.386528264408939,9.333030354253617,-0.20799162770656843,0
66.83570783016964,-0.8300071730860459,9.714768531044356,1.4656908362257257,0
71.79116733940114,-0.488447297022188,9.519684984378616,1.0517174028980698,0
68.74094964185133,0.2189563251244309,8.580851137981536,-0.29924610458891093,0
71.01659462465553,0.13451597922924732,9.901738810266831,-0.6436459589302838,0
69.9245429230202,0.23155157892940134,10.386291002109989,-1.018526192160475,0
70.18030150072731,-0.44533869459989345,10.18436923249279,-1.061264929360559,0
69.38188875586877,0.8941087312582757,11.026307506988946,-0.8597410656407215,0
68.80349954173246,0.050451136256060417,10.625552382925349,-2.352098861196397,0
73.02917200059994,0.4895732180881959,10.363391811563542,0.38212755680708255,0
71.2468986907489,-0.3132400562230981,10.259906172988119,-0.15929746507558723,0
67.85312188920963,-0.039545081377714245,9.54614083357265,-0.6125604454750068,0
69.00093954271702,-0.0005886612786774157,9.095328568336898,-0.2873115252224726,0
68.29325316043588,0.3736576847990695,9.540250211981673,0.8997277500445071,0
65.93142617678393,-0.1985746850787779,11.365020736335458,-1.6694859249426568,0
73.56776301301072,-0.3180202723522712,9.539708704357999,-1.4863101686413307,0
67.84437066766392,-0.215273878030307,10.368610438284483,-1.1803258835988117,0
68.00145947430137,-0.19025104462569287,9.869047178442221,0.14771503861066057,0
68.51106272317337,0.4185598952625656,9.222420063292025,-1.1321888550722274,0
70.57804428152868,0.6239974489054667,12.36773745995783,-0.024993354766318768,0
69.07113889915213,0.21141324749986512,9.997817278899895,-0.11717964792043592,0
67.71619487073403,0.21746574211351338,10.861588970446764,0.02432563863524586,0
71.59304493565504,0.26740915931556314,9.946695463711588,1.804545723444332,0
69.59087571435327,-0.08117978185299478,9.821776222195721,0.9019904177089005,0
72.96757840767293,0.21007850215321094,9.973257252393275,1.1206815206372942,0
73.66286623882296,-0.1678895001094769,11.49561839391542,-1.3887614397154282,0
72.82845868357593,-0.012301155478505356,8.869489809395773,0.055186453783016315,0
72.35587793410039,-0.5894371935400329,10.098533124073292,-0.2088833585103811,0
74.17024041620603,0.19099405128906108,10.932889538272152,1.0717659872656615,0
70.7318803586747,-0.19261651823039883,8.308026536259579,0.7488769601587637,0
72.67424934655352,0.24568206129267606,10.418615241740332,0.13828683636453465,0
64.49213281102288,-0.391461369136608,10.47405465008037,1.0366492629622799,0
73.79033251065374,0.0996418770003009,10.504875935652281,-0.5691255606265063,0
68.90079347186422,-1.0513098254243138,7.945766107589824,-0.9978243135889644,0
65.27314913592174,-0.12175464232483764,8.43512762731836,0.8719624013239868,0
69.6454288813424,-0.16038302828882786,10.53602408482044,-0.8409840508453605,0
69.8895726581975,-0.20758187559061572,9.247359267201004,0.2236414742556075,0
70.75207413068823,0.5627775292390176,10.771290694851649,1.173708353717588,0
70.0842949555632,-0.034215400144209526,9.861756801191229,0.7352007701283954,0
68.59128696031844,0.5439079865841555,9.5721026201791,-0.9756057597077196,0
69.03238080474905,0.05726441513119051,11.362381062149954,0.6970827036574632,0
71.05216876411146,0.6148255666299034,11.666861771129238,-0.29134229309220405,0
70.33759400590772,-0.33988834984593336,9.709711795666616,0.23360752374341606,0
69.75772555021474,-0.371481660303251,10.747764862999759,-0.9788372590186777,0
71.06081313709022,-0.18894070647719946,10.01955359522605,-0.426662302060876,0
72.95500464449344,0.25727063155598234,10.240455517088932,0.39583272296898564,0
69.42703930131427,0.32794566846024903,10.784651907713915,1.5357556187691723,0
70.73925005049229,0.3749334518206735,9.746345354740697,-0.5933991887276879,0
67.37563005508798,0.04175107444673323,9.166038574816646,0.9322593965763339,0
67.31580128033201,0.21956190014508895,10.13439633515685,-0.190633405343076,0
71.00206214745769,-0.42527895038716756,9.331620887465249,-0.12996664301666586,0
69.45367791903452,-0.4408795257995491,10.666114382885166,-1.3238065751189882,0
70.81953782472822,0.7479519626501937,8.118442699210554,-0.03561741293397568,0
70.23968900127188,-0.20971658502156632,10.113272397510263,-0.611651107045695,0
69.50478995370982,0.025485632790318777,11.097506455022684,0.7769940804741688,0
70.42689444939235,0.2528124456650761,9.175010973156777,-0.4005787841615853,0
68.08152536396429,0.4623920214344393,11.519499582489496,0.2625093417699173,0
67.22816532360369,-0.7330381669839094,11.044807040351923,0.04151417533419714,0
68.53352500189524,0.6224822758390649,11.7867827879772,1.0413916039502353,0
69.22328667252476,0.5260824909547037,10.081881614346743,0.1544546512123384,0
70.80290857557958,-0.5143164651923353,9.050895887997852,-0.3926923660507381,0
66.94247027492632,0.5602621918437833,9.984363372363973,0.773173486652469,0
68.41949893780995,0.641359295068402,9.175888978983975,2.0215897616001706,0
72.43676244957081,-0.5908463929461291,10.965916641182856,-0.5550282508185496,0
66.96678032197826,0.4107847339532642,10.969995688306327,-0.23084069124051526,0
72.35796063343787,0.10691449340304245,11.843099627354258,-0.782434231980403,0
74.671288441847,-0.25922455915852355,10.852724726761757,2.0324962553615293,0
70.01226391332956,-0.26374020203852994,8.734361504229007,1.7584685125111286,0
71.69067196786014,-0.07973371611455139,10.178490265280367,-1.4315237289221645,0
68.83779020278081,0.07710987088497784,10.564919542717314,0.0023943960672024828,0
71.2558442289953,-0.2840470367647442,10.642432935010998,0.2841245296745322,0
70.25135963630271,0.2080821815103911,10.050277383670698,1.2148467501745004,0
71.09526454699176,-0.39929079441180115,9.089865076054021,0.10435291962893115,0
67.00369239338377,0.13899209824396855,9.301281251272972,-1.6765015163473131,0
68.14971380717114,-0.8221821599363862,9.539095346183528,-1.3065818044404978,0
70.864514962994,0.1485242328004126,10.043831658402944,-0.4268775995442193,0
70.62236867548833,-1.0570178262789927,10.68744767789386,-1.1727139350730513,0
68.21919993905922,0.22827865219836596,11.042252787830641,0.40301195205291435,0
69.84027342532936,-0.6632257888990795,10.24229366403548,1.078353532515868,0
70.21478060923866,-0.4769136131253775,9.003927089357656,1.2582508569324542,0
67.43536415878809,-0.5342683680572421,11.237835013429205,-0.5891250856336004,0
70.83462162209739,0.24611431643480988,10.257882617755504,0.8301418894579767,0
68.44497982700524,0.6161109538364054,9.268565300820814,0.2948609478718279,0
67.18814348592547,0.6056359943459809,12.462682939350975,0.4381274899155447,0
68.94636645776723,0.14108873532985527,9.21808152961673,-1.381695560164169,0
69.18940343893277,0.045400800067499796,9.819190680802361,-0.3404974224396844,0
72.34273191490166,-0.6860391888401646,10.874034873846599,0.053812673099469105,0
68.24405793404213,-0.22257131195866028,8.892491638033087,0.25926873186195337,0
71.96321591865764,-0.12627658695812463,10.11367917774635,-0.6735630693297237,0
69.84595131474106,0.7079815621492103,8.5676102391809,-0.8732346324852444,0
68.16164307994475,0.14846826718133657,9.109051676715117,0.11956875568620602,0
68.14035876843998,-0.10399388696481437,10.621613270773256,-2.192711776196903,0
68.07188635729754,-0.09733569660201405,9.739909912032056,-0.4065876093982844,0
67.57192876725763,0.9959532808571211,9.440069222226922,-0.284878792450892,0
71.24066869452979,-0.7443728780378552,9.697059741251346,0.07042739145965478,0
69.79844366494116,0.24951935226534971,9.04552962673584,0.04986396447601488,0
72.33660789514981,-0.48843142626939173,9.986734684051223,0.725833254502909,0
68.94253656393704,0.8861195364684438,9.394964125636868,-0.13322791802879583,0
69.76602874596392,0.07359160390505436,9.357507596454305,1.0145537048086222,0
68.44994401484301,-0.26613591776320744,11.595140290422592,0.29884999230601256,0
70.00723106034668,0.20950362324622532,11.334773888020573,0.7215045453241647,0
68.57450859702058,-0.39373109502615733,9.587015157839751,2.1120691748731546,0
69.4403918360764,-0.34691638482977843,10.867766605906418,-1.3504620491441806,0
69.73560674157017,-0.6052573332030625,9.614483727722957,0.08245993800936463,0
69.21436153267365,0.20192788337559273,11.410141998524109,-0.16530599180762362,0
71.44722590275383,-0.3311481506109932,10.401958188787829,-0.04007639787245706,0
72.98692149248677,-0.3661653640716029,9.81193313055118,0.07962482878775133,0
71.46672970644835,-0.11822888163113536,8.813260588164155,-1.358007198815437,0
71.10655784591421,-0.4555794015740827,10.485419670733632,0.34859470335834614,0
69.88285494063362,0.4239949997424906,8.04507196538356,-0.13831939026883752,0
70.14059134376471,0.8949165595041958,9.203598832546634,0.6432641704221775,0
70.14426198791016,-0.5346857258196761,9.965863396925853,-1.3883575276334443,0
69.49890215621002,0.7354071437753886,8.26382427580478,-1.0721067585364823,0
69.30425746396868,-0.3590826530823277,9.837729147760163,0.08564448290869879,0
69.09463952257038,0.13515643246260045,9.855408538418597,1.0754206070266792,0
71.73030290388631,-0.06601457266857878,10.034226082324409,0.15031708799639054,0
69.67209625249417,0.16186911283280112,9.62844934135077,1.2268393424540622,0
71.2383807851323,-0.5894171874245603,9.40857230736778,-0.5351315679550893,0
66.46511332946486,0.7401064400896089,10.909755853749077,0.05758879903694502,0
68.7658992157913,0.44570202613559035,8.399433728648852,0.31211431414829743,0
70.75737997624451,0.7499054046027593,9.642468304513306,-0.5442195985476943,0
73.83142635319602,0.19689750813464227,11.383845811766314,-0.2276429031080316,0
68.2941536047982,-0.1729710083781573,10.76305698157347,2.2342370352359375,0
68.86881158010974,0.3042308921475057,9.402048149818043,1.0990170560417747,0
72.75247967055434,0.12931577284199391,10.465107753388398,0.645105198789528,0
63.98277679626099,0.6902790443485222,12.663596608055505,0.3156868476215331,0
67.82107435836136,-0.20169916776756885,10.216099947172328,1.794994545333587,0
71.85010225586612,0.503187688035403,10.264732291502197,-0.2927798625308262,0
71.23161377113493,1.5256479461098285,9.433630053849487,-0.2158071354161053,0
71.87418092492493,0.7293386855505811,9.901289708218567,-0.8062288273754794,0
67.19978815940351,0.45347707743391724,8.822461512337604,0.5320034819718611,0
69.19745956379819,0.4305525475867868,11.637453043101912,1.0245583616407472,0
73.28239997629397,-0.20937905896155778,9.48834708885653,0.9023864711933888,0
66.91521570088925,0.620447430397067,8.88393213584255,0.02899569458459368,0
71.00592867738338,-0.48495448258529733,10.555276341062482,-0.2301856095700967,0
69.41043655187612,0.5988582101782438,9.437203053418466,0.7717334286774432,0
72.04657651130078,0.9629696782011979,8.918489807538219,0.778839179908323,0
72.02864209599777,-0.08278660770639497,9.090763817403518,-0.8400191947636062,0
71.79241293717405,0.5318746470964474,11.352899703278752,-0.007413359170058444,0
69.45999345624432,-1.198520386545688,9.655596715591546,0.5405730530282361,0
67.95084258980152,-0.23834272039618623,10.808908932286878,0.41621293238720974,0
69.81675137819462,-1.0358024988234915,9.28183195656269,-0.8353834434160707,0
72.54889917022511,-0.7372487125976601,10.507213140127293,0.6518098105513461,0
70.87585600180539,-0.2199286339958486,12.081677893509358,-0.6942138370697776,0
69.26521456414774,0.3736377455750603,10.53670878440066,-0.335453014955444,0
68.54478928696413,0.09053995617025591,7.589108302129276,-1.4623627141710518,0
71.55493305433076,-1.2850108197799885,9.51454190542153,-0.0005244901643467491,0
68.57553169123317,-0.2726903413754632,10.516452187930945,-0.2266111363535564,0
65.01914054764141,0.3013319128581139,10.256105679877919,0.00886660860352684,0
68.21818087069644,-0.9002826973640912,11.990058865663695,-0.044680186082604496,0
71.87812583397445,0.22226361607723666,9.900083631525325,1.2667852505071093,0
72.50951779600408,0.5964754422099877,9.25528970355596,-0.7892392675652302,0
72.26455898574106,0.08500663805289968,9.8750754014608,-0.6585990501239327,0
67.01440874954599,0.5538627246167309,10.111768617720763,-0.7549945997582259,0
69.5015944122138,-0.5854429984841817,9.376154181699286,-0.6835707911744721,0
70.79918785997832,0.19744289122524625,9.853467239936878,1.4896079350903642,0
70.02188989713507,-0.24339281645565497,10.503122744314318,0.7208723937486015,0
67.63576422807508,0.9335024880154269,10.19389487105523,-0.5270686376157421,0
72.34934627339604,0.4107268983396558,11.914392161909957,0.7691006568130482,0
68.50362439066944,0.019816941172780024,9.947470138134669,0.6679805046760725,0
66.69118296338411,0.2997386445706166,9.596107182126472,-0.9852027065654895,0
67.19315633489812,-0.47320533961072175,10.493149954317554,0.529070004817797,0
70.34863419127474,0.47338891514803005,9.460259381361189,0.5041240834584468,0
71.10423341871599,-0.09979503440768672,9.243053763501974,-0.6773273768404247,0
68.44608285845689,0.154198611539846,9.939328215862675,-1.232038208225797,0
71.0067417638267,0.3309760880814223,8.937054520053866,0.7570649636805085,0
71.35805909944155,0.06036488039482698,9.567258970964625,1.0017598211091865,0
69.81090548091545,0.7976758601555052,9.90490614437784,-2.6645549075789923,0
67.69545598998941,0.38708795840556315,10.440466816217365,0.6448958313886131,0
72.18198447944604,0.8122636016144735,9.619301197334817,0.7124209928874067,0
71.5286868704913,-0.431251260402904,10.593930613974269,0.8530884974862399,0
71.92724626780237,0.9513252628276291,12.413738543958978,0.17314264498847143,0
69.05654881716508,0.35972154551369906,10.129805111641344,0.6377386048879081,0
70.61806266983487,-0.8687483967926827,9.448069349280068,-0.6077070926882975,0
65.72675360348474,0.2791542330552436,11.59210211755495,-0.8504447752524906,0
71.97890328709833,-0.7206780385311637,9.288180203600609,-0.08696201025119309,0
70.86830441444418,0.7060902064570311,9.633461662305143,0.21732129985283125,0
69.64261156960535,0.1637012760802848,8.831602053575699,-0.3251817008775144,0
69.77709797886813,-1.0134928306315636,10.333579807527657,-0.05014760943416644,0
68.62075801548114,-0.15361167572619636,9.937443503859598,1.3110968885029044,0
68.9268924773036,-0.6738642850544712,10.047213223259275,1.2231890674891985,0
69.44853620011719,0.03905429315416726,9.019237689068127,-0.6419573572942019,0
71.09031520505897,0.17626700675610188,10.176127181807484,-0.25367890729267517,0
71.99526969779333,-0.3476163971439384,10.666743751278753,0.21454714502387537,0
67.73425309392651,-0.33825203085143907,8.79026171619938,0.22098415968643864,0
70.34368638515315,-0.429662619791085,9.559247006011649,-0.3944481710421035,0
70.62113903230103,0.13935987347965706,10.405782334982726,0.9461413551848182,0
70.50434288301639,0.5639742736254113,8.803003334795722,-0.4456915886775106,0
70.62531601040575,-0.18623911908811405,11.311122787069278,-0.9071017789379751,0
71.2307775503512,0.8512753054563904,9.169283015763138,-0.5815603877535784,0
73.3522412623233,0.0026071705089312815,9.063456782304623,-0.5541513575129241,0
71.05988000736738,0.5326454552299266,7.550163134792158,-0.17533036111549316,0
68.76667608911825,0.9563561706361955,10.004931118889754,0.6419662469026932,0
68.4068740696471,-0.16136231765347164,7.4424921718446715,0.8094199162574258,0
72.17944833311914,-0.1934711331442958,8.85970967963383,1.963915067708654,0
68.82682822943417,0.05498218015058638,10.974665344640814,0.34067952157498343,0
68.4665106172309,1.0724420858424681,8.664482454131136,0.3983715481203015,0
68.76689813293845,-0.07624726552538262,10.305234547859323,-1.335060521714814,0
70.54079440225284,0.5745239540316398,9.47638038254276,0.8899684387226261,0
71.34833107659486,0.25447308580454725,8.995090088938907,-0.661049868238134,0
70.65805301664055,0.24076239183918272,10.180545892117625,-1.3969560792095077,0
71.64622504130584,-0.549166391915947,11.380625997602918,1.673013984110482,0
72.89144204357004,-0.08599645851131582,10.41934723045997,-1.3505972689484107,0
69.43530167052242,1.1534447787606215,8.06087637293927,0.27595404347983526,0
69.62996856078965,0.26412368746647646,9.530662541515909,0.6466792713724615,0
69.93427412457915,-0.5462444598777855,9.108038096204217,0.36190097840590246,0
67.05941295810068,0.4216274565000563,7.83176894234079,1.1935206072938438,0
67.80723838337546,0.7195948191050769,11.685960634488453,-0.21374765735356427,0
73.09887500082854,0.09529732943867587,10.40839224582802,1.2278164774955371,0
69.46278889618789,0.4644848910099154,9.228195930535817,1.273582623041733,0
68.8267479610163,0.5695842648862486,10.217280365128925,0.5287758176063878,0
66.06037171832425,-0.018217014433689813,10.584477825368545,0.37140499943131433,0
68.9559271906565,0.508456219468989,9.797687950289458,-0.8866449155744518,0
70.60371710030091,-0.027679080599030428,9.177703071242165,-1.0282587971477986,0
71.9424935185815,-0.3129695711119528,9.742804994468822,1.073384346621121,0
69.34582207008174,0.1635055168184835,9.486210477931317,-0.494498233093971,0
66.9063999367688,0.8293241706619486,10.411561014974843,0.2759895230963458,0
69.99806535444075,-0.4429272170786147,10.163231939697264,-0.8164181913906712,0
70.66090356062384,0.23282340876811203,9.798138925573344,0.509446744924303,0
71.27666541168323,0.19698156852518037,8.47772810940851,-0.5988165720320685,0
69.83436024051063,0.6139143009846523,9.945909224720568,0.1625051473500455,0
70.10389701768203,-0.1858458129803293,10.352610969128964,-1.2292726724340144,0
68.4669034570548,0.9017972978365147,10.899066720349154,-0.48812065693659124,0
70.95491713148238,-0.21157646592331567,8.910473935623566,0.17578911330756175,0
68.50048747139002,0.6523451807150099,9.781406636095973,-0.5889216000969374,0
69.99361107555308,-0.10817832204127013,10.753349797900823,0.5602124285465394,0
68.16424883669521,0.3499857492406672,11.170655523622393,0.29153690621899864,0
72.04724304377339,-0.3115089999976182,11.066683710464183,0.08716824478930635,0
72.32116855317109,0.11859182486893323,10.527848171109753,-1.3491287361347404,0
67.38760172512215,0.032817080342619306,8.91830295966092,-0.973805345695782,0
65.0391418043584,-0.5395296211749847,10.235304267033232,-0.9673686867076619,0
71.1634620400154,-0.9229146373414404,11.926626858205761,0.9475807168612163,0
65.14977143793526,-1.0035185861949616,10.020458604493856,-1.3656365345184762,0
68.53884580443368,0.1692450631671655,8.03435561372629,0.4969019908688359,0
69.79858854662498,-0.7231942392774919,11.295329644242573,0.5119122796410375,0
68.68982246679462,0.5174938793266023,9.34611100852176,-1.38664356779577,0
69.62021720933939,0.042943497683897,9.89931298497407,-0.040875090758370064,0
70.18424676689791,-0.08604833923660472,10.163623575437091,0.834261866526005,0
69.92103429930545,0.3545376590774,9.593960575762376,-0.6329718045550656,0
67.1441594170051,0.19409649638355736,10.163243634199116,-1.0375487195196873,0
67.48145251223056,0.815469058656633,10.386617127180662,-0.3410134224175134,0
70.1956402184244,-0.3362060553048112,10.0960749061451,0.1676540864453469,0
66.90486644401021,-0.5765866152451253,10.229412328873957,-0.9800437918980927,0
71.7096508332928,-0.12516389558495677,9.711386260999832,0.5304798793946585,0
70.43487111573742,0.41062733991931677,9.29308477157344,0.2913667573838373,0
71.2891623238941,-0.1363476302663121,9.66594844849038,0.3429885690956011,0
71.73249024995762,-0.31936437978178445,10.489204861043978,-0.6698300726848231,0
66.90126369682228,0.28467695963379763,9.938025716696153,-0.7812093188653372,0
68.09286210833312,0.1655445991105326,10.269291317819803,0.7526733679779434,0
70.34811018557818,-0.20285694207853547,11.002748570691896,1.5767735844488602,0
69.83756301484917,-0.25146879415815354,10.021015755961509,-0.4048028633047294,0
67.28096438969796,0.04659122226138223,9.998258894208593,-0.6984165957584627,0
72.10306113026229,1.3522275735319178,10.29069633603847,-0.718944845425602,0
69.96763956360894,0.24356111274814757,9.883705491420136,0.025795199852367924,0
70.66609004729027,-0.47743071498953,10.585170396192819,-0.5843817589961192,0
73.58732748550032,-0.3182289531144457,8.22331782986505,0.6241165676216294,0
67.47381811985964,1.915222181077418,11.238899636900639,0.5815453055864582,0
68.26284523668971,0.36071944288207786,10.764272607208921,-0.1931162419070006,0
68.93754187721446,-0.35311621569672463,10.479679607051926,0.46825752027333567,0
69.03843474806017,-0.10327295014803332,10.860208686920023,1.0230584640812397,0
70.05481473552935,-0.17714045979513837,10.648427136588994,-1.5188479870085965,0
68.97657788608291,-0.4085461083631717,9.496331942820007,0.238717426487001,0
72.19824207836913,1.0366786193270254,11.607038430541966,-0.28482755130338555,0
70.46849963804135,-0.2940965216183807,10.34897536483432,-0.2652299220825191,0
71.22764080681537,0.49994106312012293,9.51655507374618,1.052116131844463,0
71.3202215630113,-0.2124363622963544,9.244761800497724,1.261823691199468,0
67.94407313253868,0.9133056474170429,11.981080805944595,0.3461416799161249,0
70.52841012316617,-0.07972803739273128,9.032570008819766,0.7543842831304413,0
68.84104175135425,-0.04627213207632027,12.123618343272177,0.15993009155480822,0
74.98842049963706,0.8149828162055931,10.864518717194535,0.5900233580353776,0
73.91696039854332,-0.10270173803681756,9.476955515443983,-0.09831110200212548,0
67.73185535661392,-0.4300544809578403,9.576105324510591,0.8345096242874557,0
70.8585731909083,-0.15008356937208364,9.470611122430617,-0.6349017831075031,0
67.60032253256762,-0.5196563042389546,8.35412052508494,0.18494881391128104,0
70.79031568523061,-0.26498896058372956,10.101053776576954,0.4140493090005906,0
71.33699330084752,-0.12680826172339574,10.388093000646352,0.1762882533224982,0
66.56351477464003,0.5930693657697537,10.565279964588123,0.3518206143020734,0
71.17203989058603,0.6727729428778675,8.719216923551501,1.902518354163261,0
68.8109023971639,-0.5277556157797533,8.165113600610251,-0.7732911742575008,0
70.06603251613117,-0.26521796583578106,8.701800434539942,0.5538977890026148,0
65.89763056168275,-0.5585369086048408,12.12458995833682,0.3712445514901624,0
69.5292745281539,0.10371064697816444,10.203933800363911,0.4804122370396331,0
70.32829580407127,0.1030466832975696,10.16498930147608,-0.4567565178225073,0
68.8530895688127,0.5849826101112973,9.086635523974708,0.07442517375158651,0
67.45519716653813,-0.6665992072619974,9.029575826129722,-0.40918801220052603,0
70.61080298795672,0.6798562627736305,9.519944981201979,-0.11388001409495614,0
69.37357665516002,0.8408841707058211,10.805279027160339,-0.3339503304609148,0
71.1985796542688,-0.23997787586026312,10.405140642122882,-0.8661473323497084,0
67.18738373329114,-0.22311146360611692,9.548944532279327,-0.6373896134877599,0
69.28297368039397,-0.021585306330627007,9.048892096728515,0.858454115430523,0
71.01360984284324,-0.057054300917590915,10.158393426445492,0.8755525932240569,0
71.93713609313443,0.40649663021116034,9.42414324678114,1.559561325447004,0
69.24911843155968,0.5012554984569141,10.41418169670005,-0.03276773861221718,0
71.58976204935689,-0.4397281047774266,8.095469780646658,1.1430998865027975,0
71.31679404165975,-0.0030100548633692583,10.379574759593758,-0.47840613471485416,0
73.23421230728547,0.08525239244420346,9.176405029818467,0.8612399520965095,0
72.29497937023825,0.8084613623194432,8.227329944266328,-0.22502377434080112,0
69.05883022370627,0.2749453632055473,11.163167034162655,-0.32079251072540904,0
69.3525001407652,0.16295234534400713,10.717160381820651,0.9790228337979565,0
67.16341889892337,-0.6508677138415582,10.003984630523194,-0.4594632591620187,0
72.56437599597109,-0.24366813600178433,10.50824846049169,-0.5023537436872948,0
74.71715330046717,-0.3102510450628972,9.380656631887996,1.6474578665920792,0
74.16967637981897,-0.1852478311016053,9.469930437261233,0.08641774988099211,0
70.04922498319429,-0.00503923247601142,9.98936085123868,1.0190680136481982,0
68.29015891857921,1.0486140439350804,8.082415714807373,-1.3205413989405497,0
71.91507417882183,0.18685662404681458,11.150685175731411,1.1683372440791036,0
70.33215607907897,-0.9031094590620965,10.710060702372902,-0.18098355307968206,0
70.65201132850909,-0.7019820512678963,9.492253050729863,0.3317605511937609,0
70.38660917731978,-0.16501390582472317,10.782853977953602,-0.14679371721518217,0
70.80189272996238,-0.16032307477815283,9.843880436117175,-1.9187751861065168,0
71.25212208300181,0.44153070056166643,9.206323704869348,-1.194437298768433,0
70.99675676217858,0.01688688026144086,9.825549233331367,0.34511569246733276,0
68.43974196113709,-0.4078436602912703,9.550393685285842,-0.5701041468314204,0
72.33293704215102,0.5822419547453848,9.633489270053785,0.08645017340320676,0
74.35594351683396,-0.14457704204577615,9.567145330892401,0.535359438595253,0
71.95492448361404,-0.03704481040532164,10.379222884051723,-0.2474114191926713,0
67.40601850261467,0.1384424623164135,11.092787575351393,-0.8606874652879534,0
70.92948701304694,-0.8101620180655423,10.0740187758833,0.3683753821130573,0
72.71942074472005,-0.010230077474921861,9.228935372438649,-0.442549899842276,0
72.01588634986724,-0.5410098091277672,11.332120408586945,-1.7586150225436765,0
67.4870298893187,0.33682281980619455,10.536902741081576,-0.48616646909446326,0
69.73917504407403,-0.39640548120154906,9.987499982132151,0.9525308548326761,0
66.66979770494511,0.46011735189877434,10.414182604478837,-0.03534528943843678,0
72.91505050746731,0.5374306089279949,10.053270459735806,0.9341387434128283,0
67.51131044358233,-0.4008151864333328,11.38383746509366,0.8472631148575641,0
69.33913561636236,-0.6196424185848805,10.506834490587076,-0.6624846701197602,0
65.47729743822214,-0.13538620615649347,8.995967120326359,0.730075416433073,0
67.00424833976385,-0.47755789648802527,11.255164274168763,-0.2980906478857403,0
72.5143047535135,0.5717680514991742,9.042378652644835,0.9177935175730183,0
71.72256229151681,-0.2974756839790755,8.703050847563988,0.8179976152889428,0
67.97755749411206,0.721293340829072,10.78191927837849,-0.8360520514738383,0
65.30152262873031,-0.16917191585114974,10.543649786420218,-1.0377835293007047,0
70.51378437646348,-0.7324092672003282,11.276967392515738,0.16601892656805858,0
74.77594256524262,0.18253470268567523,11.831216093537083,1.0476389296773314,0
71.0353224326802,-0.7654611686763223,10.4472578586579,-0.4962050187179797,0
70.76493935076076,-0.41744985703997617,10.745846752068182,-0.09997114450463163,0
69.40971040762864,0.052076987044705904,7.03670414283715,0.637266241143794,0
69.70622893560999,0.8852542989517954,10.433340901990722,1.3287260549704074,0
68.314406365496,-0.12899510640127385,9.24653473526897,0.4303420209557285,0
71.54346423734587,-0.8845165672794791,10.5597085872142,-0.5650892913017607,0
67.55727641868425,-0.5480284798493598,10.370604098793997,-0.4925575842885966,0
70.43859383202731,-0.2034187758754143,9.74947694597339,-1.1249880668058188,0
69.0967223769059,0.541091240830715,10.383329980676276,0.7234790215067531,0
69.71119079702528,0.7805475866562456,8.930221417888554,1.1687426685765925,0
72.65965590626743,-0.5105590035119896,10.85417023293671,-0.17861992419647368,0
72.01923164955674,0.4255851469479493,11.304456803434926,-0.6730756356904103,0
66.87691902438199,-0.3118860440433408,9.021538354067461,-0.19185478434718242,0
69.55417421379236,-0.3135079541398166,11.137357352368344,0.5817888623214483,0
71.45764198301592,-0.35566424290577264,9.866885932025172,1.2646719369751889,0
68.03178340344479,-0.10295672638281586,10.411666007003019,-0.17767609663902062,0
73.53266671450267,-0.2501276714515683,10.634228833772111,-0.43361573869515335,0
69.25064490421641,-0.08830850707754961,11.081064463091732,-0.0030490916665572194,0
72.43813349621124,0.15966049766166182,9.603779626784496,-0.5558916857056623,0
66.21677006514167,0.032739858106755816,10.746192434282241,-0.06301179407462562,0
70.43711695444502,0.7141225717779504,10.033547015714717,0.1235910949880791,0
70.01626854938634,0.10237110119772323,8.547171467686951,-0.9891416935418962,0
67.82464324454355,0.3238163639237932,9.061824213560108,-0.34221277344163986,0
71.5221334378199,-0.5385276136994281,8.539698709243282,-1.201825382343679,0
73.28641602498935,-0.1083531015137073,9.239528687591314,-2.1831588161751534,0
70.51534449844878,-0.36927388711711,8.528571814100964,1.2499284474185748,0
71.62082324534961,-0.16956789430910596,8.430384064388175,1.575983674937305,0
72.63194456582205,0.7415613288936709,10.750255599777296,-0.051961332971359575,0
68.98010451008432,-0.06252922967269148,11.738829123214128,-0.16676154443316937,0
67.72958544752883,-0.026602500822616518,9.29522418361572,1.3377116232944175,0
67.46696112124711,-0.48544281594320676,9.708735012564697,-1.1274744672350985,0
64.53163153169695,-0.48320575329527926,8.724115167970469,0.22622723177985837,0
72.62394283539712,0.2278290929454324,8.929633865195608,0.015427124926926859,0
71.1734904518157,-0.0889150880168249,8.810126200696644,-0.37659798956277435,0
71.72894618847818,0.16347063390887384,10.380949539257209,-0.3346004855023568,0
69.69518804219605,-0.16738654353143426,9.74757406604974,-1.0191999035441355,0
73.05131373530014,-0.2619719943871497,9.736675573086552,-0.9052832050622549,0
68.64287223811681,-1.1467499509025456,10.693564739552166,-0.04820783511824572,0
67.62488576875062,0.18425701918025994,9.591626442145056,-0.6378857987684149,0
66.30105598003291,-0.4341358979020636,10.526627618095295,-0.14789787704326038,0
67.0685402043269,-0.1862675162705622,9.954054756239353,0.08573757789674691,0
67.56299723009585,-0.5014064738852871,9.682201735393766,0.3138932831163159,0
72.73114648530465,-0.0978147087879974,8.409145325578839,-0.24088820145966394,0
69.8345226635098,-0.37593874842910374,8.645121164986074,-0.8034864560943005,0
70.54325698731108,0.28554415559651036,9.309427382378384,-0.7544658943624598,0
70.63173917445484,0.14737985829679318,11.232311452818442,-0.3469214686372464,0
71.87947427869734,-0.15584226607607748,8.709050308032376,0.6777074488878401,0
71.18232550067678,0.3505596858342253,10.77189857476998,0.42458016658484043,0
68.90932392776202,-0.9909090299430432,9.361197302213991,0.0010216569554762874,0
68.83243137871594,0.20809712259799112,11.41015640336945,-0.10209236013639839,0
68.21585483463684,0.7055797812329837,9.799243113952922,-0.02426698898529982,0
65.54562547249925,-0.8768593113901214,10.900507416577023,0.2807678221307403,0
72.52227290678773,1.1220399348671541,9.904950020032192,-0.014070595057220426,0
69.64519492726234,0.07844516182461565,11.06541531631576,-0.5781095737664997,0
73.16752417849686,-0.9651123242915585,10.525033892617284,1.032001335124599,0
70.58346769717055,0.3192369119342626,8.857457524800656,1.3404630620076632,0
72.30861788050015,-0.3531091744433705,8.116291067154295,-0.7557716528655508,0
68.88571678361187,-0.9905377540363234,10.249798406636124,0.4078697704148688,0
70.20855112707102,-0.11263837508494187,11.205339758951936,0.23968255774738223,0
74.58978976613419,-0.3097921542547948,10.303997319922672,-0.6472320996584888,0
69.52298894909337,0.44770871074280094,10.511895726728719,0.8762153302218384,0
71.90063432453765,-0.3441721412996639,7.259074698224456,-1.6680758011309678,0
74.13087468752745,-0.5677491608846221,11.135505447694188,-0.4372181170555732,0
68.33034519330758,0.35044410492835626,10.946498929934814,0.6793335818306727,0
68.99427794474852,0.405455554338062,10.122176058606545,1.4725260902657513,0
70.76907678740413,0.47119927406941187,8.5973711670093,1.3858942293349177,0
73.21106327431659,-0.4339656211849067,11.32239222890338,-0.674471627955506,0
70.48421744887055,-0.19325885684256364,8.53552065823927,-0.1468373937722008,0
68.94980123679703,0.5529507078867532,8.902428836330603,-0.4479956673592107,0
68.02087479441911,0.387866493780149,10.266658924261508,0.6698770482677523,0
68.74179515885662,0.10680241087842189,10.990188398055546,-0.28943111714066444,0
69.23855580350634,0.08217951813763445,10.464151035914622,0.05602637173139172,0
67.457328320097,-0.25748592796260306,8.926853293947623,2.343077667522927,0
70.44614118055432,-0.8510189554478921,9.613549115518248,-0.9296203023509678,0
74.67943379432012,0.3131938013090916,9.532588681844404,0.9967687550128685,0
72.02684757284192,-0.3668051916617131,8.96226951431179,-1.0155765753960362,0
69.39239684823482,-0.03324518872768111,9.789092726828448,0.48833875651810726,0
70.63986627726221,-0.03661560834729373,10.928028495901035,-1.4482068404815933,0
69.82468383820425,-0.6076441242968419,10.419209009014475,0.6932599269056734,0
68.62019832848495,-1.0433953953791697,11.992157386595384,1.13739240044619,0
72.46241845025772,-0.494106951790575,10.605104002987416,0.23890046251375807,0
70.7680338938944,0.6888712734743133,12.248437423225798,0.1767929298505938,0
70.8342407418128,0.7356021093688105,10.086652985778375,-0.035699694652130035,0
70.22129168946192,0.9148610973904489,11.410357012900128,-2.0130953298061125,0
73.7314699096871,-0.07586339307219803,8.678880793179104,1.100498173268815,0
71.0620736401383,0.07670042206285514,10.035729098703255,1.1885254870275535,0
71.5460183371904,-0.3541646561317523,8.196311336948174,-0.684987689592639,0
69.049572339338,-0.24118816578253197,11.181483794512484,-0.9024460711398095,0
69.56635094112461,0.7578206371058618,9.107704301325773,0.41680735066092817,0
69.24474385169054,1.058796472294798,10.471165394004807,-0.8457745620808792,0
67.73039873795402,-0.41294694961272194,8.77785385220544,0.7537959700688257,0
67.19974040962587,0.23171203131372653,10.24077465519045,1.1234303817510563,0
73.23006801193712,0.7144363373154518,9.365167445997548,0.03664262765382683,0
67.7596793776038,1.0597618560348554,9.93829566416636,1.2081666560679265,0
71.82710812059666,-0.21277587261204353,9.202545037758112,-0.14791470788803102,0
69.13299882684939,-0.1021752108474823,11.361104353448116,1.014840949020078,0
73.654847596198,-0.8155316237975228,8.894821245382197,-0.316743050651186,0
74.5925173667259,1.1790574390210724,9.527883309232521,0.07461736836665207,0
70.50627364886088,0.9376272634239365,10.678555838197092,1.243243767642879,0
70.51639572666227,-0.3488635105083165,9.19601725024324,-0.569353302393579,0
71.68248212968258,0.5267727763792017,12.25202446619542,0.4752915227710861,0
70.136305714792,-0.32181292558904334,10.215248963722997,0.6782982846589731,0
65.57554133183737,-0.5103586436182361,8.669136256551951,1.6467007040354453,0
71.63735761486362,-0.21891296449679062,10.43863101899128,1.0951563036586072,0
69.1055877451094,0.1818970360403078,9.905827963642434,0.28018529374419837,0
70.5300259734158,0.3008125600896501,9.412698741900412,-0.7203058242439999,0
70.52382767128596,-0.1371275263772765,10.032542551372732,0.9807273857018727,0
68.95761257257435,-0.097262794788244,10.333095992149154,-0.06101393860456651,0
69.18134159797968,-0.47102495931359156,8.643638874783568,-0.2373526499582834,0
72.24119487841025,1.0178951586019855,9.61805386258407,0.3238641618952354,0
71.1596887914884,0.22138444552771136,9.05571110561481,0.6986356702661008,0
71.33358081265628,-0.7879451893572476,10.520939123379407,0.3895955934320711,0
68.21669445930902,-0.4646302353121405,11.293496265882997,0.5184734099443208,0
73.98597430524052,-0.6252901229067296,9.499763296309752,-0.5145187810803312,0
68.36993796873077,-0.3640752654700929,9.981616155127767,-1.2123681251448748,0
68.60143119479064,-0.29903513028531364,11.09862083570061,-0.06651818223918955,0
71.00849888063858,-0.13979213137140295,9.079695966593366,-0.17165000819823922,0
71.75368507675032,0.5608845012593079,11.197241609915535,1.8610378616370173,0
74.1342266382088,-0.005581797415381791,9.860999203155428,0.12131970162345374,0
70.38073756519564,-0.2620551573211737,8.474692145721098,0.31386121511828097,0
68.6133580886055,-0.09249497873327014,8.435185834349069,0.8829811761439154,0
67.12484609744769,0.951827323700341,9.085062250739691,0.3955884196271626,0
69.77509382006617,-0.5387353282212908,9.273476971974016,0.4904824560498286,0
69.0725122147135,0.4480159537920403,9.886645330487626,-0.5356299991098843,0
70.2683668849629,0.31852048194962684,10.693739409027822,1.5295343744315801,0
68.50157594598343,-0.5847956165029263,11.021475721421952,-0.5909412800032903,0
70.17967251695941,-0.5101788570665656,9.571774015253649,-0.43596874253431794,0
70.60523958675466,0.18604965174600488,9.512898822088149,-0.5525201083160186,0
71.71776554765383,-0.7486453653557242,9.769462842319792,-0.1812043747152783,0
70.51876128012255,0.6199346817687472,10.544744687329606,0.656396594301987,0
68.7463942917214,-0.03460155028949054,8.558831769687814,0.43168570875761836,0
67.76330130153457,0.4869500735883439,9.758299628724648,1.3101939104217415,0
68.9268171369157,-0.1128419799048511,8.576223517682848,0.8072023766910489,0
70.66308216402558,0.48726859941914114,8.026540386301473,0.3157923014143371,0
73.1563081310965,0.8461764940023812,9.060278159264115,1.7015102520928005,0
67.51802528229027,-0.5287721315884718,11.067981207906797,-0.8446004293276484,0
70.19491737563814,-0.20603663263205238,11.988182347916782,0.08671793912755464,0
73.70065799259623,0.3183966706242596,9.16561660157074,1.5890382477906677,0
70.33252671939215,0.2733191959831364,10.441443879202726,1.4921211067006328,0
67.14529822973627,0.8309431701765757,8.375068301201534,-0.7517787678658792,0
66.91908704841546,0.12155896035786949,9.885669941665874,0.3586504890318235,0
66.02141188221817,-0.40751920793161994,10.598171413261761,0.676515011643198,0
67.28124558382326,-0.13988928273713383,10.690855786622555,0.8504405832817352,0
64.38237690174228,0.2718604932262993,9.203202914788223,-1.6089119070505156,0
72.92014132589408,-0.11034358005580892,10.656101520287116,0.6913216596172724,0
70.0384805999928,-0.2697527597544839,9.284005467377003,0.5314983576004588,0
70.19243769774148,0.08811032333886908,9.300308587060107,-1.366431488791983,0
72.40634868315014,-0.27874754415746406,10.879904956785161,1.541775402543116,0
74.75743129723823,-0.22458499000006152,8.09829946959102,-0.6786862702561464,0
74.15994437677072,-0.07977594345791023,10.488784710589124,0.18068348313806082,0
69.38056724894192,0.4755414305519375,11.857110810759654,2.031048572782676,0
70.75702006850193,-0.7189268352510069,10.853914722464852,-0.16821000738292324,0
68.82935037235188,-1.1832089555215624,11.177980058028105,0.5420299100820787,0
70.10938416936858,-0.08540662332392066,10.805707047163004,-0.5261226907453239,0
71.90111293105295,0.8525633218856362,10.288933268370041,0.6062124813114248,0
65.58596384579259,-0.14244699033106836,7.830919155180563,0.11345366407846802,0
71.39927533251637,0.11857038475513886,9.619663190788048,0.8186367831565589,0
69.47547534377728,0.05876253148178869,9.999974778953227,-1.3510945761926143,0
69.21016961219459,0.05323560166498405,9.498056651896496,-0.1340363906400882,0
72.7719340502368,-0.09530254656138754,9.98102127960783,-0.1568449518073763,0
66.82745914435807,0.7385346209838224,9.802628903777011,0.14824342627723539,0
68.54385781533995,-0.6813603612256204,9.07604628938077,1.2385528943228192,0
72.12246688637595,-0.6963928530900283,9.236078523604444,0.4031205153147419,0
72.9843566630599,-0.27974931698129446,8.903689633575857,-0.299558446197861,0
69.53745210835115,1.0998225489505498,10.367327674977423,-0.16450737077622882,0
69.11984080813356,-0.37867610275613534,9.509825821549175,-0.02168275739579071,0
71.34980519880993,-0.8406305263114994,10.307611014848389,0.1960135107579062,0
69.1904169897964,0.2065370201293293,10.55194600911461,-1.3177981711982694,0
70.1824198570496,-0.05259484300960357,11.80736187094775,0.12245675700683814,0
71.90001093048366,-0.5048111586759361,10.77936517991404,0.9330431294254157,0
71.53528837058367,-0.401846549547441,11.229395293632418,-1.0034743904244157,0
70.80278123849864,0.15736401128897895,9.81044231025311,-0.5117240617817133,0
69.97965251863386,-0.20565351010916413,12.062190836829293,1.0719104477463894,0
73.54101430060209,0.021369358233964766,10.033994587684187,0.2547821979811585,0
71.54354129548786,0.21028933484832396,8.88228870951045,-0.1666940186119441,0
71.9325714745703,1.4053724218061356,9.494109211507581,-0.3157961398373945,0
69.28854984004705,0.7294633266545462,10.235172205957952,-0.21337817035785053,0
70.08948919314246,0.051635094166484326,10.298180948157768,0.4744239979453524,0
71.54560958025174,0.49105450656661453,11.528952668591659,-0.21170468866127545,0
69.768287234009,-0.189859855950323,10.339301357792152,0.6500892213088396,0
71.18926238520554,-0.01499399460313467,9.11599284006348,-0.8051907285288467,0
68.09032224764442,-0.35403870212988064,9.767351718582653,0.8228538610259615,0
71.47099295842865,-0.7277436353742182,8.568192708755237,-0.22261693242222927,0
71.49250113886019,-0.07570938886845707,10.00987026552544,-0.29238734914148556,0
71.69614274987836,0.1765252725669732,9.850978402002644,-1.1062432388188939,0
70.33694261265146,-0.1859270338470354,10.143721597803708,-1.2643237428048897,0
73.29349898756536,0.06219340745627834,11.132477326607031,0.5609317996160951,0
71.63862608045955,-0.2376604907164205,9.36810255838205,-1.0934943796693948,0
71.42873365928347,0.15691430723855374,10.585014084902223,-0.7402901963798194,0
69.88777089939997,-0.5714960674231466,8.30210025220499,0.0026036394640704154,0
67.09184439690384,1.7252666761971418,10.48750375860869,0.9902130151697657,0
71.79925003070268,0.12366097157684054,8.914025936640238,0.19451147730813986,0
73.43254593469143,-0.4478495500768265,11.099280028815338,-0.15475943947212364,0
71.76772039724585,-0.32495963682184636,11.045331957912401,1.0382420130943844,0
69.61034120717216,0.05387571736200687,10.558714940826512,0.5363872929802276,0
72.82285534854478,-0.04545875597181438,9.864752880652203,0.07921608955688156,0
70.75697720196466,-0.7114803074862774,10.625285601026139,0.9487991061432928,0
70.36020401469305,0.20424500350547573,9.557939845301075,0.2877610035510751,0
69.78161738398722,0.0893246321462831,9.33710022014152,0.42633500725689943,0
72.42570322926282,-0.17537440752711805,10.160968449657664,0.9146750560736847,0
69.64999823813582,-0.525276028805105,10.558131065495221,-0.15340301749294794,0
70.68892285208693,-0.03386534602611197,10.361284694115662,-0.07142976702613,0
68.98859994003855,0.5097718042559793,9.820925952616221,0.5679943090953622,0
73.38227610224766,-0.31443615177798995,9.860239761089217,0.06485375264413686,0
69.58102619176314,0.27454378046286865,8.964038444415223,-0.8876663065713439,0
69.08023780925221,0.10997629722844986,10.55921871238681,0.47298832518046385,0
69.42690810793478,-0.8957273495362648,10.63114176223187,-0.5793008626849795,0
70.70981935750673,-0.03335387264554893,9.018086840508941,0.2712751726944095,0
70.44786305738873,0.42997104493576593,10.210568198246548,1.6129753582956898,0
68.29661457090847,1.0274076586998862,11.732027169131271,-0.24157965960987668,0
67.53077403266062,-0.22222538265740166,9.679423487164815,0.4592246621058285,0
71.22955873185951,0.31574080251289716,8.210178260349313,-1.5772049047972738,0
70.35396103351019,0.6644077004634596,10.150807949442507,1.4757877714619485,0
67.75294816662492,0.04034994742242496,11.18721459309787,0.11633167298513054,0
72.74825025510468,0.4706134378980352,9.706251100148476,-0.23092105173878066,0
67.28732673368555,0.038644891874808414,11.95128198754593,-1.2764200362426856,0
69.78058709820841,0.5435453919049695,10.303613771432047,-1.395158964190304,0
69.81778786155895,0.2741026045164062,10.201057265289274,-0.22802866676183067,0
70.0607524991242,0.7078567432626245,9.129539251764657,1.3209383808995088,0
68.8825952492073,0.030746286205639437,9.874837860886423,0.6954776497795374,0
72.7134875126296,-0.06290146003347992,8.183882652188139,-0.3373415368326993,0
66.93767043698027,-0.9978334146377414,9.585808485395601,-0.2331502237582621,0
69.66081679499638,-0.8110222002484111,10.607255037282789,1.347859969745605,0
69.28363944978659,0.8659920760991269,8.364415074510648,0.6876347771837513,0
71.55182719665031,0.026645832115852714,10.139763102194193,0.1423998051950047,0
68.03531511094712,-0.6908535919431892,10.984370680584831,0.4246524793347759,0
70.95366524204,-0.15171025135919655,9.104894095820582,-0.7241374068462643,0
67.19796730371063,-0.46867007174786285,10.623172885533858,0.4006654131550934,0
69.49180778935887,0.7723026922913112,9.429108156207835,0.13788945517549084,0
73.45665987949234,0.9034393815952693,11.431974504750894,1.130064890571829,0
68.18505704091719,-0.1555877767388843,9.363392601313988,1.1714595108185761,0
67.32248605821707,-0.218085492105191,9.39164135270076,-0.6383637598300674,0
68.23903927318247,0.8428265548595252,10.796416257749673,0.1404586216349193,0
67.62412990312941,-0.25977066342566113,10.251863624611772,-0.18159228684908774,0
69.78280864189976,-0.2603013247755641,10.345191917267588,0.11719772347731594,0
71.4104464309757,0.4955345645959557,10.68078530007011,-0.21514767332362852,0
70.15681061896083,-1.3386468940134586,9.45734756042019,0.7018919067058715,0
70.0124498840097,-0.5823022880371581,8.82902206911765,-0.272871495923046,0
68.73761966687505,-0.39048962232485773,11.045912381190456,1.2309446072888726,0
70.85854740365731,-0.5014838596043872,11.649291678656931,1.1669129475580629,0
69.90012710286538,0.3689335147574391,9.215611288264109,-0.8064533330307925,0
73.64061107917763,0.311506982511249,10.04509596106943,0.23269662356303245,0
70.28171517278219,0.3570099605325829,11.16121662868265,1.3241061824782439,0
68.23363586953216,-0.0016200246755908945,10.055798107796793,-1.1908468010886828,0
73.38151187023269,0.10278201712634567,8.513434162075612,0.058126396055558895,0
69.17563988033812,-0.597340174191021,11.292553126858135,0.26639762257132,0
70.67631631806378,0.6390885415769916,11.554110603295227,0.05591064192415734,0
68.32995035485301,-0.2349678153199119,10.48135847685671,-0.28506959432582574,0
70.57456435901024,0.6029514812060318,11.422492878114646,-0.6710727921905065,0
69.49998253348173,0.6250081674572453,9.411140122426065,-0.03225320744988344,0
70.81941637299803,0.6525298197493795,9.549404471239384,0.6140520819227641,0
69.9345774302661,0.25134932283093325,9.946680533621798,0.18870293284785788,0
67.68758400107468,-0.43900250464630114,8.982652489311276,-0.06047928207868647,0
70.23228366699568,0.13380636610193272,10.554690852107797,-1.2414765131518317,0
70.94058095354316,-0.23741871748136445,8.500190628165008,-0.5665124148088064,0
71.49107531172376,-0.6494527785221905,11.39694333090917,-0.9648251597317657,0
69.57069989633763,0.12818735997177938,9.09175272466522,-0.7368749315905304,0
71.14016884315959,-0.2532774150893225,9.140791124760641,-0.04801449231735119,0
70.26459618417825,0.30888597069914897,9.407811691435356,0.8134780187610121,0
69.40091523234155,-0.7835793291118424,9.039128597941502,0.20829784372279853,0
70.10919254660371,-1.1257281891166713,8.662721579754571,0.13395118435983233,0
70.82755999334378,-0.7120670129558527,10.371838848224737,-0.12250510533113781,0
70.0363666805715,0.00726146763140644,10.314247118404214,0.049923908023636214,0
71.59733753997631,0.028178339469501868,11.085261611619929,5.171125974329198e-05,0
69.32120230494587,-1.2633201653847799,10.784765133664754,0.43966019186284266,0
66.75949150721958,-1.054937801238843,9.950536329226509,-0.7717408160921376,0
69.45465982843552,0.71521381288893,9.921566789030546,0.20409812311254694,0
70.80602799663473,0.18941005990683116,7.764165983631877,0.4962445964925576,0
74.41177652230306,-0.11627632764630243,11.035376287988514,0.7810157448196414,0
73.39104071508433,-0.2612424951600588,11.693374342161299,-1.2675011686792397,0
70.44607719037568,0.21745277730176696,9.826272391531543,-0.8707350164361195,0
72.3300275211329,-0.5042559104142933,9.969057342984481,0.16909573886627982,0
69.33313967630508,-0.06995403663384187,9.7508854206595,-0.5204902741197762,0
68.4426621606547,0.2921716696700954,11.035534439147204,0.19702347641407106,0
68.78805363054131,0.06632454731736842,12.126596301735596,0.14216839696654957,0
67.19647997667902,-1.0540951780688612,11.1220207068159,-0.8822301695968605,0
69.73837728464574,-0.3301262921465692,9.838328511566015,1.1862498774539034,0
71.25664111151967,-0.07398500125007608,9.325262273252712,-1.3552671621667123,0
70.60063489154447,-0.003928153307915066,8.181266979240778,-0.610314827116683,0
67.09507777343251,-0.2819776963774179,10.413275065542312,-1.2247409958966724,0
69.92285291751925,-0.41039789343981875,10.81293423748631,0.4037002718281395,0
71.07823329000817,-0.5662311449722204,8.493203890136513,1.2319712159587606,0
69.62824892535136,-0.6168155103703907,9.386172144816907,1.0315693361164195,0
67.8020593613927,0.363412354491758,8.011002217777296,1.6500625378127212,0
70.12273038461743,-0.28094080215606054,9.01983524008704,-1.484527857137765,0
69.07867841329094,-0.45708325851330645,10.412780822990861,-0.08172778698595409,0
69.9781152527041,0.27205176386325924,11.281983588582165,-0.5248449038931483,0
67.62847986285104,0.18947729915680608,9.109912578347544,-1.5215968380791658,0
67.52001935413836,0.9316375789441447,10.55654559620221,-0.04854843296679824,0
68.45857027988146,0.5935354569788043,9.93617113787343,-1.5604835729260855,0
65.07837091713446,-0.614245133376321,10.489901340503454,-1.4405208558394005,0
67.03770041607694,0.5644516178948868,12.234166536179151,-1.6632027093972361,0
67.67025598397072,-0.1652391358989474,9.317794883796193,-0.28009044418883955,0
65.46109588924801,-0.37223384681440824,9.901940554402229,-1.2118027915830991,0
70.54434106207749,-0.5633380809023939,9.130857360366342,1.3543633414015965,0
66.71049162125523,0.8399021466227911,8.169485079199514,-0.21424986543651584,0
70.35921612293976,0.45628942509558545,8.602277162314024,0.7295031060270296,0
72.24459507321568,0.4433846863703932,8.18358617059873,0.43553252404953524,0
71.0220569940792,-0.19759524064171918,11.77645040211628,0.005323028367092193,0
69.04512067991698,-0.0067680858148418425,10.238529619436616,0.2439622005853006,0
71.41570624178847,-0.11472585125223714,8.447849055636555,0.831160630564599,0
69.12971122931157,-0.058738391494451904,10.08598605371531,-0.16035750611824484,0
70.99676129327902,0.049318775588926195,10.679926399422122,1.2726097774288667,0
71.37806305832359,0.16566366113763298,10.997734736247041,-0.25374363768449565,0
68.7297196926783,0.3963193244453333,9.727901553951858,-0.639964033599515,0
68.95875894546424,0.2216273319459198,8.797560689747128,0.463605488906452,0
67.26270194870925,0.09327585227146105,11.122709707834751,0.24192317357134502,0
71.72096300215614,0.08633371170309506,11.523668256399928,0.2407921715370331,0
71.26558780783596,-0.37676056498892213,9.559381555133282,-0.0881889649786084,0
68.9526130431802,-0.6446187181651284,8.418868697792776,1.716944223849815,0
69.53005642406754,0.007163008852949874,11.122198740195584,0.22253487643311112,0
71.8844630662923,-0.3163958743881449,9.599419906436253,-0.09034751089153309,0
69.48965480741064,-0.7825748865055594,10.972648419747951,-0.4131771786535405,0
69.99114716843361,-0.3716468054300088,10.263035058648963,-0.021225760255957175,0
68.72799411990982,0.8059368179681765,10.42696443951924,-0.44240152354636475,0
69.75649013790867,0.03830906087763768,11.378872234669654,1.1510352586438939,0
70.90168680497739,-1.1489239188995228,8.890322991404247,0.3232029440088015,0
66.99113506131032,0.1771955781069709,8.263061063394298,1.1765867407610848,0
69.64046474750917,-0.12996778232444234,8.670914839699368,-0.6347907273384243,0
65.69354320313562,0.060274252754937974,9.839512261191345,0.45921651849253076,0
69.55056050669538,0.43436342024833574,10.447622735036704,0.29501333798407176,0
70.69549482330227,-0.2842392226193584,9.893545836862698,0.007377317455421965,0
70.5839787121034,-0.8948223905380414,11.425661825646056,-0.7708157885222238,0
71.22237921468682,0.08644513784733619,9.187180499029559,1.0236376034356125,0
70.81424014250207,-0.29736061332404934,8.5395113570155,0.4234150526650514,0
70.78654705204403,-0.12193957980416295,11.053096311004989,1.0080885107023014,0
72.42955352508967,-0.21149035470580943,9.115593574590447,0.2899604696215413,0
69.87146884970558,-0.09666023613733131,8.480665557063176,-0.19388311706761155,0
69.37210656686847,-0.17767289435292793,9.20237268062069,0.1065883692035929,0
68.03923922115061,-0.1844589848416824,10.716286100953614,0.248721620328347,0
71.78467384350135,-0.14912716269453485,8.17401919834682,1.0428252207037407,0
73.39998172426975,-0.565123888408605,10.430798361268456,0.32778135605667785,0
67.3282859515417,-0.31646211021797316,6.826332706559218,0.8942610112304943,0
68.90689033780218,0.27911947562809114,11.613285451484849,0.576104468349315,0
70.81413655919708,0.47450710253592787,9.323462094070102,-0.21297775147488546,0
70.64272228438536,0.21369091850562574,9.954957062436497,-0.11449958117178348,0
73.27579806360048,0.3242092556382411,11.12446308399918,0.7707781552246749,0
69.77085501293308,-0.034157894518494866,10.396710591380133,-0.2965887015204884,0
73.4878635257032,-0.4741603652328574,10.204553915618442,-0.490753630695581,0
67.74567670257184,0.09013544664701496,10.805004093461553,0.4620295366502741,0
68.32969649954266,-0.4641356794791507,10.18663140726052,-0.4241359218231475,0
71.66800291938466,0.4273763565073531,10.241357068921365,-0.22989229455049742,0
64.1075074680273,-0.12417937207107695,9.310789013321973,-0.2433742301947111,0
70.0820890075789,-0.9566369698730599,9.538558008286456,0.43652349436051524,0
69.94509294904759,0.1748581737040644,8.15993414130959,0.6716732282268199,0
70.0906195126843,-0.11625110741730785,8.907777031627269,-1.6293270919219092,0
67.88701644717841,0.4326808557653382,11.114026610460824,-0.986446503762437,0
71.924940684644,0.49551321299997747,10.527134036718023,-1.6226349138446936,0
67.9601730654813,-0.6663867697050814,10.743717976445899,0.9031024914911172,0
69.19316462673765,0.8372184042748957,9.771439727239033,0.08222531151312878,0
70.77008791070837,0.08523454010238345,10.435877737328578,-0.28243223979005544,0
68.78858288765656,-0.3727158481249701,9.124395120677502,0.5556697519709534,0
71.55962221205715,-1.0455136088203676,9.591656042937156,0.9349884326429905,0
69.20064592432682,0.37980487261598767,11.134779885980262,-0.3044842755685314,0
66.94456105928415,0.6641585712012729,9.418583021303773,-1.1422023474580616,0
72.41740291891027,-0.3153637306413779,9.30702290008734,-0.885928678879039,0
69.14257469558405,0.041829289380005456,9.086312753251928,0.047483716650680984,0
67.1905712687603,-0.0752975070572639,9.99209052588133,0.632184916903007,0
69.78011302373547,0.4092459338063327,9.13652584496819,-0.05881320747743099,0
73.61949821085852,-0.6082362758702688,9.15275873350072,-0.2984531548040081,0
68.70384120779545,0.8766914865750648,8.976540576221756,-0.09128727617983173,0
69.8166712171698,0.5230596424174001,9.07558502911434,-1.151055714554558,0
70.84641763052512,-0.1738253092059953,10.104324064097169,-0.6636986518959174,0
69.27066958407431,-0.4371057032886018,9.151435540317557,-0.18697834129186994,0
70.78488833296973,-0.6303441116490863,10.743284775161571,1.1388516615336681,0
72.03215070418351,-0.5007756482003303,10.485030483241093,1.3589448691417196,0
70.6154594862488,-0.27826485490762926,9.296028004286445,-0.7498597050070827,0
70.06314000969793,0.5752459245156414,9.83159160315584,1.0279844271218368,0
68.90586728728908,-0.06550341695723859,9.400030073254435,-0.37708230595789716,0
73.58228851930156,-0.19125953500215245,10.080484952188712,-0.006549006097102248,0
71.74636927493634,1.0813706574065332,10.990007730624143,-0.38611517247909277,0
72.6429975710839,-0.038013513224071496,9.780684037577478,1.0207548729125624,0
70.20308826537476,0.15359612786792406,7.45816244799392,0.9929045764795674,0
68.12055870181217,-0.3204910123844352,9.617731147208191,0.2632422908707556,0
70.79448516488858,0.4298105857435313,10.106054074121607,-0.25404232959066597,0
70.9242403009376,-0.3301977320307719,9.245791561760058,-0.18973905662891272,0
70.96333152484655,-1.1145149285268972,9.737812802366225,-0.49948093611058186,0
72.00617632005287,-0.407998716553434,10.90588846950357,0.044937125303158285,0
68.85597755773118,-0.28371469868127003,9.345398944783808,0.24721913629214703,0
68.08545057851329,-0.4400106714480224,9.86687511274966,1.0090638290516565,0
70.61939719718428,-0.24142052004253925,9.176476437029415,-0.23117588745427906,0
70.68124694656258,0.8889299187028287,10.306399317484347,-0.48018332596721847,0
66.29774312555998,-0.8294933570559697,11.38022028282782,0.7122475423617592,0
71.57156947532289,-0.05296683266001317,9.553171194589916,0.03094364026739928,0
70.79725053509104,-0.2917697258212456,9.417554495998013,0.12117821169744446,0
70.65210692166461,0.31284500689593725,10.576812812991058,0.36915332080128366,0
69.05390423986343,0.6143089066254004,9.198973563787968,-0.4638410217654019,0
70.20974441724087,0.22390718729443623,11.373841864461564,0.6223063062632285,0
66.93260987665302,0.2896158155879201,8.966533084404041,0.7337552553662241,0
68.17812991975006,0.42683745692641467,9.718800784718447,1.6379085240715836,0
66.47379450444215,0.04701576148045955,9.12822001153331,-0.105683857543762,0
67.23430345614027,0.00420472269120093,10.718922845297477,-0.9290933278304682,0
67.82337960761653,0.5582792485539089,8.751941923091263,-0.7345935840521645,0
67.46746466557063,0.612283478647932,10.231128187443979,0.6697832944120891,0
68.74831814022923,0.21236666887607134,9.816805520923442,0.5608545365196094,0
68.18115167867876,-0.33227308330174565,12.312689046434205,0.2844135484490546,0
70.11516538028292,0.7727495166240858,8.285766936176366,0.424292334927858,0
68.59028447285851,0.29579468769453116,9.14803743200569,0.6322567632597692,0
69.29236148929411,-1.0808261191367934,10.649127833729901,0.3270971038672231,0
70.2567368997228,0.4735005978759714,11.140954586083552,-0.016638795925264283,0
71.9203372681037,0.8546260861668395,9.171362455435597,-0.8547176872184679,0
71.42711437345258,-0.8987736475249513,10.944168261478865,-0.09946665119716282,0
70.05839923037011,-0.21662658287227682,10.38016424075699,-0.1776775259963982,0
69.78405121314408,-0.15088498770151057,12.037176362583327,0.8860535467883377,0
68.40581941591307,0.12096344180442904,10.509156618205783,-0.5019275818751853,0
71.24623436510075,-0.18172011882066205,9.542365592072285,0.89822108957014,0
70.10033129232494,0.2185761740050082,11.380589568504359,0.37540681317106395,0
71.05963432352826,-1.2114587001505983,10.580577685796145,-0.1788191609342894,0
65.4419654162178,-0.35399864415690185,10.579893671708884,-0.36021358637507567,0
70.46792133346743,-0.3082390205795245,9.912869121521174,-0.2905747339149198,0
72.9626759079194,0.5489411194625988,10.222929989136988,0.3712845135774918,0
66.7101490855478,0.19725291328352776,9.903543932616365,-0.4540597748685044,0
71.36730788999348,-0.15524639392807218,11.96367007019239,0.08641911481177833,0
70.24611257130324,-0.5968353229123721,11.175053544086976,0.12306579279805269,0
71.00893524522922,0.09413592199962012,10.555574461137512,0.1393193311063009,0
72.68123078802459,0.7347178233583106,10.659784881144905,-0.9017954504763855,0
69.72521781506681,0.3692186665799003,10.218650727930925,0.3440755933313129,0
70.0320726590946,0.7148079628711644,10.010566541840385,-0.2979902862768729,0
69.95137769860435,0.01179067003094029,8.26323142493512,0.3495596247995879,0
69.11816416204054,-0.45019467065394464,9.017137431184304,-0.20963922006140012,0
64.94627582000625,-0.20052110448962251,10.876003123547996,-0.2608666836074776,0
67.49062084108243,-0.48989179105773384,9.993113311073973,-1.335217531927351,0
67.97535461792108,-0.07518893329277757,8.823285068467941,-0.018649176578659547,0
70.45997956738499,-0.32042901026108717,9.22492911081867,-0.4492975736575733,0
69.18371507579867,0.6496348248607708,9.172280434815788,0.4062798044462091,0
68.78157514198558,0.30992160236658145,10.056966438489539,0.13646514313704938,0
67.37794498513243,0.2810414004782711,11.205338558465368,1.2787602148661632,0
70.83787660478606,-0.8048123227942829,9.49760242963705,-0.5464586814544058,0
70.01257682409226,0.09081265079964307,10.15436958959436,0.8512885680660154,0
67.76628110773207,0.04650694016712058,7.980275372714263,0.3589881437223985,0
67.98122269049414,0.11848883385952243,12.30416272272299,0.6162205904104883,0
73.61154139694692,-0.6820051598928133,9.906988072771862,0.2536305475482822,0
68.07017002696949,0.10755746224443612,9.392219714151784,-0.7005114230026098,0
68.47323419965916,-0.2709045085629654,8.864790843873145,-0.071827457261168,0
73.68784176270486,-0.40602221135632577,9.075435527664846,0.095997491211622,0
71.5707538926838,1.058878975947012,11.567965332191998,2.1500747908321167,0
71.9170036765897,0.6254315196028221,9.972523981326637,0.17750552008626422,0
70.47430982266515,0.595030889613529,11.004725372040575,0.12285705497263105,0
70.66660223681289,-0.5297076090036681,9.409264536033811,-0.4538005719214788,0
72.29043026021421,0.18970324816337644,10.767660191317391,0.6011301409038063,0
66.61350635306088,0.06654066065150915,11.693717585573689,0.3132222696575424,0
69.65445432444011,-0.6405441524238332,12.394126614735404,0.8617392606965524,0
71.77832901356885,-0.19923332604684607,9.426634451319801,-0.7290077472752322,0
69.72934144726091,-0.3883278162422732,11.391417770710746,1.3842641679038827,0
71.64051232612029,0.2719548857226042,9.769513973423052,0.14414438385644412,0
68.38275580199151,1.1710362847230134,10.443548055144882,0.9758453372241048,0
66.7504653596497,0.46277321110081543,10.729190435735632,0.8206357515904905,0
69.85601750542716,1.112473775941997,10.370195611309235,0.0010550474062283523,0
70.99266261273199,-0.30446951272041645,9.632396332060043,0.03215928677097961,0
64.47315911664074,0.2788430429809628,11.03863929868863,-0.42454317121127494,0
71.9446693822628,0.2671515675279338,11.117486306942013,-0.65463869952022,0
73.86739464204138,-0.125487154128059,10.74290003609852,-0.1699624766854412,0
66.08584997154851,-0.37728584211232624,10.35262542081539,-0.6589212453608847,0
68.75396041471346,-0.5262928628705306,9.061505214286402,-1.3211387113408246,0
67.43945764726801,-0.40499990048253615,10.600147802861402,-1.302956114078315,0
70.1085527156589,0.9180300124809648,9.270683702405288,0.2574014281414597,0
71.57213383141426,-0.15578424396020174,13.035870431927009,-0.41977010016669625,0
72.53912922511054,0.21194150568920916,10.246241293338556,-0.5852661985897815,0
71.14218093900219,-0.5686125580096432,10.393284650968926,-0.4661783040911631,0
72.15057854293633,-0.1518984624357791,10.260215387069312,0.29921941333624263,0
68.16698795724587,-0.12446454649157294,9.951041082897358,-0.8331591414668051,0
69.59816489107162,0.1794795601853855,10.598902748953677,0.7812554634162963,0
70.66722810943062,-0.08053875446480376,9.179384551399187,1.5447605628688565,0
66.62203566477699,0.36152314146299236,10.641966080892114,0.7460402103004373,0
74.62413988631684,0.2250116553135327,10.540020251390537,0.39672390954150905,0
71.68750050684817,-0.4006510714250231,11.28695471940112,-0.27628037975197456,0
66.77663991857544,0.5452999873155633,9.688061552034831,1.069983383684492,0
70.60020460614717,0.25333895173834164,9.54682654526341,0.6884474369759199,0
70.71809545993526,0.10296503007198157,10.03737177050975,-0.10009776187649584,0
67.74465800138573,-0.14616810414221484,12.215731730186011,1.1614244823718247,0
71.03171385164848,-0.674901480676749,10.064559295478753,-0.0026512156220526014,0
70.47055882076549,0.24041183096879198,10.950938020937482,-0.07818137255305475,0
68.52701128800612,-0.8607700772055459,9.187037502075635,0.8144075913833689,0
74.09167853563824,0.2655879067413452,9.863995998997623,0.1974954590672977,0
64.8307869933452,-0.7410337089943909,8.60273073714685,-0.9775677082219243,0
70.43327801532207,0.28529309907399575,7.544437978189098,1.6072480375722202,0
72.09353675763644,0.4195175584928904,9.085521424261715,-0.6485400480208031,0
70.80449395326126,-0.3562269609736887,11.253077138175671,0.43337414102798494,0
69.81996205021774,0.7166827857342349,9.860919800780897,-0.342017037973799,0
67.60215957142927,-0.47400449107080705,11.915828517086261,0.31271935644913,0
68.43140682849415,-0.663168104601243,10.348520725157952,-0.7007246832570588,0
68.33490199845686,-0.023239223658537245,9.721520512049375,-0.7788198323879425,0
70.51301350724214,-0.3428885474001364,10.856309140683639,-0.0664993159354605,0
69.31287539014956,0.3288739416508387,10.345164820183516,0.373709744907494,0
72.33736196997374,0.31863412994131424,10.352611081617324,0.2573887553859701,0
68.92061968987746,0.08970656777726005,11.53596800958427,0.6110164789409593,0
68.99632286428051,-0.6082120239345344,9.790701039011905,-0.8387566596034454,0
72.06361743831977,0.500691509010154,11.185861615192302,-0.357943606729676,0
65.98775325950824,-0.6161586365456647,10.283149184051231,0.8770140353457642,0
71.14071248040923,0.06155874340825178,10.132873781747781,0.27599509145670237,0
73.84103413855779,0.19181975739908524,9.991190057901145,0.5140550837110248,0
67.06924234105047,0.010971586819315992,8.743299484533363,0.7549483336271281,0
69.52360544847001,0.23899346270014135,8.787990160068928,1.8478536333408924,0
68.46388212124936,0.20380172313179315,11.115038969210946,-0.5238211734622321,0
69.92426442403219,-0.05809270110204424,10.514544026711645,-1.9441978673118585,0
68.00540312459894,0.2915228453227475,10.56481985392035,-0.03308086878074433,0
71.10669573277958,-0.24634394307508017,8.00697985477148,-1.2195462278192748,0
72.66803154630495,-0.4393016946171959,8.506900440956725,0.677641753982654,0
67.8640052355346,-0.5797775073462066,10.299800783839766,-0.734874435070786,0
72.29630566023265,0.009874517432486452,10.530896316276088,-0.8423797460202279,0
70.43559313306088,0.43619093447093116,9.113289775999885,-1.097340467296444,0
67.54051662906747,-0.019250159682389228,12.444985735978511,-1.62671538999826,0
67.90624798844797,-0.44685234940102775,7.755320360491888,0.7779229137433826,0
70.68457254176748,-0.523594493592578,9.757215423620684,-0.9880326718187998,0
66.74109358793723,-0.20260879503330628,10.864358574217306,0.19860615591819306,0
67.65382685343674,0.38615112134822926,10.294787249229763,-0.8763478823179011,0
73.31859182102532,-0.7965946182481447,11.175267917602936,-0.5631999183855633,0
70.20786429555476,0.43197085733222207,9.081077431476396,-0.47234386717407734,0
69.09704710088141,0.6905774729240108,10.700800612799876,0.13911600330554316,0
71.26338516270374,-0.21645111749762438,9.881419645106345,0.9795173660784577,0
74.7698121813305,0.31051947297649074,9.044913715193594,0.2522482848955184,0
65.43222228242016,0.5372639752730956,10.258496010624238,-0.6053543883489761,0
70.9906071796623,-0.5780131788794043,8.977427045540534,0.4717006338629222,0
73.4019092041562,-0.2610722231582192,9.455035404377965,-0.5271317499617576,0
69.47602117422542,-0.09548163253603296,10.691204051198202,-0.038738526627366515,0
69.12880743806926,-0.34941630202145424,10.546166567562569,0.3894821113112566,0
72.55963823975551,-0.043178668939619726,9.405152167309877,0.8841175805152587,0
70.93484128254148,0.7232594429484384,11.265747782782588,0.5540065355030204,0
70.3861553491049,-0.03367831663464457,11.13980991072287,0.9695226451531364,0
69.84935490996554,0.7309315385509637,9.511046359031198,-0.7311055490727276,0
71.12222306059968,-0.18821566222104666,10.233378332273254,0.31080685026103805,0
71.56533946824077,-0.17894465379752758,8.782919058186216,-0.2651782846358881,0
75.18033778774537,0.5954619075295905,11.369185418522953,-1.1201110729304997,0
71.47980280724417,0.0077374685064958626,10.318633144162476,-1.399971752095313,0
74.86850269443453,-0.4436951880483624,10.829208149242044,0.572874896544035,0
72.46366029268118,0.5889526820321854,10.206478820945959,-0.8798017938450867,0
72.13805802975789,0.5153658445548348,9.92624197577054,0.32833172320495635,0
70.45296900420603,-0.45284248585075226,9.506362977212913,0.33565439499451766,0
73.02464643148129,-0.27255313530287106,11.179384377547693,-0.5911459760325892,0
73.3483992517187,-0.16283760455603138,10.594394516595568,-0.023553827658873643,0
68.67077590521683,0.5086606798353766,9.75630549808484,-0.48818294192292416,0
73.36045051532999,-0.046956750645268226,9.457604546209176,0.586452898291079,0
67.41853940043649,0.5388409651419727,10.953631230074421,0.5808618451814683,0
70.52329462435836,-0.3197533926271955,10.523223504919482,1.06000433818076,0
70.48758583661028,-0.8208395274795717,12.876876974113117,1.0287500228716662,0
70.42588459639715,0.7236807304550918,10.997237629950794,-0.4862511467980305,0
70.25845657349667,-0.49065775417180224,9.583436188983933,-0.4161119975076535,0
72.1207012077999,0.14312440816488914,10.93692956299799,0.01753081362739239,0
74.64809301304074,-0.0902602864314517,9.384082815482868,-0.6668172873805855,0
72.76248975651541,-1.1266895983079366,10.273125783395347,-0.25744240156174064,0
71.48300201396545,-0.5603966430145578,9.53888598905726,-0.14985436765222512,0
71.53608849771433,0.4398610484292452,11.608423351509497,-0.031248475049427505,0
68.48872300368662,0.5895727075131368,11.859635711258544,0.3078956128774674,0
69.29243152148211,0.39463233548450694,10.365112060682089,-0.5994234706769063,0
70.42407797452606,-0.13038027612946865,9.199790320663226,1.961627940662205,0
71.00836314877208,0.2929896109848821,9.58088816779544,0.3165223470702032,0
68.89618559176051,0.43518862971765526,11.098496441399424,0.4435853552359875,0
71.52975679099262,0.19520059834024778,9.933961560160006,0.16322375845028236,0
71.7700770045898,-0.05236470938494493,9.520254906307134,-1.56822113041295,0
72.46966902661772,-0.28387950468864553,10.565323250769518,-0.6097409438331965,0
71.29487017513976,0.22046614002441078,8.947738125683074,1.4485443619425977,0
70.56766512555562,0.31493713598018175,10.225872869257282,-0.5517456301538378,0
69.36346178612477,0.9463472162302952,8.813114733886252,-0.30988898614921473,0
72.31597043240187,-0.7066121651605222,8.74912076575399,-0.317771332821175,0
69.38638022418863,-0.39091295520057473,9.2046378968966,-0.21725563257528646,0
72.64434031416032,-0.5106259764046275,12.168106505165625,0.4539167559415536,0
67.4314647011072,0.35211732202065726,9.960959597907605,0.2597108597641009,0
74.43088611507629,0.5106459515029936,9.59596119681387,-0.2003299988492395,0
67.77244331561363,0.08112469611841412,9.196639829611131,0.7657589087394077,0
69.76037608201605,0.6657722621894685,8.351925996639617,-0.5334569863884305,0
71.05681384316759,0.14962035996495035,9.227428583768942,-0.8338818853954232,0
71.88962967859457,-0.5244923938513647,10.698118305425147,0.05933467525820146,0
69.68337756614548,-0.2941420645473704,11.925438658197226,-0.4235614632846589,0
63.964397375267055,-0.09192890177154088,11.216034775833826,0.03232533457337385,0
69.48054466364795,0.8801601674865642,10.105870335636236,-0.508609502093627,0
69.33126128990676,-0.05150605959357195,10.359643704394646,1.150770211116181,0
70.86641965982221,0.5729211763812021,9.431554129650658,0.6758206803125819,0
66.2992628793347,-0.593439036814146,9.82257073427776,0.5885846384000816,0
70.63834961622871,-0.2027237417497434,8.732107583299868,0.5557646763004884,0
64.48089436636816,0.020138371805524025,9.459990081887216,0.2914348648882365,0
69.98067404931749,0.26185708916669637,10.573626931544407,1.0488297499369716,0
72.1743006246501,0.5103047562260449,10.192876392492106,0.16946467555566866,0
73.30555444082638,-0.009632361401095142,9.821596591400551,-1.2060195284260622,0
70.9412636891143,0.260121971770676,11.265104254689906,-0.26393107710559555,0
68.1615807068935,-0.648332958258399,10.080168763971153,-0.11671202949510553,0
71.06404918211639,0.21162086552431306,10.98880389690626,1.0116928743017337,0
70.89408006893309,-0.9826287984011921,9.532146157676042,0.7333001416440212,0
68.37386171025567,-0.6363477623968641,9.371022932958642,0.1868493404985032,0
69.1000593026797,-0.25536234801335017,8.780385063759928,1.288031925847261,0
71.85144901182949,-0.5732036919286785,7.5641061599350845,0.1236681584553015,0
68.59175380181634,0.14595614214096297,9.463171637654073,0.19133826929652742,0
70.7424007580531,-0.9287107040592625,9.987166266921827,-0.9751128268270975,0
70.27668291478649,0.2317678883463324,9.810848858453248,0.6353962736662606,0
71.5148955423499,0.7676932685913221,8.327961802538809,0.22710239333280963,0
72.01897443989648,0.21953382907163074,9.766180930089888,0.5386490232325077,0
71.21213326296775,0.9513999125777974,11.371516559290836,-1.7417740757769538,0
69.71833005758609,0.5677513009574685,9.504632864578017,0.16231745471694253,0
70.5574155324991,-0.7061938115721814,7.804185517808376,1.556922217236412,0
67.2839349092553,-0.2288937395095167,10.48499993054314,0.49821375711957744,0
68.94410707583997,0.27816713505795365,11.618657259241951,0.9264078602838574,0
68.28556590240967,-0.04454181471876924,9.703352395083346,0.1640983270897033,0
70.91776783696767,-0.06330446613698149,10.613178619290466,-0.3621983408964639,0
70.18028602438129,1.2566638620654977,11.788034880822927,-0.6581113128532619,0
65.94234826918584,-0.5121706748408205,11.239251509209664,-0.5302956139286945,0
70.16270736523146,-0.005801755017873096,10.860653907646087,-0.18315363540060836,0
69.05918302184465,-0.5901305649458556,9.950786988166263,-0.017910921861532324,0
70.33358079093186,0.22461350238224112,9.410797987427836,1.2755078973159584,0
69.97348410659319,0.9034887423223296,8.793534154329993,-0.5806050367636096,0
67.54448258034004,-1.1139265953449045,9.138172959417512,-0.2994666042894595,0
67.96002654310185,0.47938914470176536,10.683692747788454,-0.4509937841369567,0
71.1776867854839,-0.3660988202768056,10.069127301051463,-0.9849664612920557,0
67.87864004269477,0.02283800986062057,8.586310805784915,-0.4679166499386456,0
73.39115030800858,0.6423234708400263,10.235216796184565,1.5945413254149845,0
70.57587206205108,0.4950691727974498,10.38813896815396,-0.007891434196512516,0
67.70504067151566,-1.238612272706423,9.496233270195061,0.15582336967847213,0
69.89443497472215,-0.3500780841792827,10.631631211510378,0.35208920082644457,0
71.78662816955585,-0.25215875063051857,11.433184864629622,-0.0626244700767054,0
73.25537866262736,-0.6749817714213765,11.887675702022026,1.005382690867198,0
69.32348709192217,-0.1431201226849307,9.997312580054311,1.0805062818652116,0
69.8937670046532,-1.1797462301825636,10.062758971742834,0.9081448630120571,0
69.79523834321593,0.29793121300296754,10.074325423306902,-1.2907733724170547,0
72.07467952425782,-0.2592533696011381,11.780178934257236,-0.06934067740904916,0
70.69834433981084,-0.1491708029926023,9.278400090084782,-0.013424547373131923,0
69.97576022703129,-0.0031201293733032617,9.227835794571668,-1.763615532461939,0
70.05330021127828,-0.6372683485927254,10.840469768206122,1.1255063309978928,0
72.58540408309163,-0.07874634067620531,9.675244192982152,-0.45414968046471577,0
70.64127122938288,-0.3282195751422693,10.603629261479409,0.14096842913280028,0
70.61942564307435,-0.2934643883879264,9.900785184997199,0.27319991177249364,0
67.36172030938077,0.2167519249870119,11.57715084484089,0.2529577769931825,0
69.68985556858219,-0.4715381275790107,10.070038821363026,-1.3525568341326357,0
71.07962657291243,-0.4580514492368093,9.279814097767662,-1.4013228446853643,0
71.05407864880912,0.40991978699571957,10.126809258714236,0.18836932611884968,0
71.74490854556603,0.8574186811821437,9.63057546988791,0.1616128988618428,0
70.4280452320801,0.16298573926019833,9.080593437036525,0.43465888337325753,0
69.62513193001155,-0.28651612443083535,9.642350666275206,-1.2325383052461496,0
71.83375461998446,-0.4102038617087806,11.0873203536547,-0.6243880516201049,0
72.57902496454523,-0.1574035666033204,9.470470830705056,0.7700030138012081,0
71.27601465269973,-0.59099056117039,9.628505332901435,-0.47168289633281973,0
68.83310932037345,0.09669789839439184,10.562344145681779,-0.7425864106126547,0
68.90400505249879,0.6252871335277562,11.600516826621318,-0.6401572311460524,0
70.67745481853247,-0.2838338615085278,9.514321562968687,1.3208087421960244,0
69.14741701181437,0.04782881862583055,8.443686616034654,-0.6988300802653229,0
70.46500365815268,0.11887917612033325,9.899264800881069,-0.9846927123543682,0
71.59842570789728,-0.5008779055847633,8.857785712602796,0.7124142201534246,0
69.13879499884737,-0.895529338537993,10.595228951645081,0.16414348718853441,0
72.54579999754199,-0.630090906852141,10.019289651091787,0.25775807168195153,0
71.57624122662031,-0.486812652952503,11.111759566086997,0.44736930864611735,0
72.11186939122979,0.30586040693548633,10.647467960570967,0.34509537563259984,0
66.4225282471356,-0.28382490192925736,11.11719307593839,0.2536937079222244,0
70.57565771359215,-0.2335228419468011,10.385517818042903,-1.2003133012080673,0
70.9574712460491,0.15060912077351446,9.020686997109891,0.29689860315095123,0
69.45493270851999,-0.15233984146484086,10.070772429292923,-0.8874941650619669,0
67.37474632175848,-1.4257488593384389,9.864166644939344,0.17687486245492384,0
70.46952625774715,0.008518345109347226,9.887166247231008,-0.15237550916814294,0
70.18161573933001,-0.11553005905103636,9.259418449177339,1.2094372439135572,0
70.94604108490535,-0.6203345832771844,10.564331509829087,0.25800998236100886,0
70.87040708657243,-0.06606304478614104,10.26117111468489,-0.9734524412750907,0
67.56580291021174,0.6356051687138993,9.986914656153807,-1.0901489367044523,0
68.85256305165507,-1.4649956076565884,9.425477169536691,1.1028678062852013,0
70.65635086018261,-0.5689333463378259,9.793970465515022,0.6442677073045284,0
71.35599128753697,0.5288308217855192,10.888487923947078,0.9521999384117159,0
68.40605912431309,-0.10234925483977209,8.307271508911597,-0.19031744558724326,0
72.18159853890495,0.7564325363396237,9.661952940789057,1.082108044802697,0
71.88463227735859,0.12876646243677317,11.033866819234758,0.2144853099873207,0
72.66784048695912,0.11101843248270542,10.77813888442763,0.010935660825800395,0
70.05074122406404,0.4600739108689427,9.485011412862423,0.6359621554983911,0
67.55444070204223,-0.061247411533936695,8.934945536054272,0.5776144338334043,0
70.10131867130934,0.283179171069869,9.912518535288493,0.5710264697597277,0
68.71951934566846,0.6624791555662402,8.761606267594624,1.106660808357066,0
70.42489573077327,-0.47326396608232596,11.528422117285924,0.3293324417535957,0
69.53316647462049,-0.11673318253794239,10.26855162047407,0.7934804425688479,0
71.57995672235475,-0.5024969023911595,8.70457407627627,-0.9500572194859379,0
72.78295255475071,0.0745736734119607,8.451673444462054,-1.4273396294249734,0
71.13773421681022,-0.14573215398528863,10.725591398122337,0.24909367668080162,0
70.97784387511867,0.07434365740677384,8.52490634214012,0.9554843575113134,0
71.80993477572552,0.4483205413894316,9.901844763960936,-0.014616359591863404,0
68.90982077558041,-0.27453303278424257,10.389103092461696,-0.3913290744698157,0
72.22735279346209,-0.1869610677717384,11.092418426709974,-0.405223566277181,0
67.5510886267948,0.5889202684249208,9.64156117449725,-0.051572278617671496,0
69.87051833282985,0.2882346282628395,11.415484558982687,0.494516177702263,0
68.77396298228877,-0.28449604294821995,10.620870534897724,0.9153193976898344,0
68.4306113979357,-0.7083454121332533,9.50853271570638,0.25776785143067477,0
70.095473267705,0.521172965691626,9.802647537644448,-0.7502941056996859,0
69.61992137188285,-0.6055572790015465,10.193707892048295,0.6709526020742107,0
70.1464659833417,-0.20378871164137496,11.300935441766116,-1.0612974035639666,0
68.53202012222049,1.371068508350161,9.279283572315947,0.477710279715841,0
70.00619855486502,-0.8418433800784922,10.19623562315775,-0.17522204586495718,0
68.81561611821793,0.20594150023612157,9.590026842994904,-0.6512722130363703,0
69.32000521310073,-0.3808572924495029,12.129926565530111,-0.44642838005784774,0
70.83199148936457,0.030622006445638547,9.26191550438141,0.5738516913952152,0
69.69162247083759,0.40709318852933035,8.367625949561452,-0.6727376774307982,0
65.5287790086079,-0.03664942884387584,10.223594518168467,-1.2836096143429738,0
68.27423330016983,0.4689617944646347,9.37300587816494,-0.0030565730529925617,0
71.78400479329524,-0.04980653029641067,11.102911239529476,-0.1541274928647046,0
70.35023786573844,-0.15519528881594472,9.89535321625626,-0.20486348262875598,0
69.7338589138728,-0.15872985537103945,10.445290771177723,-0.47157903819132524,0
71.18508307298701,-0.17150095304772828,10.088413222972301,-0.7459286048925531,0
70.73130176222352,-0.33998128459373333,9.37541397142021,1.1531989288504736,0
68.88213197534658,0.21756539265790914,10.292752522812847,0.28828613276759985,0
72.24289918283911,0.3788826825031822,8.423224893467069,-0.20964358984680584,0
70.58347427988012,-0.6097279297591407,9.477937798707984,-0.3301280678811733,0
67.64797885336998,-0.39058654637929424,10.224400763949284,0.5296539952281648,0
68.53890557822638,0.24825811424055264,10.314441249295871,1.6359493942746224,0
71.96219140581248,-0.6339427470205633,12.153095535452222,-0.4862490546672129,0
68.19070753853559,-0.3832595312267529,10.046978559760165,-0.7115612538165353,0
68.2907590985521,0.35649374698062164,8.977371683150551,-0.0035134500858285374,0
66.22059158519495,-0.323825665082255,10.113933198732251,-0.07366005789505994,0
71.47545918256628,0.8498870335082531,10.244254733131903,-0.0033605706956040984,0
72.7208906076773,0.5396886525091968,10.398864391995458,0.2708512779454272,0
66.27711306452554,-0.6514756647862304,10.03432658827831,0.7781718097883866,0
66.93142208906944,0.13501586094017703,9.928819637167413,0.6509581284504096,0
71.00114793775872,-0.0332147975782393,9.836448211498318,-0.8186955987220863,0
72.78569261206553,0.013453221705901516,10.216561107113897,0.7464184179378881,0
70.28029256749882,-0.25880956439301567,10.806930259131716,0.245995889906155,0
70.92534585738366,0.11048345206887901,8.303619510187994,-0.2233559792834738,0
69.42888292139226,0.6058394911407496,10.152074684108689,0.7954094433329624,0
66.22224668257209,0.13534060824268035,8.561612426391653,-0.6958123401546867,0
68.97850208187901,0.16825770677844057,9.596913943080047,-1.8793028728377714,0
68.13802390387464,-0.36847797077473693,10.980841946129548,0.39054960459431465,0
68.93811442436382,0.44765889895725114,11.94974504267696,1.0207371854359433,0
68.67290828703351,-0.9291676375224396,9.669823438043858,0.9321252832169814,0
67.23088809007541,0.45631279719867124,10.676541696000184,-0.9906381312769286,0
70.31785240565937,-0.4467066112782712,8.997808788663336,0.03843815430234725,0
66.75027770509027,0.3493223862745214,11.473479446456594,0.35340591168459456,0
70.78113929230962,0.17549334388870408,10.036043937418327,-0.14959208586768188,0
71.26384621101566,0.08570907160870446,11.20975650217252,-0.059312620409295816,0
70.57712827264768,0.47625043040061926,10.321866049533131,-0.22833768045850175,0
70.32459629961704,-0.08508199646375277,10.625651424905406,0.7265515024914637,0
68.5847927768964,0.7472526459646764,10.50274220896027,0.2920014534974817,0
70.83663971174862,1.0465023992971487,8.862439769263329,1.1611982578699616,0
68.72892950220479,-0.01814037925340194,8.963402785193502,-0.4033008127483679,0
71.20810853829603,-0.4301333098303364,8.00106956819416,-0.6491341964238537,0
65.83902546383045,-0.991452917637474,10.405376111111414,-0.5778748519211088,0
70.96587662251532,-0.05696315198637322,9.576702372348496,0.9593574811237627,0
71.57735904833713,-1.396162396827828,10.173005794250061,-0.7195654095430892,0
70.31463616860928,0.99352569467833,11.394062726431855,-0.6812663186328811,0
67.98683364453746,-0.09145328311065314,10.340775255516396,1.11883115101904,0
69.22548099229931,-0.16964783452503868,10.769560575815195,0.46208915776090986,0
69.86193285717682,-0.08898405791896527,10.521896928425651,-0.8555651382957967,0
72.63502633873787,-0.028202336648319906,10.758880110825858,0.2619927683188584,0
65.82181422193858,-0.5247012408049503,9.758000708257676,-0.8573238323027607,0
69.88042954704817,0.9069075293890911,8.893962466021392,0.618924507768866,0
65.7101037447861,-0.5278030278478199,8.770399453431137,0.5348587100268589,0
71.44043277454148,-0.9427723426160889,8.958766948215741,-1.2555336726471709,0
67.87652313873822,-0.656265446889415,9.96245514654547,-1.200546511998989,0
70.27312504966012,-0.9788282861338343,11.027600100733242,0.5192093079627558,0
72.14136752062184,0.6917821047207009,8.749756258498097,-0.5439807260894446,0
68.97607341045955,-0.11803100186238309,9.234269609657318,-0.26664347084446643,0
70.58366207664801,-1.034597518780197,8.393347642519599,-0.599720140572461,0
73.0792523865126,-0.9691594548699114,10.370055101078123,-0.24322281627519904,0
71.92839324127458,-0.7683191776288788,10.293734055753971,1.3732956169591808,0
70.34835354215569,-0.5228432647473463,7.658858010222753,-0.7953692257650959,0
72.62697914791157,0.235382871222003,11.264411242032088,0.1469502850011364,0
71.60744150736441,0.5913261113760168,8.997433931450841,0.22114298426141712,0
72.22695367926988,-0.45118071577361785,10.320872281168235,0.4954163607615887,0
64.0061308042899,-0.6114361801642851,10.187311835407705,1.0826449085694985,0
68.64882288210049,0.6550222106155453,11.213206736265693,-0.6344041949241932,0
71.94764994960002,-0.3607188330905993,9.293741549457026,-0.8573108537068107,0
73.67416860840135,0.10140375825735479,9.983030963227252,0.06127178641635831,0
68.85324954137727,0.42366134616917156,8.539452690017933,-1.936165098602561,0
72.11262878497949,-0.37244330102789397,9.77424079510543,0.07930607166688497,0
71.17760404320411,-0.8244650116997357,8.588993957284828,0.7544389224194022,0
68.9175346958761,-0.07770100159641012,9.764747349539869,-0.30037729686160464,0
67.52195595685717,-0.2039367585990794,9.209074598458802,0.9346142462566784,0
71.23905883763253,-0.1616237768474831,8.316518175708662,-0.5508709347636294,0
73.07324008016697,0.545424449458215,11.25997610557096,-0.9196623977198071,0
70.6106751658611,-0.4060893751753469,8.822204649376232,1.5517253515615372,0
72.80394733145887,0.6598132608745216,10.171646579358883,-0.7950896928999556,0
71.5788381137257,0.5358159620021987,10.282152863577876,-1.5412160180243284,0
69.41252687027577,1.0605267099518134,11.155275699373432,-1.19712714732383,0
71.71455798775283,0.7170097337466061,11.484402003288952,0.0072986969999069345,0
67.30141537246189,-0.059065399889409675,10.829491056551609,-0.4368604778207383,0
70.9966887122937,-0.0024369385242389323,10.981564179938866,-0.10095247400021311,0
70.24422745173695,0.19652770659447433,10.479582485230749,1.0316380412973316,0
71.66054343153574,-0.833296647744577,12.380248314978106,0.3075506916037858,0
69.51936228674766,0.1198707084862301,9.75625681860768,-0.26239454298854964,0
69.4658158559278,-0.14196524608492003,9.97425890937375,-0.2665896497115175,0
68.95474696603952,0.17096749168057246,9.546561597529147,-0.38404640442242344,0
68.11940023985083,-0.2680217476594631,9.52767001829915,0.23603689089669957,0
69.82285770164746,-0.35013853239983617,9.965715437911308,0.14476779955723704,0
67.83828583224076,0.016070072962529266,9.882969056805619,0.4668351749686859,0
69.51447862869277,-0.532259158737002,10.648996115425959,0.6254418944724187,0
71.9451830889919,-0.565653122050696,9.24405965090061,-0.41831829053188047,0
69.17380690191624,-0.07504361195731081,11.11783457776394,-0.9234121643015127,0
72.08067606073116,-1.0051314950561283,12.509688295122317,-1.053537523929612,0
65.74318818498085,-0.46387073298399595,11.583801059971613,0.5653390730017147,0
74.64929580106663,0.167175074002066,9.643877231471329,-0.5559661438219909,0
71.30714714422992,-0.061706185303038584,9.585788094441849,0.09883644419501741,0
73.11228132571503,0.8568783080265454,8.55140732771297,1.4394742219210865,0
71.30517274231565,1.063451012159399,9.086764611005105,0.5216542131015933,0
72.00453725520887,-0.2468054312388608,10.931136528251844,2.559014920319166,0
72.51809215432222,-0.41273888227211303,10.525945942114058,0.22649781549942377,0
68.97628680023007,0.2408489881784051,8.352806303448666,0.7040932857521651,0
71.73455717075957,-0.0560435164902064,8.768845407207554,0.20249871679912254,0
71.92106246375012,-0.07163976597940501,10.398531328172858,0.8110192799598069,0
71.9484380604975,-0.39580394081611125,9.52949644211959,1.0037769217583,0
69.81726197868628,-0.30048516273048914,9.724647568601466,-0.11895871383641361,0
71.09676286522945,-0.314485551652491,11.777429283200982,0.3938174272100905,0
68.51338835714336,0.17158996009470617,11.036354529402608,0.2861894647777971,0
68.43570288349535,-0.8596265519134734,9.007523411633072,0.5894594151667802,0
73.89954362434254,-0.47619527778983767,9.932870588080974,-0.9399307874970779,0
65.57309250544458,-0.0933368096096,11.687491622251258,0.6897648780591505,0
67.36551069929544,-0.7866562709620488,11.04991251764319,-0.6577411739358576,0
70.43395616955435,-0.2054530184182417,10.421608620975267,0.907845977922352,0
71.21055279082539,-0.05051275775646105,8.43922714388502,-0.37234853988077965,0
66.7627457208381,0.04425437095044567,9.427470183362814,-0.36221726964172496,0
66.65474331701402,0.41939062981724207,10.878942513700913,-0.7055149718075359,0
72.77364735668104,-0.6792405309419903,10.667943498956403,1.0858556583430845,0
69.79716066824011,0.1105610526270708,10.22010626412531,1.3209240274397274,0
70.41699007689196,-0.026928683910299393,10.29571210998662,-1.0396889707054295,0
69.59278478876234,-0.5191791021077301,8.640955297271391,-2.338860944924435,0
67.02713761762934,0.22316569030904929,8.068169510246465,1.0838606591741395,0
70.17970650169737,0.5075920673082766,10.105091428094738,-0.4424504684179514,0
70.50192248797805,-0.45976919982781245,11.247175430966005,0.014115340903894139,0
73.30745761578551,0.484476613897242,10.596139206169829,1.0209541294398787,0
69.44628699357673,0.25990103383801694,11.50516911362941,-0.05943370148016874,0
69.81392037234095,-0.07285274548163806,8.47231730897811,2.0650251845758585,0
72.81208339786377,-0.29348684258620017,9.528014848434266,0.2568352059404208,0
72.60421186209912,0.32078671851149504,10.358686482629704,-0.11977367369017677,0
68.39126164627228,-0.19116551688596756,9.114826771810055,0.5286966906641128,0
69.52911503613,-0.07911022195424887,8.550590957023756,-0.742340868441838,0
69.75384185815564,0.5265341405232111,9.3604435043136,-0.4176752268078178,0
69.65435906924684,-0.026124009307466455,11.149460360724051,1.4160816465434747,0
71.74256459395511,0.10542270020709099,11.332469377602637,0.2306273219973016,0
69.623965255726,-0.7307401376417709,7.3789557217394774,-0.5705479399281084,0
67.49885683166464,-0.4437147360360609,9.170076589802601,-0.030730404545594243,0
72.83344998303089,0.7542171222731385,9.146019822862323,1.1113888070769764,0
67.1898517724501,-0.05398362719914038,9.50871897129908,-0.5218925966419214,0
67.60169697841967,0.1870809691655465,8.240222804155357,0.3814741490293096,0
72.63319773957227,-0.40102796433194915,9.12327221959569,0.2705564836272626,0
71.83179696799458,0.9581828747717658,9.1889162228655,0.4612076264242447,0
71.13993077986711,0.8072706870456151,9.872509516169103,-0.1536366511778692,0
68.8010060046171,-0.2662211849713964,10.48613669949708,-2.0216195991144406,0
72.59120996791616,0.2730190509853967,11.152418311947345,-0.15579028092406605,0
68.0698441342119,-0.0989723066058323,10.822317331293771,0.9044668314854039,0
72.04631010855786,-0.30116687580046114,9.886457103139307,-0.4535228683544943,0
70.8856513587639,-0.3793324407373478,8.966199472334418,-0.43327720053171936,0
69.99476694887836,-0.8840706511899985,8.51791188348788,-0.24275009696750516,0
72.87268840048492,0.002953955979591722,9.268654287415556,-1.2923078602758773,0
67.90737906856171,0.5664392030410422,11.094977067818181,-0.7918610955062185,0
72.2638921408281,-0.6197433701713349,8.756201160706825,0.8215429302569387,0
68.91303892952573,0.4807750381831291,11.45209094232085,0.28519846832258294,0
72.1155662050408,0.9329530560682529,10.743687979944651,1.1842963045711983,0
70.94907297559615,-0.3160877366887514,10.500733541918747,0.8880350654995013,0
68.05879745745997,0.12237739932597155,11.189774610246676,1.1557792878183177,0
69.01942928758295,-0.20642543332979915,10.052193666272286,1.968623365757091,0
68.66961485490945,-0.7494586585060153,11.008272053803047,-1.1593819519107624,0
70.68545350273605,-0.3102832433373534,11.170505971406767,-0.3666359455239736,0
72.12420771520131,-0.3781465966793962,10.812436592800566,0.4918549258794177,0
69.79538395085085,0.7577155457305343,10.555241560534514,-0.258952704408834,0
70.23113288145865,-0.7984269938637477,10.56992100428045,-0.20703323386076342,0
71.86823565212848,-0.1680707119417419,10.60222460142677,-0.0962159353784872,0
71.33533221104076,-0.11767052041176698,9.68715207273127,-0.6896994931925468,0
67.62806224811385,-0.4777527661443203,11.589148799265292,0.9510494776755212,0
70.8802956305918,-0.08780682927967703,9.76485006746318,-0.7446178098272527,0
72.84423108951134,0.1156418013920315,7.515897787586963,-0.2375528419712244,0
72.43080588510719,-0.19924105527193023,10.874753548672528,0.0689574634641076,0
66.98930210508436,0.05795985096852897,10.322943720649436,-0.5081390017961914,0
70.966873954671,0.6604351764680944,11.093714846053235,0.8214234211053084,0
67.3844116551423,-0.050678248199951224,10.438571517206665,-0.17512440664331427,0
67.71447644147908,0.06774626776803146,11.161921344650171,0.28206661160994767,0
69.25803162627221,-0.6337996897359954,9.966755240511807,0.22015730360207775,0
70.72567898347693,-0.29166023577022987,9.686039273924623,0.6636832107936558,0
68.29569412272109,0.1276376057912726,9.7764345092702,0.3364317514613896,0
69.74794535587809,-0.473253942869695,11.392021106372033,-0.9682025824730275,0
66.17661182069402,0.14612810052589256,9.271170360430784,-0.090564413165022,0
66.50548141581855,0.43652743420550527,12.431089573879285,0.5755501218618132,0
69.61727364626884,0.9634390391022754,9.531697626277921,-1.0859040946232377,0
73.79444557032112,0.7758128047499492,10.07055940741418,-0.20657060559811105,0
68.65861960124971,0.43878103542375585,8.183404492295566,-1.2929466224457513,0
71.92815818982403,0.46428120075062923,9.652885678329916,0.04776812887959248,0
69.88340706497762,-0.26404849260276847,9.21132248114769,0.08771908071056521,0
72.64628343418114,0.7025164183985424,8.05750563402469,-0.2640080958440287,0
69.30946162158091,0.24297568539631348,10.584978036830849,0.5434255466163627,0
71.32130091952934,-0.8483234793938521,9.687924072484467,0.12104228879205679,0
68.44705680851058,0.7684475530801159,8.22852155894269,-0.05737076024777169,0
67.94566277030265,0.16766006230152888,9.817723821408533,0.4620894449122857,0
68.18570049460737,0.02078495793512667,9.143286161100084,1.1218175292643202,0
68.78758078402589,-0.5457662806439894,9.289398979619751,0.9015790505037057,0
73.48116674349914,-0.19720243446296346,9.351644527136166,1.1520904950404987,0
69.05433550341512,-0.2048855367257967,11.7363833671134,1.4588517011160531,0
74.4318494034201,-0.6983902433955027,10.404057340814598,-0.7815248144795919,0
69.4651498041625,0.235127010006459,11.227002242951324,-1.333129631939916,0
73.46756464243587,0.23935104498728046,9.497376486532325,0.4149150131604955,0
69.12612250776021,-0.290365665556472,10.512250119213464,-0.10945246372178646,0
72.97338808803364,-0.7215159479371892,10.834407064946841,-1.2688952045726811,0
70.5133752268427,-0.13930600179091338,10.910934140160167,0.025513290276374667,0
71.32101636650074,0.07118718668053586,9.145908355057696,-0.7557121668120482,0
70.38038920652902,0.20938484869550653,9.358961636492356,1.4747642874196836,0
68.05810322934474,-0.07624097614404086,7.207779591169743,-1.3483542367590815,0
67.65066937356309,0.03462050371168907,11.798301098331084,-1.9711967191024389,0
70.38102984406235,0.5375315864168349,9.298568903329084,-0.6555288071234013,0
72.72757209980065,-0.22413300966722374,10.066595649766043,0.07304343731222449,0
68.39354108729779,0.4481435495994654,9.957199429557928,-0.4835298640779282,0
69.06943960970261,0.25140123385319885,11.180708358538968,-0.2508183821791174,0
70.42020384801151,-0.2895917143943706,8.226854783553692,-0.39635837146558434,0
69.89430955314043,-0.32391971880280185,10.616838175041867,0.20591346429699367,0
72.38535277174866,0.7512202558664507,10.851980714019874,0.030358659787053904,0
71.62594556678614,0.2673923612324422,10.433364500705117,0.017692138001040573,0
70.05147669808194,0.3898777510137863,10.850754333351539,1.074708867505362,0
69.568864026312,0.02538573470527894,10.574660222984422,0.7780175708191801,0
69.15208307739111,-0.02499661701958926,8.308224172430272,0.3837477612400324,0
71.84936863541515,-0.33657018105420494,9.286274748284777,1.1967843676381047,0
68.16478454195398,0.5325157627916592,9.029040443337923,0.07917504212928739,0
73.1063229001763,-0.9065137703329146,9.366270710637336,0.9883354068441709,0
66.551026357053,-0.05929804450755831,9.469047842715062,-0.7701635997761357,0
72.05231224868903,-0.374492506476466,9.87210677615391,-0.7921353143982297,0
68.79406100972068,-0.09664915407059196,9.52847892134117,0.1506228997533431,0
69.29046810826718,0.035257622195605784,9.745486857286721,-0.49140942355575645,0
70.74803777995997,-0.7852147537817262,11.30389461924184,-0.5249475492217308,0
74.90168505620761,-0.26084510424634794,10.793938993145904,-0.3181797176833847,0
71.22640955147298,0.5794572521219774,8.73884050015546,-0.4507839863598673,0
69.7663708120512,-1.0311437970926205,11.56113109923994,-0.3599322191295043,0
70.89397252822663,-0.696723455616166,8.769830815165989,-0.5834920715582145,0
70.21793608595473,0.6300936578526517,10.051313340074971,0.48117406608482177,0
68.22249292956958,-0.6392572394416953,10.045185941993859,1.0496743088519498,0
71.06263309696185,-0.20734753607729448,9.194269960304357,-0.23639324396702915,0
67.98388810188877,0.2859189731499766,8.994921739001086,-1.0313158657241663,0
71.03975721142452,-0.2365076260150503,10.296058054609656,-0.618067937006454,0
72.43067434650746,-0.23224776443143616,9.946962015339153,0.6108188309084388,0
71.28692882502303,-0.8013503740736158,8.7696899908574,-0.8269547800263987,0
70.92096031887539,0.4929822503911336,10.89980628757915,-1.415653851140761,0
68.80778682272624,0.1206237493836722,10.174233062194656,0.27074002525559737,0
71.41432893638793,0.12839652595876702,10.914045163475404,-0.5237813556766041,0
67.6866781624027,-0.09906387995184072,10.882786608739085,0.6032772507184154,0
71.40869833113074,-0.2718206983735866,8.878103439204835,-0.4903238465414327,0
71.28452740600217,-0.18996923504130508,11.082246251286925,1.1797721832913666,0
70.01573567540466,-0.22773543631731116,10.269936544685695,-0.7753181525815704,0
71.00588268655696,-0.9646605512164835,9.410936111417296,-0.14653128939047216,0
71.16736077076143,-0.26264745805626255,8.712545357450132,-0.3650450392918842,0
73.86354428000591,-0.3843399595070617,8.820645842244149,-0.11091125888189789,0
68.31701772188939,-0.19451576023038483,10.40233148587232,1.2730137966986617,0
69.4610508543775,-0.46325696533294947,9.36361353812672,-0.04597815637045104,0
68.69852986320156,-0.38060344462409057,11.7696260694957,0.5696007739836855,0
70.02643823117894,-1.7334673886671732,10.078198610228402,-0.533766268287937,0
69.70174013609628,0.4174713407934575,11.272801831256682,-0.5387653227860739,0
71.5540510112411,-0.9028893123194048,9.56936035772817,-0.17241961290897043,0
73.47197956881863,0.3847699358993385,10.356947860854378,0.4693233011074742,0
69.40935399623365,-1.059358345984179,10.14476804279479,-0.12712991456112627,0
71.55293663579434,0.5288559168820723,10.29533981098049,-1.2724061513103146,0
68.4183456050451,-0.2401943335573483,10.839654574250384,0.10219770220301153,0
67.11498488193241,0.10048326848106387,9.938078287089123,-0.5213277639566031,0
68.99223005189835,-0.2140324341841283,11.035983918247531,0.02558947630817849,0
68.64942087530419,0.06419679397948004,9.632359329820165,-0.19581205716663724,0
71.09684911911059,-0.056940092116083856,10.545775535858246,0.13707904067311863,0
70.78875247602188,0.27791683202265377,11.123254641101497,0.8236643698464365,0
69.31888946076047,-0.5285999606352335,8.563075721925255,0.2452017590214303,0
72.57632726926435,0.22506529109739168,9.989191723138052,-0.34578829614436835,0
71.54221149201588,0.33017232776962613,10.433638520648344,0.3671159743388767,0
72.31853733117093,0.5509076008184204,8.487377145508407,0.4228989623098407,0
67.5991704242727,-0.9687285134099929,10.145055857392625,-1.8533989941113012,0
70.89735848731344,0.6613564218256864,9.96502664704927,-0.21795914296247207,0
68.08773022075005,-0.2319121690095438,9.353599537827826,0.8460914020076127,0
68.82259807471574,-0.46600165769185387,11.306373521001785,-1.020791755775529,0
70.15591298568191,-0.2306110527616344,10.073350757728813,-0.6486004124701892,0
71.32105605756263,0.24140812930879937,10.375486472923601,-1.1749328860168529,0
69.22315911565528,-0.1950623471639821,9.931003850183616,0.09051221661765572,0
67.11215347547896,-1.2194320468848432,10.482645131015996,0.5323435892386368,0
72.64188050789917,0.6928513639505754,8.69605127273382,-0.6749644023134422,0
66.49239973728258,0.9731516470741622,9.660088612437315,-1.506296935333453,0
73.01346358916564,0.3317451986931539,8.984545762522865,-1.197886676923052,0
70.6539018550378,0.723192875631241,9.568987617145917,-0.2381615523646577,0
69.20020659764832,-0.5506033977792612,10.44954411549378,0.038763278340259735,0
70.98604203536813,-0.0488158385012147,9.832710466839503,0.8293923602144884,0
68.87470565081155,0.34437456341605943,9.42691109195647,0.5090297568738885,0
71.22628263728201,-0.15859075274486972,12.348519173646647,0.32233905063968793,0
72.64915336747929,-0.5613270379131591,12.998806812946164,0.3899527978269728,0
71.8972528461019,-0.222520971201397,9.615866634312571,0.3629265968989037,0
70.28119149598537,0.5800992661059591,11.256095073557509,0.40011685830842886,0
72.95095470371663,0.30026502462155785,11.035253182146693,-0.1906294796042346,0
70.2752699003823,-0.08112627219034,10.07100683719693,0.4121459097825481,0
69.43189265707213,0.7105449529584205,10.744488875115099,-0.42635103359413107,0
69.7225213238701,0.9964642130748339,10.712965684545482,-1.0728796142037251,0
69.11114123982448,-0.275735751465166,9.797757093443629,-0.6356444955583833,0
70.00196227557676,0.2580523572942501,8.371836906264061,-1.1649809360582866,0
68.05805944163473,0.32753288678158105,11.226468380067516,-0.5868870056449033,0
67.13309005340685,0.7771510303665744,9.868893614083767,0.27361526155368776,0
67.18496649942276,0.2643513375040322,10.964465080395087,-0.009504660035038212,0
68.90284977988202,0.13938741750359437,10.028020825661933,0.9140399505456414,0
72.98788281508446,0.5901973495420542,9.992626907298558,0.8537620848661396,0
71.9551385525543,0.40726433560776043,10.21451769789502,-1.4188749656986297,0
69.44008928584304,-0.012507175193690859,12.17120688299948,0.2935471400604529,0
70.67096220147769,-0.6127035878204673,10.814504609415414,0.4757813039452282,0
70.0732784396761,-0.21635415567281366,10.633747901774825,0.8200922269042528,0
67.68079572749295,-0.16597219916322106,10.568576517527594,-1.1013373569538096,0
68.92794323850723,0.09127060966653644,11.565966704894791,0.2429140967776419,0
73.08115137348011,-0.1259680199697995,9.357740839974209,0.12009696445494374,0
72.11911559495786,0.1447544657223563,10.0244613123477,0.8904812043501503,0
70.10628827484744,0.2020540265968659,11.930428970441179,0.478273213665827,0
68.41857097782683,0.4711081819368325,9.864941002944224,0.6673098143850869,0
70.39093115289175,-0.2943170178029759,9.936224488902006,-0.17183783216672052,0
68.83791924226598,-0.12600378139716858,8.798627501912863,-0.19394861920289197,0
68.70507784082092,0.4155498614461257,9.308751255655245,0.26241092274607625,0
70.99592244392441,0.04698352273888326,10.665715778220804,0.01830008796351277,0
68.06921192118169,-0.8919210535359768,10.31144055497306,0.7728488920442619,0
71.97707613455788,-1.0075590683682047,9.288785907221504,0.22744044838730892,0
68.15189043309393,0.19146346678607695,10.179987968218738,-0.2907097243675415,0
67.90173992494772,-0.31088203932982217,10.752933196756004,-1.084451646420123,0
69.49551770251462,0.019972781500436118,11.007537508897993,-0.1027370538325231,0
68.4602869231482,0.194417007861108,9.354851367609827,0.9341989078596482,0
70.11400740614641,-0.8898384906097675,11.265924824460111,0.3331270469868958,0
69.48398705973601,-0.22301881909590052,9.99710036303313,0.15935565653587627,0
68.50933806409303,-0.5491261428670561,7.707400313244109,-0.5188565711620673,0
72.88412784030854,0.3279868890774252,10.090422227007272,-1.5787708186553207,0
68.92269006912699,-0.290713328255555,10.757143116798305,0.011521177201011241,0
70.73769952900838,-0.00291456097837018,10.063155716284243,-0.22970776570523724,0
68.18606293757574,-0.37784258941248,10.298765728243811,-0.6285606138562551,0
71.79197731418523,-0.8133127726802467,10.9051191256213,-0.3448489111279045,0
65.24546975579219,-0.935337380349526,9.071037520313386,-0.8855930781216289,0
70.8469633362285,0.6335233253518625,9.2736165667271,-1.3464712203468654,0
68.1165559277026,0.4299604745945738,9.727823930772306,0.7936529940071232,0
69.32439541071803,0.15465311160418918,10.172824941109734,0.6428495738518738,0
72.1788804101479,0.17360671382616852,9.926051479611605,0.5801230631840854,0
70.80889663711078,0.39197587926424177,10.667714275278232,1.1933459602431504,0
72.9134362906362,-0.15302850730262846,8.906853202444287,-0.5952966195830248,0
75.61451946302553,-0.8665926261170386,9.837907329967278,0.04570497555143784,0
68.94564527976522,-1.0679319273227645,10.539580272935966,0.7314005365752899,0
72.93077092894406,-0.05513962604643498,11.1069675492724,0.14772562318084673,0
66.31499026328257,-0.09042129629169605,9.406334793359681,-0.1236939276141683,0
70.56979179330953,0.08917812009363761,10.805683475568223,0.9928583320778724,0
73.55303168865477,0.1546198666810322,9.689468897132318,-0.25722655946929307,0
74.26044919576162,-0.49395724863503765,11.680964785797185,-0.49645662531188645,0
70.2818262769938,0.756035994903188,10.007572647540412,-1.0415874997206562,0
66.56696052089978,-0.587016572150754,10.204718864265867,-0.8573851091720841,0
70.5895489437804,0.1940216260467987,12.53372678838372,-0.3078524774417013,0
69.7035247236052,-0.6164922745902239,8.183350926041648,-1.4709707739576081,0
72.14181704775642,-0.2610519085203465,10.779096001591634,-1.4324271051527178,0
74.51024754259943,-0.21136468859512622,10.670105126208302,-0.42036037332215903,0
72.17555143122198,0.6428445924823301,8.03574976639753,0.49651961784809134,0
68.51675068080891,0.47158566192165463,11.16703932367705,-0.4602778313591085,0
67.78693108334794,0.21763335878105983,9.85921105400255,0.046514251880294136,0
71.7091417618953,0.8079226086397249,9.981524177758589,0.24731073189784147,0
67.7647987611231,0.09099891001088416,11.599251197625359,0.8542530698197788,0
71.07018980169754,-0.4094360030778434,11.157810060501156,0.548787788713533,0
72.42533953205623,0.3928764151080296,10.506311636256516,0.23623394980077506,0
72.32018890095492,-0.4738107432217754,8.507540412591773,-0.762247087528285,0
68.30109535213927,-0.3081810444128141,10.469871698241583,-0.2595836457183748,0
69.70277178735292,-0.49330987473899524,11.395997834779948,-0.41583821410575583,0
71.7063888624408,-0.6034946766014847,10.282411180160297,0.07344859106306263,0
68.06776038325603,0.6256641331897632,9.90394189489573,1.4123019952674936,0
70.52353419969847,-0.5082118016461508,9.816669459634507,0.1900382814905097,0
72.3158305401698,-0.42293717259753877,10.36186655923837,0.5865320230950828,0
72.40705769827737,-0.47431428685938365,9.159041283730804,-0.2575445869559486,0
69.3171447769287,0.16566871128095112,11.19706542804087,-0.44323478765524477,0
71.85478484071366,-0.5677866626909095,9.599916141854653,-0.39277241919563843,0
67.34975790735474,-0.8008839793199125,11.391886551009625,-0.5565892994411167,0
69.43444817741958,0.6712593785513227,9.436800917373969,0.40365313965924393,0
69.7439769003631,0.6848544633678975,11.08435490016409,0.14086802978063084,0
69.720381832973,0.16908390162075945,11.279453662854456,0.07483329993149518,0
70.88752042490803,0.16596024683547192,10.930919643268785,-0.08825779605874123,0
70.23582165776236,-0.9324678431519601,8.958344329023298,0.5539290416973297,0
71.67059211438746,0.4179509523086283,8.421767739658877,-0.6320718931703286,0
70.43291685792859,0.6088835431761992,8.844350021101455,-0.19269167459260783,0
66.89293153172719,-0.6768747115318213,10.502474261914594,0.47041430839801585,0
63.940483964103954,0.19598234576207058,10.019744950680968,-0.8682166517011796,0
68.130041111864,-0.24098045527828021,9.741235331631534,-0.20248080031076882,0
69.57142313632049,0.33046459078711404,10.6380168011911,-0.9326504592259094,0
70.13497480260081,-0.802456850188502,8.948563900954879,1.0465910850187083,0
67.02402159489593,-0.5383331928063085,12.031969389456433,-0.014514320405915269,0
69.78989797869703,-0.23315978151822278,10.364108097605248,1.2422735409507255,0
71.44122921804814,-0.28151012063639175,10.297134040998062,-0.028494073469964784,0
69.92771918215966,0.6371575649680332,10.745497486538092,0.40200904519665254,0
70.20304524505278,-0.0922537471220022,11.101279272522136,1.5020530500477232,0
69.69874410565656,0.41732368097959255,10.317064154314975,0.32550166939178377,0
71.4321556743885,0.25116860568476573,10.64249956382207,0.10330155203376049,0
69.8833879666885,0.11610775081259435,9.074945433508827,-0.3325726683167534,0
73.0962689275696,0.3245084014017623,7.808353030250048,0.1741930126806199,0
69.94642056158389,-0.8601761901902117,10.540975066553129,0.4425553207001155,0
66.7513542034957,-0.19898183943130532,9.141688008214324,-0.7357051950029869,0
73.1136521366104,-0.21860564297430837,10.742829135398242,-0.663072364739756,0
69.14326609858782,-0.07131190479452261,10.697457080123293,0.3050091747803347,0
63.49183814798588,-0.17416119423955762,10.44411088790448,-1.4890779074028695,0
66.77991459610027,-0.7805861398220368,8.302296529238737,-1.385576059845745,0
67.3455532758271,-0.19694126891516978,8.244849558737913,-0.34554386767453027,0
70.03500792602213,1.3599653551969042,8.898575780104565,0.6761727477902444,0
65.70424858534555,0.4224987691627567,9.364826110032839,0.4702378008406533,0
70.679137568697,-0.13598232051063017,9.581874102584498,0.5250084303015744,0
68.85793250705046,0.6765704820908112,11.059135583108956,0.7067667667326086,0
69.47904247916034,-0.7429738606334086,11.422947811567171,0.4390666352267326,0
68.12459039806551,0.06595617919303846,9.679516079705733,-0.7411012786939223,0
69.36718148690288,-0.43741711080405454,10.365715358743525,0.13853648692051004,0
69.70694749278653,-0.16298574315506037,10.615727302869209,-0.8632851273603616,0
70.48427204199793,-0.8995455745926836,10.231150998662859,0.6700237890898114,0
67.33703650911943,0.41787346298495887,10.846161884771607,0.6834516374908639,0
69.87993142870745,0.48168022447871717,11.082725301126656,0.3168413809358978,0
72.55873641240775,0.2040830750345388,9.50815936528177,-0.5511772158617466,0
71.61579801712212,0.4633698378897264,9.450439591902459,-0.24300938715272832,0
69.47754565749044,0.4679866047842965,8.584030871748075,1.1321395904623688,0
70.72710155461711,-0.8009823648951314,8.99878452085276,-0.2983700465186767,0
69.35948056410598,0.002512051255528253,10.190007175623174,-0.6049791691365622,0
73.52177728757097,0.07962826078704467,9.60903241694838,0.7793407861844358,0
67.7905125255263,0.6330283079834358,8.869354555043,1.426939175291848,0
66.85031980628332,-0.37787112654268606,9.684937144384188,0.6543014116439009,0
70.63761792678523,0.857044218972077,10.082402120082653,-0.1821537020854681,0
72.68489285468004,0.7225269900008071,8.777740105190514,1.0474455702017418,0
72.48689606214332,-0.6148428488975446,10.388984169652476,-0.40490652276079886,0
67.29010718855474,0.3794928533554423,10.947282437279151,0.26849815987017417,0
68.62102978946322,0.5913591914595047,10.043914664494919,0.26346710468377965,0
68.98021966230537,-0.705251613248426,10.343616446301514,0.43475549567430455,0
70.75868379614045,0.37171831970204244,11.741689621279509,-0.3273098482199795,0
66.28383009041106,0.45020713018452635,9.60902727580175,-0.8511084097509631,0
67.235709627042,0.493938980700368,9.246910101026188,-0.5196422402446789,0
70.99243993649404,0.18912050950271522,9.883494787465308,-0.35503962258870825,0
66.27010803806637,0.9621253382390595,7.496147675221517,-0.04230056663692144,0
67.63986875751898,-0.1257081835676332,9.731508693529449,0.18171880930140627,0
70.36723122439861,-1.3905050384116493,11.12947526273838,0.0854937201812257,0
68.00187507532283,-0.05124561945115487,9.248971585714777,-2.4005098506568694,0
72.82983536885737,0.7332805082436766,10.626682796085776,0.9525028472421074,0
72.02384097104331,-0.19384832532143112,10.036729448625653,-0.12918972228283,0
70.69662729767782,-0.5148483566258585,11.024190013731141,-0.029789843391802587,0
69.90137668698252,0.2983641777294873,10.151119357204399,-0.29453881057350967,0
69.44978985517537,-1.1139853948829912,11.158112956383514,0.3235383516998834,0
70.448409825171,0.836906624280004,9.287059231655304,0.07671079026285342,0
68.49145969502675,0.5495786039785965,8.740337721514297,0.878696126411933,0
72.42675644551815,0.18912208530663013,11.401485414088722,-0.18695781900111572,0
68.93716021519708,0.2883660916352875,9.142286629157388,-0.06075865771449244,0
71.82387267984768,0.44692447799502133,10.008762291867347,-0.9466121571257999,0
71.37123426512942,-0.3274349589207879,10.037242599464935,-1.958125257197664,0
72.87117618988623,0.2190909930212817,9.229124794327273,0.293815210770922,0
68.04470548274558,0.5377038330710145,9.703719457763276,0.3811794501440091,0
71.35109767380538,0.9727626836708422,11.839084221345342,1.2391555637000349,0
71.78975575289253,0.6510028331339353,8.378754273757949,0.444521894559037,0
67.54685281926135,-0.539157103502326,11.498520025048004,-0.17330332226013287,0
67.33163566336987,-0.6327009563642434,10.925059934306276,0.4368274894624355,0
70.50126680847829,-0.8405895435501493,10.037191987595088,0.66616298353615,0
67.92496931386547,-0.6393710593523874,9.750820388791904,0.013440730289754092,0
71.71438279677353,-0.4703680050990736,9.556699401590315,0.33510299881277283,0
72.03637000535225,0.2504973705994775,9.674721403575644,-1.1378388628237504,0
73.59493125501832,0.36092677245514737,9.224918978528587,-0.49192600773266126,0
70.01123043915364,0.1459131441092486,9.323924557554015,0.999363238873753,0
72.68101849201479,0.14188085889515129,10.19199147061061,-0.5569550279209673,0
69.54494533373216,-0.5802430732259183,10.858622512433334,0.8835512792772452,0
70.49997582347606,0.9620599769650718,10.113116528356779,-0.08381299764260539,0
72.50095118132555,-0.7770319789066827,10.386744226850382,-1.2767292637209549,0
66.84389419375161,-0.07309573717014485,9.098288322983548,0.5498934279165547,0
69.0106884744419,1.0563066824352052,10.505654215384995,-0.6153209217766342,0
70.71873622930254,0.3380787680875954,12.161701863593049,-0.9966646473203067,0
69.84548137728584,0.5266657552580041,10.315213077991947,-0.4884319084161966,0
68.15092487199293,-0.10357397243811961,11.243819742482499,0.43772431506547316,0
70.63445919010533,0.7645355056111718,9.832385140626869,-0.045882679986014745,0
68.69060357015626,-0.7729314321917155,10.463871437827699,-1.1311530715643598,0
70.15342844971642,0.6718612675142296,10.665338281219597,0.7050680781370929,0
67.05825987405767,-0.010810045416175798,11.146664171540875,-0.9273751341211487,0
70.86084522997885,-0.610926771434016,8.813940919312143,0.47907725202236745,0
68.84404083336115,-0.026388051201919074,11.159888332408471,-0.8003595955872757,0
75.86213535517481,0.5900773141285882,9.481535911272086,0.9667668513046919,0
71.53417615834513,0.4233488118812793,9.834245006803119,0.8638777744349755,0
71.26299818410679,0.36983773084851373,10.421847731750074,0.07862371772621699,0
69.6429680014044,-0.6692944284131424,9.985832032353,-0.7839156360712756,0
69.97387459621352,0.3947250548881414,11.558311071009301,-0.8522859641463754,0
68.40735345250424,-0.5386957250206279,10.38196108940631,0.5002929280633456,0
69.1504545222827,-0.09672175174603269,12.872285051081048,-0.3523178190882944,0
68.73242694199041,-0.4961062661519239,8.566269456303912,0.9260624024344815,0
72.42607312304513,-0.2239665857961973,11.200018098059337,-0.10046189122783361,0
69.36623684418647,-0.014659668988666066,7.9968447347130445,-0.855907755580671,0
70.50197478919212,0.22092653284684674,10.070033838397004,-0.1268075717358855,0
70.52504288515604,1.0400574524758275,11.525977881302339,0.12529171523958657,0
68.39114884361314,0.35039896124924824,11.649796189117325,1.157920768739679,0
67.17792246523554,-0.03515180077753862,9.394692215358706,-0.9004830305315021,0
70.7355051386374,-0.5421875143473276,9.886630541304147,0.07871775871123221,0
71.44814261655168,0.20986562151331078,8.756125459544883,1.0246534824362927,0
68.9231925681536,1.0833336838707297,10.117589785720357,1.0108884070057131,0
72.6104723748736,-0.31436135934529863,9.73360027182224,-0.2614520848999349,0
69.37826822300852,-0.010107272124762952,8.96059875114902,0.09133624594777344,0
70.02660870419312,-0.9847193804588007,9.585021008664569,-0.4091647402267712,0
68.53860167355722,0.9342388331352323,8.3968722527315,-0.7992992823837035,0
70.13285740359748,-0.12900632902774872,10.54707374805637,1.3065141971198742,0
73.77716472624148,0.10065910259016252,9.47676106739406,0.28725994682024736,0
67.48156621071176,0.6699730763757069,12.31443725172477,-0.6869293289197487,0
68.17645789447442,-0.2826330840294983,10.17729732690712,0.07174640653331961,0
69.20005553690862,-0.49626379736412857,11.463686133013322,-0.20478705789013804,0
69.22440971895996,0.10331671066603977,11.438866788172383,0.094537769050213,0
71.45742812105239,-0.2119727131458605,10.372307041510481,0.18006235864769926,0
73.40585426694685,-1.3283069705196033,10.128420395220116,0.6432994973044073,0
70.8869122120265,-0.5838681026375011,11.113537736773335,0.6521269141219561,0
72.36425501715485,-0.31345241207382146,10.158120019731188,-0.8917825943215067,0
69.65532702680298,-0.012425306032553908,10.243431450173114,-1.3378704246080053,0
67.71939626836249,0.26874564836688397,9.848941730956946,0.4238872985618509,0
67.47052436822204,-0.1384164263273907,9.575220531943549,-0.3265495320077436,0
67.25584201530404,-0.5456216538945845,8.773067140367079,-0.17419698133175818,0
67.73599986916041,-0.21603053370628825,9.668792055289193,-0.30160981656544916,0
67.02259512875918,-0.13782169346231704,8.895207910422782,-1.079908250383444,0
70.44783108954458,0.05497657171693359,10.344987956797041,-0.8003419646855451,0
67.48706950004188,0.7307054324768611,8.067939293648667,-0.7196278170676582,0
72.65901106479043,0.09833414010609198,11.677850341834967,1.367895323182224,0
72.77439744765465,0.7641928363308763,10.082784448398868,-0.7509182788413954,0
71.64961644468066,-0.573134470688503,8.332376049913895,-0.7043551695097713,0
70.1331384450189,0.079327843251032,11.257179742110972,-0.14134753181526696,0
74.79295667954223,0.0440205669639267,10.766159522138508,-0.4612698291808993,0
70.49881735700525,0.14920860941315706,9.122720186734538,0.17557272748503722,0
68.0236472747853,1.154594061942786,8.928752339265225,0.21676741534473593,0
69.18723555376404,-0.7172919532250914,10.543117548821687,0.5117781429791016,0
67.19476573361536,-0.523965485646943,11.228237440051561,0.6820513321366894,0
71.28620017472306,-0.5453862597471765,9.740566198070486,1.0758431449938215,0
66.03061661992804,-0.649358677835664,9.425960779894021,0.19618878856613067,0
73.03051604384096,0.9265909452893616,9.32772143795435,0.9190373179250543,0
66.5321679224667,0.2860396695122949,11.628053743586026,-1.1980386731562898,0
69.70832995472242,0.8074466137258178,9.945288410381774,0.42323034787381086,0
70.82016086662978,-0.4132192611289028,9.687494115553179,0.8886191698383492,0
70.89243869744469,-0.37721283068023964,10.09582433393396,-0.40880442016805585,0
70.62061731561961,-0.2285440112957822,10.535525736248774,-0.6341308506209092,0
71.52541757479979,-0.6885019516201469,11.617686804900734,0.1475012731468975,0
71.86126905770013,0.19572522147628782,11.907855948468233,-0.7735690379111143,0
65.85758753449392,0.6571339010629585,9.33337998293251,0.13922199958612544,0
72.54703097985191,0.7315893618758126,9.385680905951236,0.0937414563933261,0
71.33277832838472,0.547229652314981,9.246893854764503,1.127624034234942,0
70.04707174439076,-0.048952663481268824,11.027446615126962,0.5141224546701858,0
73.46956717432593,-0.31031245090945053,10.626467429467308,1.1149835012760114,0
69.69539833652348,-0.36285442021956194,10.683747264290547,0.6303569233381754,0
66.41700704462447,0.745912443097978,11.581774918041736,-0.6528367838781113,0
68.39822334000999,0.40990667303520756,10.867540742243937,0.26934081615531463,0
67.14028279914402,-0.2959138040610789,10.415526959491674,-0.11080820705180305,0
65.15703560395713,-0.610792281281833,8.518370351961034,-0.9858286666079139,0
70.72511102966963,-0.157987800643422,10.171734875048891,-0.31059845066558006,0
70.32179132693156,0.18892445808491132,11.203951742940049,-0.9031947744517281,0
70.52130356922713,0.912133258940432,10.090178952240262,-0.25460531587699403,0
68.79065086496405,-0.14113817206700235,10.375323479497167,0.06282630440774624,0
68.42827616634605,0.18433276562787676,12.497731641851448,0.18515856027931465,0
69.87461887150346,0.775955450405349,10.424478526840598,-0.02570780273776027,0
66.49340902580666,-0.023029381854911466,9.175891022490266,-0.2695707544016603,0
69.0252387157139,0.8791476224231083,10.819947232851549,0.8015873103142429,0
67.37087746984527,0.13256591090763614,8.205397108484368,-0.7098815980937281,0
69.09576428155866,0.1392627768676763,9.88845589046414,2.001574026610626,0
70.207213232125,-0.5138474363530072,9.725487047129887,-2.0126758330435273,0
70.64232469443282,-0.5793765645882418,10.715801443019908,0.7033858729121554,0
71.23163800913937,-0.8590859542264243,11.87001095268784,0.855083983546542,0
69.88184551041,-0.18921364635443494,9.985033209860246,0.24358652278375065,0
68.46721148029607,0.5151070542402086,9.456555205560152,-0.3632364048677204,0
70.91632824574323,0.5131598885713035,9.229907096541245,2.035762543967308,0
70.67806175073277,-0.7892562792824113,8.873225928738394,0.37105713588242956,0
71.09353279801954,-0.2525251117065287,10.395773509332887,-0.33145512190862503,0
67.99588160697509,-0.09537972626042317,9.819037358469089,0.9944214187890241,0
72.05516393760621,0.12820159431334868,10.436108772539008,0.9458119669175666,0
76.7046162696708,-0.10834744729803031,11.79069142920316,-1.1700919038412125,0
67.48307385531524,-0.013364404975132438,10.856782922570519,-0.14116811812768235,0
70.62529836950812,1.1160583916108593,10.417477678620726,-1.0785417713755114,0
71.19767607064497,-0.4131531108531783,10.201870703969576,0.19005271579183078,0
68.90620081820693,0.4691310517196765,9.243834074522173,0.22065518208843812,0
71.7969324503564,0.1463422254602727,9.319918391763713,-0.5101053956812088,0
68.6769255582229,0.3789007903595932,10.173459624010164,0.48897391752392266,0
71.21400798305514,-0.5988903484615259,9.12901519497589,-0.18284013834494683,0
70.09353485094357,-0.23688819796880764,8.449934098322261,0.05157419034270714,0
69.64018144468521,-0.7350773376541841,8.302679399501447,-0.9876934003052993,0
70.67581661235887,0.12231478804417237,11.404789168910517,0.8177748609733891,0
70.83260669932487,-0.08029666218521744,10.195644446691212,-0.013525779605068858,0
69.20802357201728,0.36814236847157206,11.415737142471416,-0.4285435898666572,0
72.93764583351602,0.2591174574102936,10.107904178759979,0.15287736955324058,0
69.60459644140718,-0.47116876285251597,10.187350027312311,1.4681049266658803,0
72.82053430829636,-0.32015498524470354,10.541111155540314,0.2492924592878652,0
70.83095913878445,0.0008484711297773583,10.708482627212533,0.6447944717041221,0
68.61405550508914,0.8182975666345846,8.143901077193291,-0.6524504527395552,0
71.09152769099273,0.10709277167252766,8.409711927186219,0.7237536353957065,0
70.70821250953223,-0.0988290957287074,10.532783065235476,0.35711141189351814,0
69.75753578012163,-0.31215472108620984,11.883978820178674,-1.4421685751099744,0
68.28288412959395,-0.6289100667892134,9.914299510065371,1.1317528551485416,0
69.62307405861809,-0.08589050242081037,9.493102433329119,1.9569620540902943,0
66.60031760310198,0.0410837778910371,9.452231177275157,-1.479997302980436,0
67.53545810058887,0.14303450544905177,11.423465241216633,-0.5293225094973253,0
68.38671084566322,-0.2555552824606408,10.712860329891498,0.10156450314596306,0
70.00461704582683,-0.18442112985896242,10.996819852541764,0.04877712935603994,0
72.69055740773273,-0.1845011658882003,11.690907510667188,-0.2595024381137522,0
73.05208571832313,0.05862737590861227,9.931784511386727,-0.02954677555950637,0
67.27329694632766,0.9607893715157273,10.763168611317052,-0.5858240986317544,0
66.90450876520194,-0.03153681578352765,10.02363800522111,-0.2913098327465824,0
67.29247229370009,-0.1863678861885795,12.10464500848732,-1.07063778567207,0
71.80937317941509,-0.027073530585407273,8.421002596752626,-1.1189400017571254,0
71.82705432906977,-0.11775321286465519,10.046760019922273,-0.5966655649745176,0
68.18387090102216,0.4609321041347861,10.573299702952932,0.6029857944719155,0
70.63165657723842,0.07511222674771752,11.264605358631425,-0.2344683229039109,0
67.46012859747414,-0.33675531945058285,9.152983841577754,0.5068814875260914,0
73.19826335573181,-0.4796192193614338,11.173144117347057,0.36335411743764956,0
69.53267992222612,-0.5575988839966233,11.48323900878814,0.3373820893307928,0
70.11996583976794,0.5701629945758736,9.83848532866714,1.2011048344669246,0
68.95878395642819,-1.2242474831947983,9.318906070078944,-0.8855589241454228,0
69.36036059048025,0.6398706633308261,10.943659517953744,-0.17783339890874278,0
70.0233153829768,0.03684428265187817,9.028831243896567,0.04507609671598316,0
70.67592847456663,-0.23862801337635134,9.669574715282023,0.4947945249851438,0
67.47929304089551,-0.6959130669432532,10.620036080497469,0.24446664178012523,0
68.88448618394705,0.26359449146620273,10.512637543535858,-0.30253798525759584,0
71.95444166068539,0.3827950447576352,10.143597702671196,0.259938705172086,0
71.87578374501294,1.1176121215373636,9.8325456120607,-0.4350316001627561,0
70.41901063170359,-0.4158194974474373,10.234963367085452,-0.23917612273379218,0
69.95914633626623,-0.12700620293602,12.05708868995156,0.420705371840867,0
67.35015949484826,0.3547355995816614,9.934322253354686,0.06671884733390836,0
70.22404521938826,-0.6214743519327783,11.02306718843964,-0.49433056653916774,0
70.05057468846641,0.2862921167022395,10.352521142219672,-0.1972720135649879,0
68.89941080355605,0.22020168005490373,11.503380903960968,1.383026402331624,0
69.40601851814984,0.7382930000841024,12.187869675887885,-0.4766078833429286,0
66.7734700333757,0.22591596188780946,11.274764845138193,-0.025491823093408084,0
72.17679207733137,-0.06173644542705486,11.238607295453964,-1.2414589213782932,0
72.28583791547794,0.35131214909018543,9.126771073844251,-0.46580562509407364,0
70.30558831295006,0.13391310562870926,10.709587181372084,-0.1717090859800034,0
68.0304909199748,-0.9096127635836129,10.609232632304186,-1.5899765506956078,0
71.21189484241266,0.37317499764705125,9.601077773103118,-0.04166327758526836,0
67.83200375183013,0.13212765095271992,11.329929262694447,0.16621110496420174,0
72.16999694095459,0.0037405902816864834,10.773069944768405,0.39704592627108215,0
71.65947328523922,0.6732249111588396,9.400020425577635,-0.158396330178885,0
65.43366334856184,0.5245470389427854,11.447592778541724,0.8300440397766302,0
69.81267613371669,-0.30252972962321484,8.680404194911338,1.404711887696778,0
70.54036726404163,-0.5925269667069037,11.351744057510448,-0.6876015330150381,0
68.99518799037791,-0.5947492361591821,8.425487851059028,0.5570109758934781,0
68.62174116182248,-0.0067834709401440076,9.126394639891494,0.7309774134359684,0
72.32306938708702,0.32669948836426915,9.358816019175748,1.228585226457758,0
69.17334389723578,-0.5245467319811425,9.87315780570008,-0.34108208848942057,0
69.43380812993989,-0.05198043393071006,12.969595554252153,0.7775838135046232,0
69.21562536011112,0.3104176521461488,8.226136607498354,-0.31699840582339817,0
68.89165291080867,-0.2118074462803258,9.07261042113067,-0.22818517978654587,0
72.23050040346583,-0.2102892954686147,8.135024112038982,-0.843379942486235,0
70.53229537145097,-0.3792755457560608,10.837933459522162,-0.1656435861607429,0
70.84829688148473,0.07398223381892698,9.395573776758718,-0.042380105808083414,0
70.02987912111018,-0.2976899652948536,11.193744626896608,0.33688350773577347,0
68.13957297790522,-0.41026446489225743,8.65161405615383,-1.0824029350813207,0
70.39445439806582,0.7303071647832485,10.426361793023034,0.5052167406021498,0
69.60362853022146,0.5693752037200511,9.876123571506936,0.5424117106770397,0
72.25169892303504,0.612271997647019,9.523801576021746,-0.06009413424544405,0
65.63688991326653,0.5866930703156837,9.134868033861046,0.837666457895629,0
70.09487237838896,0.0675841818483022,10.983858019664837,0.802396910766733,0
70.5406469985056,0.011103949071092143,10.084428513925797,0.24909282040441072,0
72.84803437295707,-0.29699804889195,10.102594381624831,0.4162770679172065,0
69.51573653860952,-0.5744106117048351,10.307884613333906,-0.3368434039541219,0
71.0623766537479,-0.2629026932782785,9.941639880757991,-0.22798882681963623,0
70.17766847193744,-0.2608212050789863,10.752375037474456,0.4010128841460067,0
71.46292433481835,0.11134452030649152,10.494574240062759,1.144852456322324,0
70.83316026447515,-0.4095652102084754,10.19356498544222,-0.5584921670735726,0
71.04240628763824,-0.48716973607609465,8.666584302059233,1.3600040353484162,0
72.04517174127811,0.3519720246970252,10.25922172645697,0.22652612833215713,0
71.176366963547,0.04264333544860596,9.154522070141761,-0.47992314142423353,0
72.26321527756717,-0.5086347185368093,9.945504829594562,-0.8999791238441328,0
68.02666113968083,0.47436135816728725,10.376986780016134,-0.36177059742735057,0
69.98568572177126,-0.6151762780093093,11.283473094120632,0.9561266659987036,0
69.67030965202015,0.9572103205419469,9.905307266651908,-1.48243294474847,0
71.80681675695787,0.20184042804857924,10.678551755040045,0.8821294099475442,0
70.42808987029818,-0.3193925254024669,10.849405537559742,0.6262912388550975,0
68.08773705112421,-0.003265790158451907,9.102293303588079,-0.2697234309963236,0
72.08183280020539,-0.8061745187074776,10.928211690835445,-0.4883703580276853,0
70.0831356745788,-1.0523433868530199,8.847241528779529,0.8321295779204667,0
70.7582858543185,-0.08940706157537703,9.002504004549092,-0.061012983441825576,0
68.90268743529211,0.3246076498644777,9.60964459888481,1.3212306908769154,0
69.91307034522106,0.7301533292687589,9.009493265522675,0.308132128032114,0
73.01468509626594,-0.09667100789756986,9.488354998317192,-0.3160963733938235,0
70.32853839321346,0.5127320141087647,11.441475264218276,0.06190921351840058,0
68.42636604403786,0.3839866961136853,10.417916677241092,0.353687021542751,0
72.74078388503442,0.7741536765330927,10.619180056198687,0.4505642599884982,0
70.84321581657866,0.27841853610490025,9.5391530676028,0.23094080968255437,0
70.87131049004907,-0.4037136158778762,9.129647657571196,-1.018287639182737,0
69.88104897853567,0.2848573484216007,9.161317080730518,-1.4069215665162997,0
66.7356082805227,-0.9402573462483951,8.860657344603455,-0.196540535584809,0
74.88350282668154,-0.10513123489508636,8.7875278924042,-0.8848341101791495,0
71.02334873583055,-0.11978923135131433,10.053659203282928,0.6893662423307848,0
70.36128218270126,-0.18989103385849931,8.778592963206231,-0.7173146301116367,0
69.88505973793008,0.3337360048736537,9.608158754719561,0.5020364920079617,0
73.45991814253924,0.9685165784858906,12.4201998470724,-0.1300725791778223,0
71.26865276049195,-0.05205687112710818,9.771173346662003,0.2059841797029512,0
68.60043017664727,-0.07046395682930957,9.954654271973473,0.5366601318105378,0
71.45007603575282,-0.8343279764091922,10.02317228789583,0.3233532966823814,0
71.96585616008821,-0.8375669899415328,8.996775568073637,-0.1478905913218697,0
67.76354266445776,0.5671673271826955,9.233228657331717,0.6549117967422283,0
69.3798953353956,-1.1023864424514935,9.271656511438069,-0.2465818962163093,0
68.93079891386301,0.480301768259024,8.185402172800194,-0.8811615973192612,0
70.46466571749971,-0.3777093227909076,10.297842352300915,-1.7057904824973755,0
66.8109624665759,-0.9126935708448876,9.526073910143118,0.45542514932652384,0
68.44481037984508,0.41029777923321875,10.623543460617938,-0.624685277390494,0
72.44045751647118,-0.2815301528039281,7.44014498006671,-0.035900090606924624,0
71.26041647750625,0.13303760401364992,9.923045760977748,0.31883722502056844,0
68.93693869296655,0.40042250330583506,7.868343158546596,-0.3866615890818571,0
65.91130076810488,-0.5022445968605943,12.058073044627,-0.6899193324364599,0
69.70319387802779,0.2007454840037307,9.079087210947874,1.1340933945469622,0
68.5445798123815,-0.2504451771227142,11.217365526742176,-0.38593544172401484,0
66.92191263150342,0.5809939632086946,10.815180538937863,1.425760324214639,0
70.14447585380044,0.5482078173424326,10.538298266395431,-0.05210181504061843,0
67.85355021306502,0.5864438502104533,10.78341349959941,-0.050120760655865376,0
66.51436879017488,0.7701394915489997,9.220186744886984,2.717448665028531,0
72.77855179210265,-0.2081833476961635,9.346875525726041,-0.30248822816156046,0
73.80039471849365,-0.7155913683117081,10.343785253386644,-0.618650614638463,0
69.29998791044663,0.3926102286628714,9.933124147160983,-0.2658595852591394,0
68.7116542543563,-0.14317079821310996,10.091141714156842,-0.5679854313313398,0
72.9319148981742,-0.1830483769723875,11.228089053454177,0.1120411152820684,0
69.60226532993265,-0.23485526147516939,11.727963139932308,-0.545845999160285,0
70.96947364042012,-0.13373430434343778,10.697753265975104,0.5258214368632,0
69.16079773457555,-0.06668893039135625,10.740143648929248,-0.26720682007487284,0
71.05314044979652,0.39493807423111393,10.794607697696886,-0.12349619253267106,0
71.69360199558669,-0.3230820485926271,11.483473714046555,-0.7973716893623184,0
69.76363117948597,0.9622429967157342,9.11798208616921,-0.9774687052386913,0
72.23683909646199,0.17631166645940663,9.627191222080056,-0.37379076950276313,0
67.80210498523661,-0.7376513210154604,11.211680805859135,0.1554968471604643,0
71.1787376610905,-0.9767966775794293,10.303560556558077,-0.5130987713810803,0
67.93442818262656,0.18697806211425128,9.10569387494608,-0.3776853541174309,0
69.42136047231247,0.2887662048072786,9.523581047948017,0.07760511421913802,0
72.44254241966813,-0.3820177349748175,11.624988575973497,0.39226468045896,0
68.86994682220528,-0.8744560152932773,10.904143748550302,-1.7105185455353098,0
74.22965472724013,0.4409699616782143,9.026101741686261,0.8563737470998707,0
69.66693176006822,-0.1281353444545556,10.566953654225351,0.07276437051977652,0
70.77621856212991,-0.24588735527718292,10.59652162345086,0.49570268793396005,0
68.74831586284505,0.66729016443297,10.475951981839376,-0.1361023012459504,0
71.66964097832647,0.07006856643258368,11.50374788160698,-0.24787151119002912,0
73.19790996407136,0.7837387824880857,10.100623267189047,-0.9785007543621678,0
69.40689808078132,-0.15309795169254198,12.184785764861022,-0.07192169393711971,0
70.42290865249075,0.31498758807917476,9.331897484180812,-0.5175219129117655,0
71.95812904148349,0.7123508530720659,10.71619678268832,1.1423608917812162,0
68.96488335253271,-0.19034193015189463,9.707386568653122,-1.5573311149932065,0
70.39037985768786,-0.4486080069940847,9.498067200674294,-2.044646433843455,0
67.46518566518323,0.8467932065773979,9.626265274758588,-0.46641216725043366,0
70.11732387460928,0.30280021592319056,8.90525106533553,-1.057801493282527,0
67.09827458711763,0.2731079133426023,10.446676406398817,0.9042684394453732,0
69.91684536581774,-0.01674591922758177,9.258286809520595,0.6851843328190891,0
68.5257354243459,-0.9940908857749025,10.855986219347592,-1.2165556930037411,0
70.2198438748123,0.3542354789035361,8.933772667370729,0.42239021636019203,0
72.21735641955203,-0.09856881421670452,10.265755509504803,0.1380125466332074,0
70.60392424928577,-0.022822035372275992,10.52360776574634,1.0101595240096226,0
70.23946236742178,-0.24654343300973713,9.413099816975325,-0.0167233781880648,0
71.18662765967977,-0.38977827940355636,10.946420699230366,0.5404851300720576,0
70.51079723310649,0.1903919469273083,8.486420634470209,-1.5571161587233542,0
71.407420615245,-0.04336283800574909,11.4639447872244,-0.27925696795070026,0
69.1422628626829,-0.23453284984302994,11.673737887016765,0.8455133021742363,0
68.07027603183215,-0.8302131220453324,8.562082446189395,0.5000112131541122,0
69.69807621155698,0.9877655401452063,10.20923753905528,-0.897363618720768,0
68.49280340732484,0.7474822784265831,10.46656668953366,0.40263533785879846,0
71.37281028562874,-0.0657721118416596,9.790898074351404,-0.4292010954599212,0
74.29078681840909,-0.3315985858450551,8.582698412918221,-0.05960024497485511,0
70.04575230127833,-0.4153923917137572,10.921599553679107,-0.013258255500686142,0
73.94489151795833,-0.0596249229169772,8.545342782148586,-0.5129359529391698,0
68.45189456297277,-0.6544638631940282,10.40060098164891,-0.38624514316846886,0
71.96873892493292,-0.13181097007815054,8.67165977597089,1.0359435304005034,0
65.34768160249438,-1.064111988834003,10.353890512866823,1.1340576129162223,0
71.20637440547672,-0.21848952848779477,11.410838670594753,-0.8519985395760428,0
66.45053222671142,0.11897000433365185,11.319693560568153,0.4700716682842093,0
68.43913261012266,-0.0784416397768124,9.52905083439712,-0.8511165557494591,0
71.16301338334382,0.22419249130007224,9.13327830735853,0.06305275904618055,0
73.04110778183816,-0.9579295283971946,10.202073481234635,-1.1529959759806105,0
69.85193484936843,0.073838709646054,9.622490776504247,-0.4758302460379418,0
68.47734291865284,0.3340447314044406,11.639685406804189,0.4940859420674092,0
69.25729612413544,-0.30937460751844925,10.534266399655438,-0.7990667784367844,0
69.5205737833522,0.1353065249309742,9.783803516101633,-1.4043930984012147,0
71.68157530496762,0.12223002205398711,8.372150242563881,-0.5996348170444279,0
72.70790339063872,-0.28398990167778737,9.284638501112973,0.6227201487017345,0
69.85691445203615,-0.1899827146911545,7.95276020738247,-0.7237703337300628,0
68.84199402801278,0.44241260013697975,12.31420897055121,0.1974134025181267,0
72.68347125002097,0.4336158640966331,9.423601712116291,-0.3025876558623978,0
68.91329512665446,0.567677735462468,9.599445078297288,0.398680493194175,0
69.9356709727629,0.0023238679746388526,10.498255122679057,0.4642655780057234,0
68.92360947981234,0.11725923844910105,11.390191417712114,0.104487406038805,0
69.48088351562231,-0.1835002009088428,9.942828782114521,-0.344023383393319,0
68.31958174659285,1.1121760144076653,8.496331867772014,-0.5806539256728144,0
65.61888954405777,0.5154282171552256,8.98723786947784,0.5615992354989237,0
68.77198416250751,-0.4076427483148873,8.887254277107758,-0.3945196697920215,0
70.2574205188326,0.29326513295321743,8.851894954413558,0.05460309675308607,0
72.37965321097265,0.3265839756291699,10.068277228326568,-0.4218992971635455,0
68.26875212969016,-0.6120147554038392,12.488985944214622,0.3580781588007813,0
68.26816130748512,-1.2134141575927113,8.89150726054823,-0.19684855006472765,0
68.20862022797662,-0.1291857750013384,11.264457248840053,-1.5794552454695676,0
72.83118405157953,-0.27661777734434967,11.253042959192738,-0.7272606420398294,0
69.64272446628394,0.23080027931914252,11.437614852614358,0.7471748122995702,0
69.38592782918276,0.2842381426561972,11.430933287896208,-0.34185882939242607,0
70.63218003607292,-0.6939793679306896,10.21477396978844,0.37542482610178646,0
70.97442522425537,0.07190540452858017,11.742503764552902,0.6479948669346974,0
70.35532291166278,-0.5702256086697264,7.722826302005606,1.7513274906914296,0
67.96366945519745,-0.21289676445400732,11.007759128620123,-0.43232269343571583,0
69.97629637764524,-0.02367580940264302,8.871802013572996,0.4898174993105269,0
68.63652569337914,0.2622051597925228,9.45803749792511,-0.7371516087274251,0
67.88212876843139,0.38005597733078555,8.110203243301271,-1.0010773613295052,0
70.64718278706049,-0.14297936950189083,10.39894080651289,-0.7223294448513928,0
68.23748948849739,0.6264581583755419,11.931149829955016,0.3328636382022838,0
71.99981152896665,0.10526044989030717,9.065627899921129,0.9890435747684452,0
69.45566515354939,0.025729229695553364,9.814321317066,-2.168487936535322,0
67.45920617950425,-0.27509436397020876,11.049943185387143,-0.19950162862754844,0
72.18887945192064,0.4521784195691526,9.680684659184681,-0.35194323557817836,0
69.52700236946987,-0.3346750112888689,10.421512207832134,1.1853476170514932,0
67.34821536538799,-0.44184939619563723,10.399016026630584,0.6701057961530108,0
70.62566749179221,0.25172803374391883,9.418005521495475,0.2812070402470929,0
68.18149831966902,1.407927199208186,10.834260721872502,-0.8793696978858079,0
72.40756876824898,-0.35003613647307846,8.790941315950311,-0.3800885674508333,0
68.97759987837416,0.4297323927346593,10.91392888032274,-0.38651329631950837,0
68.45585405044743,0.16813526639739854,9.622955321107556,0.5453604788261227,0
73.68599846085999,-0.6595935487692651,9.974849676142243,-0.6853662893171506,0
69.96381773990296,0.19446275189317078,11.096151932673415,-0.6654357144600327,0
66.36562655659206,0.7000169600005287,8.582921226078241,-0.7103674804067585,0
70.14817624010091,0.7811426291108723,10.503162564549063,-0.5009875107289441,0
68.63459076844295,0.10880456773251619,11.500632997241215,-1.1143964725950537,0
69.78850331593088,0.6085172536405559,9.343900083965542,-1.0466908131609984,0
68.95841847254995,-0.1056752833344961,10.852104696016065,0.21085894191940155,0
67.60872057263309,0.32802723459183564,7.6850390677010285,0.2691796556427983,0
72.96610696031173,-0.054483180330811024,8.321331914985047,-0.28408522253335833,0
66.08644237993902,-0.13852399021139084,9.906959492191145,0.6010735610776021,0
70.20134200781368,0.03834549231691676,11.02406087689519,-0.6419612149192391,0
72.11180812508111,0.5558002261286777,10.85556397954082,0.6045227731573045,0
71.7137196261584,0.11967315864984387,10.974792582333656,-0.5723087786138695,0
70.99371394152784,0.6601600438671558,10.206169541391217,-0.7518692878735951,0
67.38448336863993,0.11362223987524184,10.32818579134097,-0.32086699091160376,0
70.0207118399357,0.1479949205820181,9.8126940934063,0.8387169838847011,0
68.45888254632781,1.0832342937998383,10.818912258673826,0.8826933272013741,0
66.59917153181583,-0.3779405946378134,11.030831463764816,1.015353067832157,0
69.33210722900587,0.21311928108913844,11.22183134863213,0.8595570594180706,0
66.16032477093025,0.2370308048957455,10.807288528762669,-0.7388995185581374,0
68.92471981097819,-0.18245691114692084,8.777767859443431,-0.5565006884160877,0
72.74998954590525,-1.0896241917784826,9.002857731973844,-0.28933233003804437,0
71.56407434106065,-1.0616597338402953,8.142843780952738,-1.2210058993375275,0
69.86831198140068,0.47164341303447915,9.768210849420564,0.5915648386626491,0
69.07544016820037,0.4381699788478895,10.61198209447506,0.2880559817945449,0
68.14096444169003,-0.12570020976820379,10.629318630512362,-0.4437539764799328,0
71.52333309282545,0.8587590241460727,10.817810996656448,0.996972050848296,0
72.59948960067399,0.7440046193359742,10.375274909105231,0.8322977408339206,0
70.83365626908781,0.4663559565562599,9.891771982215348,-0.12918099297951957,0
70.24722310139157,0.5438676119425992,8.959635932444096,-0.4537875337411845,0
68.74334442069578,-0.8417344292718052,8.524145668045309,0.9011271194674905,0
70.25171992092808,-0.11246052788642807,10.770470363949626,-2.3117861861615125,0
68.16641159079744,-0.6404012577047318,11.036104037619587,-0.6249009309905685,0
69.36106034723876,0.8210976715266385,10.557496026909432,-0.11671570480988974,0
70.29221900252118,-0.20405238649295887,9.397059387291332,-0.7889533541170795,0
70.56019067717526,-0.11694574771482284,9.731012835715662,2.5316004689781018,0
68.76579576754801,0.9086855870851547,10.672079398327263,0.20682398687210043,0
71.0344099208747,-0.9127799962141296,10.56477399403145,-0.15548822112585406,0
71.09033139139426,-0.6291778307847092,9.811396765919767,0.7821156024510065,0
71.39891317191744,0.7576678512549331,9.788382821814038,-1.3288636587395148,0
70.07342380497248,-0.3325533081331909,12.138808127373396,1.903752352517637,0
68.9589756385667,-0.25574450114426023,10.352082011742437,0.32476468407758347,0
64.97433547320948,0.8975779445205484,10.44067754125493,1.6020460241966406,0
70.17889631601487,0.3491190885201613,9.974297973067225,0.8991517715917722,0
72.79670474100448,0.3168586922718181,9.49287488231118,-0.7415765327577125,0
65.52631279109475,0.3150919171232459,11.963931749946079,0.10584882356220482,0
71.43233366302364,0.44406307427177316,8.715077174337086,-0.8499619742602559,0
68.29580187241655,0.9813484875264213,10.75650162155773,0.22506744036161935,0
69.53437616558446,0.12365562816627944,10.575353669910777,-0.17703302401851384,0
70.31728453580061,0.6553714260443176,10.225848159789262,-1.461032052725802,0
70.23225093553145,0.10660893683329195,9.707868173968633,1.7734556002416824,0
70.1627985995522,-0.14912710841339694,8.927572063527087,-0.22133836390678754,0
73.38543286677563,-0.29544078585932687,10.652337565076,-1.330302467563699,0
70.31553349234797,-0.045144616996181344,9.42788314402427,0.13541165940304783,0
71.84898006532083,0.7640506537556787,9.453284234712095,1.5919218340150572,0
73.42508949877426,0.3296577115660377,9.613098312374893,-1.7547456727228488,0
69.76726534091833,1.0343227540906106,8.317342522496629,0.32255058659812375,0
73.58660753298174,0.6652450668559394,9.039477081039127,-0.9553617981841159,0
69.3286730907415,0.3502702892735052,11.382990262996826,0.8679435063894232,0
66.78880536987039,-0.5888362015560928,10.286117897628941,-0.11543561158511335,0
68.41054377126416,0.4818034137418361,7.809639143549617,-0.41281119350978407,0
71.70581218972814,0.6198211597059423,9.372073047892536,-0.5277324460674387,0
70.50562058081753,-0.13091673052075928,10.755780395391998,0.8963472518749742,0
70.86170826404685,-0.6270958289650185,9.62588158699859,-0.730239941753386,0
70.08429971370909,-0.40623003655617385,9.964708694643432,0.9512223101560144,0
69.68018411158732,-1.2098747753505468,8.601063012616525,0.10247291471532377,0
66.73271663774185,0.2576519513261371,10.56973374013577,0.23697750232083223,0
70.58048330333465,0.15451994147080508,11.176833014643167,0.2873439975437328,0
70.57232037076746,-0.031029925922624758,9.06816467752077,-2.1503641526359742,0
66.5682075889917,-0.2955426811366163,9.985409821988664,-0.2559582447644741,0
74.72473305796645,-0.6852842506379923,11.757131410793331,0.7044221193492829,0
71.50076920494175,-0.43676547578930985,9.379276688415954,-1.3417746988638588,0
72.46197450927329,-0.2777551916361572,9.200531872125492,0.8515905436072319,0
68.8857048555169,-0.2597150829785765,9.17262128312379,0.8537670781839886,0
69.60418891946603,-1.0623871541595429,10.358584758785568,0.23547751396005379,0
71.95923790753554,0.9688611825290198,11.564367778769748,-0.44749069712334305,0
70.00363744142946,0.6385297283406741,10.08657352306275,0.1515793334881746,0
70.71010520548973,-0.2225760668420698,10.472126827870486,0.3245910298342936,0
68.69039727464826,-0.685972025338649,9.862259403182513,1.6407053164509684,0
66.27366292685825,0.8476749563371606,11.379113232978968,-0.7121732881221299,0
72.4908524274293,0.005899342071355891,10.917879865792672,2.0599717316409665,0
69.40399382135287,0.5198372491551053,10.159823010216412,-0.08707632051233521,0
67.58199449437188,-0.008369291736672037,8.684517095449618,-0.05675289266758609,0
69.2287992491495,0.34762462907956676,10.597802581038527,0.0628890881061264,0
71.761091664873,-0.5309651782189575,9.145198101110282,0.662495601980932,0
68.39114660718113,0.5583002689473622,10.458199045046758,-0.36676211115632124,0
69.02694261910199,-0.5331427754218726,8.459545758254492,-1.2156596581288173,0
67.73288952038382,0.4268813673812522,10.615775350464634,1.8795083199758886,0
68.57389465966902,-0.2513503342351604,10.067504422684275,0.5088304542473717,0
71.99587395487171,-0.2690996743980997,10.164011282336853,-0.45385451011386047,0
69.27105954735781,0.22400546167977503,8.184852930374966,0.8178953915298139,0
69.51145112870552,0.16969498951018822,10.195825515395853,-0.3991833904230876,0
68.52211773109265,-0.5372442392072876,10.513582922479248,-0.2014527948000271,0
69.82819869244713,0.18750824392258103,12.212665412966974,-0.9151285568728948,0
70.16374061456393,-0.34858119036678387,10.506709878249296,0.5701659785409049,0
70.1454655488293,-0.7762429757227309,9.125606192342278,0.49344718760578177,0
66.89252079007485,0.18252722847240346,10.580529927203434,0.67576521644045,0
71.4841520016641,-0.709714228264261,8.724653190450923,-1.702662024189174,0
71.87587266108028,0.12907271567946466,9.604733985552603,0.5329694131847167,0
67.12824212478556,-0.0650083897064996,9.57123719710891,-0.11437661176342942,0
70.26678087551555,0.22829547446183404,9.04737501632465,-1.1168811054683345,0
71.54447548448614,0.10029653640690743,8.094205588854663,-0.3350948498707219,0
69.66942762926291,-0.2803290909006549,10.175468384934753,-0.30363255026708796,0
70.52567635515541,-0.17968415511353486,10.829793409541722,-1.2287181321111496,0
68.83664840151964,0.30158462961806626,8.919433868942596,-1.4155711550440195,0
69.40022139233054,-0.603295262329864,10.855658953828533,-0.7314281845129346,0
63.984465544465365,-0.343959294822087,9.961370349427868,0.0994433132574257,0
70.08215581745283,-0.24020066753643982,9.409040744735707,0.903629757077125,0
71.6057140069511,0.15454068503886578,9.81673191507045,0.40251185870599715,0
70.04548063499102,-0.01873356338548945,10.173036038843604,-0.48084228355297554,0
74.0003413539715,-0.4855136776339105,8.57402798632567,0.015569122771828614,0
66.25145287745458,0.11574744253461726,8.285079165262113,-0.18015975527287942,0
72.75975893410957,-0.17824323523344104,9.599293883840602,1.5845668622766977,0
69.97686742481676,-0.8636847422590801,10.785090931067426,0.5805987810541899,0
71.15286930250869,0.30423222882865203,10.582422886416543,0.9949129707129946,0
69.53113472840987,-0.5222222723471293,10.242525440816944,0.24958045816605454,0
70.69785947401517,0.3897988289956961,10.752780820617897,0.25596399946823245,0
68.11848852008445,-0.3978425518918559,10.138947524580491,-0.3752255081480907,0
69.4899819468834,-1.171036238744478,11.124097284227267,-0.5164152038293215,0
72.59141392653412,-0.7646247725555931,11.682243384117756,0.8546320187253857,0
66.4725445813633,0.30804937647201547,8.859880918423535,0.6094320362824233,0
71.5960193458075,-0.05867000627414805,9.835849644420385,-0.3357052480327378,0
71.64451795743204,0.6558570522202777,10.968579777876341,0.6483859587010843,0
73.82110689238054,0.3576328133600357,9.818349785522622,0.07723752283671348,0
69.54052060970399,-0.2807513675005537,10.103886629334045,0.0011128289420398317,0
73.05774103102945,-0.3237180653158961,9.364209876064116,-0.12801337969012225,0
66.7736961837449,0.6173281525525496,11.413200165939301,0.027345678616319886,0
69.41741846741759,0.2787184856397125,10.044184452438905,0.9816873749140922,0
70.29717629494264,0.7829725009173638,11.165889676723335,-0.4014128118037017,0
71.09452371518346,0.44238927109235043,10.226521989361133,-0.4550555949935178,0
70.60522122190162,-0.8403112491284688,11.012063909790507,0.335057195607943,0
67.92045030717082,-0.1127216130605395,10.740524217234935,-1.2066874550836757,0
73.6109704440657,-0.4003711594454244,10.561832849247608,0.9147151267046919,0
73.17829914964713,-0.6612458844951381,7.886095174159831,-0.017019279552472337,0
68.07780379457276,-0.9169817578350364,10.524922676232542,1.407289714967864,0
67.22854097666433,0.455070723502238,8.581138547338398,-0.04037102562744077,0
73.8226804928791,-0.8611473753403007,11.422829584956625,-0.6921202189104576,0
70.1406160601431,-0.31013523171601276,9.275418495068685,0.16889896525630166,0
65.09403323607094,-0.41691065466901905,12.086853316615125,1.3576062997026508,0
71.08932821375691,0.6862182538213624,10.171149790618593,-0.5183416899402147,0
70.41827909403895,0.6769784678026076,11.012911230657453,0.5821467741589698,0
64.68963272762433,-0.06763974024843954,9.624167271124778,0.4175296100525134,0
69.74006109356084,-0.8045790972285415,11.049498474408596,0.3527321994454569,0
69.11823549326985,-0.820917501339643,10.186324272095211,-0.05796353961825676,0
72.19415378828872,-0.16812040461984737,8.908262550661789,0.7637503565793226,0
67.51047317962853,0.3295745258006264,9.094424573569546,0.7692017487688183,0
74.27797265412266,0.042181655929159075,9.553073780747901,-0.08756549035054845,0
69.10850436307534,-0.3243818861159263,10.177447358338936,-1.1055778321057514,0
67.87723244503249,0.11133140978888767,9.062715441916627,0.4774986157375998,0
69.03154011928672,-0.004819932026358821,11.023580201227634,-0.15654272683273995,0
71.73463329545369,-0.5721036407742237,9.185079815628706,-0.1718400441277801,0
69.33354104008026,-0.2652652372032368,8.621320497901367,-2.183504252522321,0
70.4990447324271,-0.257082675241679,9.258025160325616,0.4861142012908262,0
71.93292751924689,-0.1458708132953096,9.542227924157478,0.32502901358403113,0
71.78892852259148,-0.4769883784558335,10.733953886730987,0.39474000143042054,0
70.78714099218324,0.6639276090803287,8.244803793436427,-0.9309279586426196,0
70.92844483250919,0.37881192742307174,8.806443743994627,-0.7154551896287971,0
69.81344986456543,-0.04859724604504488,9.209929417638351,0.2305301612477189,0
72.60234414351582,0.7521526271915374,10.782242455890483,0.08896263495406362,0
66.63840884059069,0.13213441141204882,8.863174584639289,0.5612104513248793,0
70.72096338142028,-0.003379879588668407,8.715754627893217,0.4227450926489609,0
67.440862561745,0.06278509832192694,8.729521857711655,-0.35331514372198775,0
68.9421997635437,0.7066393950436356,9.971269068967702,0.7447861703153484,0
68.07891975101012,-0.43870819336947486,9.671928578549545,0.17685556478911973,0
66.40231489316545,-0.05124950963945319,10.621666862832491,-1.4681476000527214,0
71.6930684084576,0.3617092652448792,9.731525492775376,0.8594467247688741,0
71.72090484991904,-0.15879901478058525,8.938666106119667,0.6278070983004116,0
70.34120290786356,-0.2218245996208415,8.73217152619858,0.9426618727730566,0
68.46489088370349,-0.08250951388437487,9.285253737742053,1.298071981336004,0
71.42948164447196,0.6189713514260695,10.706429916299605,-1.5332678845819026,0
69.43270507519186,0.27128231839555644,11.505790409036234,-2.016790990638611,0
70.56392749502675,0.23509309313583304,9.028351064420896,0.20646354584830778,0
69.32701633053678,0.6573663833493846,11.774225936337668,0.5744573672462954,0
71.06534170415807,0.5581566207686683,9.979728676360976,0.9692471950664521,0
70.00834612600079,-0.016373903915376117,10.935658837112964,-0.7275667561751287,0
71.09074082905076,0.6881417021646739,11.109616975004116,0.23476490031814917,0
68.75351781945909,-0.5404530816151109,10.11002770286606,1.0720155284749786,0
66.26496877817232,0.1555596901917351,9.98071120644196,-0.378372363470185,0
66.68259925263875,1.1779525126977666,10.04797022489545,0.45344698008714107,0
73.41431292862563,-0.2184109433402198,10.267985568794959,-0.1264282064626217,0
70.69795348554224,0.7339859460347103,9.68565942533391,-1.3275001560529733,0
67.80075430836823,0.3823147620401152,10.918731085533732,-0.7882312330018216,0
69.771165511968,-0.07380011572877103,10.92185712130528,-0.14914879416727692,0
69.32126574566097,0.6159406202924671,10.07056603902794,-0.5186889516766852,0
67.68827172034375,0.23609718579049896,11.710620291402533,-2.022669674219358,0
67.6368995246335,0.26901317725584795,8.856793183307921,-0.015250086754006848,0
69.92809905075002,-0.09760175454359275,10.832141615035754,0.6120144506763211,0
67.53516386457554,0.3673293359085018,10.477971690084424,0.08526834549188793,0
70.00159629929713,-0.5282700297395819,10.391575546484237,-0.26397657844786343,0
70.53601185345126,1.1127843293559956,9.138414824332758,1.9920848212463653,0
71.82264936146969,0.49465530290444065,11.10801727558255,0.2470861439436552,0
67.47447431660397,-1.071678549915956,7.853536043499259,-0.6627869166101205,0
70.80798269108773,-0.4399774343841773,9.911791095331779,0.21314996910132056,0
72.18246543529804,0.6746178824602742,11.629948031746682,1.176502176810932,0
68.36130562833084,-0.3445064866238775,9.137956919433972,0.09732386611437982,0
68.88166340132032,0.14141634976957074,10.585639036497417,-0.18911339666954757,0
68.60900703514817,-0.28397882815191144,10.305833806671812,1.10946190215094,0
68.84565912483743,-0.4541476933640303,11.15554938167042,0.17273433146687256,0
68.03043470201379,0.06094563077863955,8.531153441029556,-0.3110434381737798,0
68.76511880094704,0.5995483630923729,9.283590462184407,-0.42072106613914606,0
73.06542187388827,0.5306497999064598,10.081693415167765,0.5677685560191055,0
73.76501559388342,0.03613285222503199,10.80820408714922,-0.12565930434128428,0
69.81237216012661,-0.3476394517967286,10.944069970201175,1.2997821146165494,0
70.5497811050764,-0.10055976340364249,9.943536237908988,-0.7999352954655521,0
67.36597062063451,-1.015110959016767,10.340066613157196,-0.12693812185145723,0
69.53629010339462,-0.553331582796987,11.266111937981085,-0.5311283417570046,0
68.50669146431888,-0.4144855809990957,10.948664408657224,1.148320473854343,0
67.55230374783204,-0.1411142359058947,10.020974055538145,0.7377375300093905,0
68.70631311016177,0.6764079541937157,9.42272617529741,-0.1634641955885268,0
68.5277385983959,-0.21597837919232885,9.614077359804918,-0.6699023263096162,0
69.59892874263063,-0.4211722396740171,7.711190259383554,1.2262944427041487,0
69.10104588415317,0.42322350027623973,10.320611885712811,0.14959239352407402,0
69.66305066246196,0.1404399355342218,10.185353150070318,-0.19962900686027474,0
69.68283515688658,0.20586255926860114,9.188071289592417,0.2190337854781793,0
66.65180488027981,0.15088435817041812,9.395135366971664,-0.5747678594794762,0
71.3574178792781,0.41627636015135044,8.377894024232322,-0.23846900169979346,0
69.8914297807252,-0.24234491991917462,10.273008469410307,-0.8625364446131489,0
68.95232927446355,0.331567222408395,10.446720039554656,-0.9776355445468307,0
70.51640074407524,0.3926134959055099,10.548477930919553,-0.31334191356123053,0
68.84188811739703,0.5012101676804586,9.307410941110724,-0.1213502918642153,0
70.9923539280442,0.24750233893854812,11.525282099230804,0.7025827351815862,0
69.44103013446119,-0.342720844594474,8.620066852712037,-1.4105248723448627,0
72.09510372458561,-0.06482115995100178,11.103035193923638,0.21146859242177884,0
68.7889186978365,-0.06757311584760066,10.322124350136011,-0.15545961340847922,0
70.62981020581837,-0.549630847765043,9.862475951038592,0.01727100802243862,0
70.99627821865167,-0.4724909411024782,9.855195828073168,0.2632853488024575,0
70.9052784398277,0.4932813602225569,9.694866715328281,0.6684027538183904,0
67.5725265433902,-0.9682484448655821,9.848519316052576,-0.9104025141615066,0
70.82235234655356,-0.5624125501679648,11.035852362788807,0.6143072504290411,0
71.64269455163657,0.3285032577083781,9.175723981165259,0.09019079364622648,0
71.59708313714268,-0.42863995038752867,9.899730393075274,-0.8613382518123045,0
69.13714874790834,0.20539207543254284,10.483572579146749,-0.9939830242332791,0
71.5811293390985,0.17195229441657828,10.250359790556587,0.7780427609303295,0
67.76875576523481,-0.3426026137788421,11.07760938245064,-0.7255036275239947,0
65.16850408300357,0.5682745972058479,9.254535719879343,0.921010129909673,0
66.85142475803188,-0.40179001939908277,9.818990424800099,-0.3623703858228407,0
67.51014032646948,-0.12795206032965148,8.698100420154741,0.13363234514092837,0
68.56796387840679,-0.07130997706765042,11.426150788099099,-0.5270696925865879,0
71.61065917822748,0.6685942041112619,9.006140539449971,-0.2057558177469018,0
65.70598955558727,-0.14980496400358945,10.401726909831828,0.5863453196972179,0
69.20586201640413,1.161874308666779,10.139181498254484,-0.6630665418051365,0
70.02925368240294,-1.0751658111687608,9.226697220470975,-1.125171129906889,0
68.13711686410096,-0.2669584791021635,8.102083608937313,-0.6126574676357264,0
71.88082440769912,-0.9390340197124659,9.254221441159908,1.1083440762037522,0
68.59407095772487,0.49329495229313913,11.550103540942642,-0.44251940087833114,0
70.35680511906995,-0.13563429909322483,10.669363839276798,0.6767205134758106,0
67.19750265869901,-0.40729057291034465,8.349680419646756,-1.0811161344874753,0
72.16145711162497,-0.7873470143590421,10.359073807830406,-0.6104397700196998,0
67.23558658595108,-0.1795198659838631,10.915763064996046,-0.4825282434462539,0
70.29635816452459,0.041920823069709776,9.378266924367122,0.9299654740603682,0
68.41966443727243,1.2357619112656857,11.628417281890034,-0.659240324640326,0
70.88322013411656,-0.8620571253251749,10.318897343002487,0.9015581717620903,0
71.70842427964136,-0.43333079488222276,9.05607358404509,0.6150292284651586,0
72.79090281226313,0.40088708728758987,9.5564575935818,-0.4191514428165177,0
66.66072644577706,-0.014570297055034273,10.28659616360643,-0.3201129640215549,0
71.3075138298772,0.18486190451168583,11.158864072065441,-0.08134250147653786,0
68.44306082637127,-0.0967398813877019,11.13420459624518,-0.5256246367683715,0
70.32565731831389,-0.06952735901576831,10.407316155372612,-1.1235211133393692,0
72.57479070057701,-0.7167108510329159,8.265078069251343,-0.6838261919413412,0
71.08637338158903,-0.4699961435029456,9.148704596122183,-0.3583589519945454,0
72.38137614472656,0.796117102511861,11.180554828973092,-0.4841244678177735,0
70.6393710174178,0.867844747455745,11.590588569524842,0.8011594018748962,0
69.08488266976418,0.5466693637044311,10.00903549134965,-1.3408522341724027,0
66.75612388738382,0.18298879343642097,10.175251267183427,-1.1812329479674364,0
71.0106077945788,0.7039718403863865,11.638790257871012,0.16541426288449598,0
71.07109138256773,0.2574118038933878,9.875091440321023,-0.058667742984815044,0
72.38353859658878,-0.15889412747321313,11.741626222843337,-1.8476802453968313,0
68.98287712263678,0.6745519168552923,9.79762642792356,0.37316655396180304,0
69.90261352026398,-0.14490698532298724,11.146973060877961,0.3571123755184158,0
71.64997916820766,-0.7928464085257454,10.978705794819561,-1.001763614705602,0
71.71856801875144,0.1181651660758899,10.612395403573986,-0.4640192877424599,0
69.70013623715873,-0.33178902688866935,10.8305214955678,0.31101472401154684,0
68.8535338320588,-0.8313388550245842,9.023951168669285,0.01869921911651015,0
66.37376169348593,0.6409180290645766,11.346772932358009,0.5823567727121766,0
67.29905884641177,-0.041021421447893176,9.377432878074755,-0.2280896391413068,0
70.13963572056383,0.6934277957145358,9.602577625164045,-1.0770131632105506,0
64.76685731249106,-0.37610786369300503,11.898794178296445,-0.22523307527117728,0
68.26918314041525,0.2029453915433438,11.051823609776092,-0.24087927531685907,0
70.06724049337895,0.7249651090151858,11.188175232037878,-1.137692356100066,0
70.15373990989245,0.5767124859361442,10.361478989581503,0.6792107177503403,0
70.66254885519012,-0.16107814692745873,9.750470801425136,0.7739011325392955,0
69.74489063874977,-0.13301443107854977,10.793172755928396,0.7109053599626296,0
70.14514745833297,0.5758506858406295,8.105413452417249,0.4204216154275952,0
67.98847268245513,-0.14508110120645934,10.096064698467025,-0.7760735305150055,0
74.42952882994999,0.03261398603909828,9.661491333388508,0.9324457757956202,0
68.89683855095132,0.2665514102141883,11.418869939717768,0.522750369407018,0
69.54556403578962,0.06990606147647042,12.980083263655082,1.8455102596926638,0
65.26366435052103,0.28957291413002034,9.551115619643138,-0.4053004042795696,0
66.39834839201053,-0.20372209408684297,10.896629597508227,-0.3999580527075205,0
69.46744019515226,1.3538873474838113,10.269080467564336,-0.050488050832029986,0
68.77771451301514,-0.5499149509780296,11.846447506475508,1.6833568199491602,0
71.10838009385992,0.01441583829977289,9.08308080130985,0.4050763812788315,0
72.18136952194,-0.24159764962441613,11.133722505220652,0.6805203495434289,0
69.01984787528643,-0.4918054446420207,8.706171185556226,-0.1898328706638341,0
67.0210665037382,-0.4857071721875688,11.17193439112611,-0.46614929088036966,0
69.46005332623201,-0.06892097577268967,9.224094427258997,0.018347218833770437,0
70.17317106900921,-1.1159109519583228,10.896645663253778,-0.864130307319444,0
69.93956794517823,-0.03964689990918174,10.547520283255222,0.8425751396999651,0
70.13714343190843,-0.4022954918547651,9.16828269652953,-0.5767673469359662,0
69.78402752682392,0.43571003548340426,10.47252982314855,-0.09474349166219097,0
68.9911491733358,-0.9087272189034815,10.131794976573532,-0.9880704537941414,0
70.84433879615568,-0.16855258106459503,8.902460062755866,0.04992602090658818,0
70.31667344766888,-0.06695989985838442,11.774284890282415,-0.29083278179808747,0
75.61826739206515,-0.361990731655292,10.40672169996382,-1.3068608911102289,0
71.97018899473969,-0.7854391109151013,10.273462636879387,-1.3451516627971403,0
71.6649543504966,0.09335560628349544,10.306936378010176,0.9148209130989886,0
69.27416393720004,-0.02607844026609505,8.740200031688632,0.04170604638847328,0
66.89131938346681,0.28983807037813003,10.689032377351316,-0.1349023880613498,0
70.20397762089729,0.5067020541710321,10.075327831346462,-0.8720397233361242,0
70.4258760957677,-0.1954075452109775,9.723252609259434,-1.0677428594139025,0
69.29838912589481,-0.17038069445293622,10.624723813662207,-0.157148210703235,0
71.86638191989614,-0.9030190273243202,10.630217552153347,-0.0983954675911262,0
70.74327244254542,0.19227157853864632,9.944998378578758,0.48138399280148453,0
71.51107440654444,0.0957790438722273,9.657107374593561,-0.4047821239812147,0
72.90117191379979,-0.7734220796872577,8.77119533002667,-0.825945736744,0
68.62334237324438,0.4374207092613365,11.682652103730783,0.06197953022313192,0
70.62435234092632,0.06904657001937244,9.438268889740355,-1.1379669363745601,0
70.84449764990697,-0.3379794531412955,9.45890410801529,-0.18740693254528362,0
67.59513289454098,0.6303849835091945,10.770757981193382,-0.9690747162570557,0
72.1377849718904,0.20965171436693927,9.660009402334927,-0.24323401933516073,0
69.25749533125976,-0.20867228563884638,10.005140522088483,-1.0025368561737158,0
67.4006857966946,0.1426149753080011,9.895907226938686,-0.9039008291680777,0
69.79952254215863,-1.4260746654378689,10.867708767374424,-0.7819125889305067,0
70.35114243092706,0.29995062936869343,11.032398019443344,0.4414867496580026,0
69.66485866845791,0.26610503615438985,9.806694908549625,0.6084434071909167,0
72.2207569060458,-0.45885841953121775,10.23389275631535,0.8127176962124768,0
72.9251195941638,0.5887552302409479,10.619692767437652,0.16666993166386046,0
68.42692218928612,0.35752299318599945,9.733819525515402,-0.5144796450718001,0
68.87673631142371,0.04467378485978901,8.757853214843342,0.7281367631450373,0
72.25228223196379,1.0217143590536477,10.15526437697182,0.17427134253251986,0
67.11846509371657,-0.4866453617338387,10.179935585165007,1.6861580206615916,0
69.07397508933988,0.13867630933875827,9.40353022699428,-0.22910424454520306,0
72.55693300211439,-0.17083937584580122,11.116017933256947,0.05603818850416086,0
69.6096266721056,-0.07561789317753606,10.615664925959612,0.3382634615839465,0
68.20760567693642,0.77382572599543,10.22421390870979,-0.03927039392860581,0
67.31632067661754,0.1660091129701829,11.414206683705265,0.712764527978221,0
72.14021742192826,0.11821338026325977,10.256996552106168,0.325086669313828,0
68.10535381663631,-0.12331701863788176,11.153409381754367,0.2446967781021567,0
72.18408393039901,-0.48382965645468,9.359384295782915,0.014126029772177471,0
73.68006171926103,0.14543008095301546,9.087038789816903,1.6530911488061797,0
70.48483486570119,-0.8158343688436056,10.9639877283223,-2.8296689341665386,0
70.92747735451573,0.19418498433080394,10.91669168314003,-1.9318349168282944,0
69.77834873244544,0.009147741327687371,9.967820596872459,0.5990485631986638,0
75.22468764440721,0.45909672349162695,10.767015709768076,-1.203299902382077,0
69.05901064563356,0.8466174962411805,10.520973835980111,-0.29334202179732,0
71.78236827451077,0.5687114993266084,10.911185140624855,0.07073973008919214,0
70.58610463735923,0.6492673229990681,10.01852104937357,-0.4423672367341094,0
69.48664983108215,-1.1670640544977313,9.837662829145314,-1.0505986463694539,0
68.7366337665008,0.8757138799558007,10.335823044592338,-0.866766737811471,0
71.1751791057219,0.6273565177824726,10.164715425062418,0.4906808037995501,0
68.82417377823278,-0.36247553662885973,11.877668471599117,1.0122270795973163,0
69.20317975021693,0.03757928916158029,8.195971165571516,0.31671304851102844,0
69.91775495814963,-0.1085270192283356,10.527200292374792,-0.07860384781850821,0
73.54931724271391,-0.30057407320206153,9.211077544239565,0.771855281153962,0
70.41916766350093,0.08887262526820071,11.029740597249422,0.6453957255728828,0
73.8301415241716,0.7966123799910699,7.801026295695646,-0.4167816997254087,0
73.04417563159019,0.48915879558249276,9.014423159430596,-0.20504582234348204,0
70.07672250843684,-0.40956474293918355,9.02891843823143,-0.6156057951951174,0
68.04439427237884,0.29487070901398493,8.152444070591681,0.7187983048620007,0
72.97429150771833,-0.09078147014772697,10.779748451032109,0.6388870556401314,0
74.36743937679552,-0.005987305301234721,9.207962289013247,-0.0007957980405800908,0
69.57902930942163,0.029726829438556493,9.994610770209986,-0.8592551364928221,0
66.98957581266416,-1.1433708017516653,10.476545151281439,-0.05616383720544315,0
71.62606747044704,0.08426284851328995,10.301169715315144,-0.3480400684544349,0
69.44864891582401,0.05741596306658448,8.6560383234849,0.7439548442876248,0
70.4115137984357,-1.1589288058978213,10.277608135095223,-1.8983732914236886,0
70.81953224760379,0.6528243831090014,9.935622969052345,-0.4152767666482583,0
70.57676222356297,0.4201165292884763,10.152679789131426,0.9899308642022886,0
68.41487918529629,-0.024585664029632342,10.265371419728945,-0.07711206620846006,0
70.78036409695585,0.29789562030009503,11.003522654671762,-0.17699416472335397,0
69.80381773553248,0.3184479241086313,9.968996801009126,-0.10907831381869118,0
71.1049921098807,0.1214398580133707,9.95235991221597,-0.9298503384922404,0
71.05078312315847,-0.10630587865542042,12.149496621442202,0.15758914401033508,0
71.36629963222799,0.00319809862838055,10.071259766613062,0.2779529651404558,0
72.40396410262808,0.06892626100011928,10.006956787175408,0.6643857892068479,0
69.54813254281218,-0.4953927937939555,10.0327072624342,0.387619264645241,0
72.40886462182384,0.018278699782728145,8.43796135031343,-0.6047794105432087,0
71.01717102030716,-0.0011626645917420715,11.311280707006787,0.9741296739807025,0
74.92730180929881,0.18039243270893351,10.581051058927295,-0.6364729843343166,0
70.05244236233644,-0.7028209566164063,10.234064560748527,-0.3953479787579046,0
65.34203087748895,0.04046224309262628,9.93500307614127,-1.0553302154352715,0
66.6232249377652,-0.17168740525036089,9.761125377132013,-1.2991525641727248,0
68.53589377446123,-0.33422032918262073,8.430424169649703,-0.33738658705210817,0
68.13678506842193,1.427442548109499,12.279487270823424,-0.5804476323540328,0
71.68481537329306,-0.46818387951403345,9.23351509249055,0.07735051056711284,0
70.02048491256541,0.16114920620443024,11.619758461464285,-0.6980302393697341,0
72.37019098615994,-0.10364313482167933,9.696356558961833,-0.5546080803989443,0
70.66268709532598,0.1531274591900713,11.25964764313504,-1.7031609015704658,0
70.78108545855405,0.11135144650272417,10.647083448698169,-0.4717516707828735,0
68.66491875730152,-0.5420060262505929,9.47200781097609,0.4533295794610706,0
66.62500512413125,-0.006618982740218821,10.83654744963384,-0.15910185207557204,0
71.27609774698892,-0.05510379923568573,9.880895574764866,1.5495610846565808,0
71.89407443793968,0.03588484692092929,9.668710359507958,0.5288157800237614,0
69.57870991554176,0.0642027314880084,8.956987619883193,1.726475754435992,0
68.81326321322605,-0.23680123998341365,8.642102511337026,-0.6151518788760079,0
71.38880195837916,-0.4027630575761108,10.198143440582111,0.21326251208728053,0
71.01679620719776,0.09799382110064221,11.173252667315646,-0.8678035898278784,0
71.15464079997199,-0.7275586279192732,9.574800644593081,-0.08523360666024776,0
65.50199964358296,-0.04945905554332366,9.310633733884206,-0.7859359134984176,0
67.1940723747486,-0.48621583631427884,10.557306613386025,-0.0904444821026907,0
70.85177886671251,-0.17462957022195355,8.843351580590758,-0.18181273349984287,0
71.41076399343605,0.16603902465234255,9.75530052541242,0.3856262721784395,0
70.62508681970496,1.0931725482429955,9.574098094001174,-0.39728032682017966,0
68.14651265795305,1.1373702111769057,10.572859288151017,2.6035688883329264,0
71.66113224477493,0.0455752531682196,10.240269555817266,0.3006670864224154,0
70.66297037983182,-1.2143272766711308,9.148588481733242,-0.22919577580869907,0
67.09623376807843,-0.23059935576708157,11.302453078672267,-0.4257152033586019,0
71.22541062757033,-1.3197437318737706,9.892233570123512,0.12524147941064342,0
67.86368176131715,-0.9103568317759284,10.191026173101163,0.13374699768985068,0
68.79797211585898,0.06786891749989693,10.991265038685897,0.28765043807559765,0
70.8350999955981,0.031095052146314764,8.874135856157977,-0.36684549524142707,0
69.52626590915025,0.031775722661617406,9.724797701977979,-1.3053132741750275,0
72.57845149760541,1.2806215354807657,11.136724030047535,0.9343131823589756,0
71.88264722922295,-0.23895710080019897,9.693899366252865,0.33330230185750653,0
69.11773775587989,-0.3239563815135376,9.051615752471584,-0.15638313135955398,0
67.88164939811028,0.007459108910892968,10.006405596968627,-0.5702859162081463,0
71.67053304691072,-0.9668141757813924,11.432985209888116,-0.6931646684608589,0
68.7777482025866,0.7435470907861844,10.839341941890341,-0.1252721146143794,0
70.48997492741215,0.2508555869633502,7.246899317304516,0.8751307336692689,0
71.0107768885766,-0.3381906877924411,10.102749801062973,-0.16078288907873375,0
68.70405602199455,-0.31215053626870337,11.17499926421824,0.04044439950224679,0
69.885867988824,-0.7005931104084179,10.453093374845853,1.2464130373157647,0
68.86580133148156,0.014589702872236703,10.121283685777948,1.0181376441388599,0
67.94976231790748,0.2740484369893788,9.486456675067394,0.2613312091677675,0
73.12885070688517,-0.3085562993091285,9.99821546141095,-0.4155725727540787,0
65.22336742740457,0.31584400985410266,7.682693545012096,1.4522009292070353,0
66.12931518338522,-0.05714552590406502,9.715390728354459,-0.7585971902036519,0
68.16184908920361,0.6235373499078455,9.533962468787148,0.2701997054245403,0
73.92389975462802,1.0449218014926427,11.341766497303993,-0.30169534330922887,0
63.46631679688708,0.6239150409133014,10.647481541495855,-0.6916889637269383,0
70.98146672056966,-0.311208923874901,9.192006828278096,-0.6346850613268944,0
71.41778171828402,-0.6459895908793213,8.741103587942902,-0.5387717917456669,0
69.64812929567945,0.10417671108599764,10.474169560360329,-0.06016094153948488,0
67.64804168547724,-0.03795722398142202,9.157756063990341,0.07065053062723596,0
70.8937001311584,0.2901944712904114,11.200661200758073,-1.1020845810057973,0
69.39326957264905,0.40065843166209075,8.56746173778506,0.6368403570460335,0
69.16965603929665,0.19889170731628303,10.327719342892095,0.21817776020715815,0
70.53785753211213,-0.5152298674861516,9.971424660909697,1.3096444506256524,0
68.83624137772664,0.3689105800233061,9.452155462170591,-0.22273033533573675,0
72.88507734829005,-0.13807538969522562,9.865237707407974,0.6436650892359342,0
71.42038356015496,-0.7752492427880691,11.267125225453817,0.7470126961407054,0
68.68181628022832,0.014383999470893392,8.830368655265698,-0.3068344815235675,0
69.86158430565725,0.00805528981959989,9.643420086629453,-0.5089260431322907,0
70.46399174966055,0.7428703940611331,10.285498225888409,-0.9144378249203241,0
72.37927178795788,-0.6832950732180316,9.800760752576974,-0.967587580818416,0
69.38782682068526,0.8858529109445045,6.93061764294384,-0.5787613739414675,0
66.68028527974859,0.562863994046779,11.924048696669338,0.177637463563829,0
72.55734015545417,-1.438596255026819,10.246391499891468,0.4310918508554769,0
71.24469774040463,-0.29904679848851073,9.551767204702553,-0.5385759184204563,0
70.41352979066028,-0.3041536404429309,10.327787900866626,-0.3043510194862167,0
68.59433868644099,0.2504633216974459,9.953623624383829,-0.9794518379508687,0
74.83003691679089,0.031806654371756414,9.539896091754848,0.007699613485590841,0
69.49095965944025,-1.0063902173373058,7.779663968919738,1.564989072856291,0
70.21066417936038,0.17171469400643394,9.851235539439674,-0.35760045968968046,0
66.45527454103683,0.3082567607257587,8.419012796665417,-1.2318090474004784,0
70.82436118547481,0.06624578746878643,9.615735803781757,1.863360840421083,0
71.11899840798976,1.0854915520285067,9.507861091835004,0.06275368692418902,0
72.39514434751219,0.4762552924018112,9.979356964007744,-1.0677162203162522,0
67.15679780906862,0.15123421191785466,8.500958700484224,0.7098258572107512,0
72.22990647410072,0.4322116588040191,8.25459014242708,1.1857084470990669,0
70.31444962315231,-1.1831098672095048,9.439872922061799,-1.0134638437137231,0
70.00510259353968,-0.16166002397817747,9.545027072533989,-0.016767700809635924,0
67.68959437074305,-0.7744914022230149,8.782309111699817,-1.120939308751946,0
69.09641620207199,0.4192462242948137,10.505825280193049,0.02399312753969463,0
70.58521844981789,0.516063024364226,10.204022715160352,0.9695803210757309,0
69.88362377825311,-0.10295864557136533,11.129956826734968,-0.47772386815755924,0
68.29145759205394,-0.8514275929486251,9.91754119479006,-0.00942497232948411,0
71.45816071589934,0.42737505943247955,10.103996462425476,-1.2649439803874138,0
65.27303637594974,0.2412576849608511,10.18585318901052,0.11650703807133622,0
69.64420491123738,-0.22573323635623038,7.958372296746231,-1.4503687244622503,0
72.38865469315954,0.8743054570861679,9.088047253983268,-1.4738635594921154,0
64.94692507035643,-0.7804638711787928,9.99041188843674,0.9288980783405892,0
70.96489378311686,0.22828286515908325,9.620186121438635,0.48654150715744837,0
68.02781921759619,0.16912316401261893,11.400785618292172,-1.2989563137725897,0
73.57518980161592,0.03919095633183186,8.568174570818568,-0.34868924419978353,0
69.59869833377361,-0.4669618250510621,8.799735600513133,1.2890076422681647,0
69.65544346517956,-0.00027131729093454173,9.135887296698298,-0.9684186659330964,0
69.04118795324257,0.8621390090062365,11.35257216238771,1.2266300064156261,0
71.15985250628513,-0.06671326066944719,10.44768226867197,-0.7112714078882645,0
76.14942656866096,0.3747250332648302,8.641976128620918,-0.8153310977881585,0
66.32617814199418,-0.3079343893953239,9.91084950084387,1.1832344185122226,0
73.56485864384288,0.11214914154341275,9.612198849120057,-0.6841284036889017,0
67.17588818230746,0.29540973735783177,10.050052293662057,1.5569813192301092,0
71.63597785630067,-0.24399692200802547,9.981560962553177,-1.6392172628386046,0
71.10611322217376,0.34311584052950467,9.829782970745718,-1.5221818758024632,0
72.93803797755709,-0.5723420592293227,9.928150496622175,0.04853574888081739,0
71.2591317016354,-0.15361347167218514,8.172657157506205,1.6797791051529551,0
72.77829049049122,-0.20183379936931614,10.22323483086926,-1.681154094080888,0
72.15291067604147,0.8087088989912082,9.549892739838693,-1.178807368701114,0
67.07856717577043,-0.6858760181996906,9.271675088047383,-0.31032030542025146,0
71.4536305079074,-0.4668075013905839,10.026511354716067,0.11268387581845284,0
72.79742169072591,-0.42630388107873235,8.531401821065707,-0.8613722977938967,0
70.68319539603837,-0.40126508402524136,10.075578536455934,0.4476597602089678,0
69.47954398221701,0.1415556978548838,9.057989384789364,0.11319744973926725,0
70.89409073601735,-0.5910553845362758,9.367481653879215,0.4286989410850797,0
69.65371295206835,-0.36478644450755576,8.842368322615888,-1.6294969491499378,0
70.94534032232852,-0.2767066118055181,9.578619536216117,-0.10941621712040915,0
68.30034924188533,0.8230210371251159,10.587644887733678,-0.4388935422004294,0
68.44948479073892,0.0032419797927988603,11.160524622164393,-0.03720746334329705,0
71.13366977233841,-0.5997194015872366,7.750334037103683,0.9243389740060846,0
69.35840360255392,0.3405471448195065,9.14167141355348,1.1291128377400734,0
70.83386046669588,-0.12435956580869356,9.617958780561326,-0.09089896106065949,0
67.78842205622793,0.18334024636303412,10.188589544569309,-0.4017110077185635,0
67.15218315193053,-0.46622916662498015,9.54473568773489,0.005148026541501152,0
69.24799125830766,0.2207377637310882,10.868984274726417,-0.9069853531035803,0
70.2852690271195,-0.9114996936450328,9.302760125921525,0.1362894106658584,0
69.14182813902087,0.19312883966109992,10.244722270857926,-0.8323215884774839,0
69.54439198781543,-1.526420478185504,10.142524923778495,-0.8309986320405853,0
68.92624776621439,0.06431074836231004,9.321911282265958,0.6718813277393836,0
71.32960609304362,0.05761844533451152,10.518801901091491,-0.7909526615856779,0
67.66415225261322,0.6911389606656337,10.033791750216638,-0.9154128696792608,0
73.34122724439959,-0.026734290640734792,8.40964578167793,0.15135932840753674,0
70.48239745575572,0.5646944316391433,9.7480956310164,0.5395035474072384,0
71.27557457179086,0.03205731446355034,8.264694423572575,0.5265635052809382,0
71.27443421748039,-0.4983248806463879,9.500997098036155,0.7918534893411454,0
70.26832857162508,0.1450755874979653,9.169839189490439,-0.27569010659694343,0
70.25827585124384,-0.4966096314472937,7.2233598367460665,-0.3959891834608413,0
71.00621927430161,-0.1989437650383361,9.159335054014083,-0.06866897622906244,0
71.99138566731571,0.14699229511668346,9.999393142965074,0.11503696818721042,0
68.88278395154008,-0.39848699273547833,10.30530815633095,0.8792222456931778,0
73.45834928258628,0.3910159051664569,10.245137280300117,0.7000181360720229,0
69.23600182927716,-1.2913390932422206,9.15542915164635,0.4851649091591318,0
71.7560999099397,0.5197134045154015,10.245915793907828,0.9617911591568046,0
69.33533401429898,-0.9359566824499759,9.202406044225015,-0.5104148129809316,0
69.76633346468813,-0.10920222687993712,9.813834003452582,1.7853089433176728,0
68.02170002284122,-0.07297601159859138,9.732724563111612,-0.4501514274567764,0
68.7985954591999,-0.8168502589583277,10.132953102853227,-0.6112257977256074,0
69.74064597162487,0.09305754901704708,8.127109028553647,-0.23563348216494379,0
70.31254397721699,-0.5615817967027408,8.54584417017515,-0.617920097308331,0
71.71651745714645,-0.11886685255085175,10.642349977276577,-0.6733053457279272,0
69.98766234960534,0.06653868982612511,10.522119499687621,1.0919342033133128,0
69.0478119238059,0.4924052477524054,9.90203009711251,-0.9389229267080957,0
68.18010492167767,0.0005389953477736107,9.968443363814323,-4.903831073375346,1
79.66223133262508,0.8704179927890305,9.88270952151718,1.542136235901526,1
69.99720637401536,-0.2641350016304297,9.915644557811202,-5.02619627424628,1
69.05721360870393,4.980299396350289,10.996214083954454,0.4061481661015294,1
69.0935184272338,0.11381224828139559,8.952767303501512,-6.295215185835434,1
68.14074384988444,4.312210452106922,10.59598862092218,0.41515831543909787,1
71.21772487547366,-3.559181828558193,10.83682450241748,0.5096874656737079,1
71.64502502552976,-2.2997167635419626,9.936253066676308,-2.5989135083122497,1
70.80673866267489,0.46116619231358286,15.784149205662763,0.009169573575283077,1
55.25046447039363,0.31683299776669044,10.134229934173224,-1.8019756730699716,1
66.72781417181726,-3.5828592390505727,11.160367681857224,-0.7860811903232903,1
70.5302130370366,4.629228297125893,9.2602454238393,0.1565636856132739,1
72.40067915011099,3.5035929298643222,8.801618439616856,0.3756149706166838,1
70.1785446708445,5.242630451748052,10.222822589657106,1.0135650011979498,1
69.92598897209568,0.29089731177230227,13.487400293297807,1.046144429767619,1
69.89390288776156,3.1846589678329864,9.430141920870218,0.11091197535241937,1
61.30711874602784,0.5505829836985753,10.310875276206232,-0.5097140097748893,1
73.50759362895256,0.34400386022505186,9.784330192212122,5.611119125065785,1
71.65444244246805,-0.48112908415757283,9.089140381977327,6.870475356461717,1
73.1691549245431,0.1173083253457232,16.008115319814145,-0.03578740597046522,1
69.92732108550325,-1.5920578602778028,10.043024830257124,-6.057325158008119,1
55.53572669529317,-0.9733977168823102,8.235964369171235,-0.6111642213188352,1
70.31414534670718,5.831563146588389,8.709359690113924,1.0802618747750956,1
68.81740941190729,-3.7966308110891096,7.862988834762644,-0.4643944582757296,1
69.24144983067684,-3.467766039409057,10.0311162133585,0.08834874130682373,1
87.49847278529784,0.2305511941335784,11.501881372901085,-0.8069959039811423,1
86.71743517162633,0.6800709688585127,10.134993511007078,0.7180786997196091,1
83.17161304405155,0.5035953522016973,8.729008617516865,-0.027437442250654805,1
67.60981164731308,4.960937974407075,10.056346589070705,1.6313061319784745,1
72.34005594307982,-0.3257602394853823,11.232171156907114,-3.9603876627202563,1
72.7120766002176,-2.8284530535882584,10.402045250991725,-1.2979567740602895,1
53.64834970969974,0.1543007475975618,9.293954567928113,-0.40200102864897636,1
83.42524581106628,1.019884733495688,9.677820083526054,0.18360368031148844,1
69.87174511927844,0.18132661856255886,17.19524810565882,0.0474010337117734,1
71.491432124715,-3.807338970549628,10.451908615642171,-0.03192121557283773,1
71.28125261242926,0.16578547797568396,9.278040341000542,4.451333899419001,1
70.98088107244645,-0.3162554401512413,9.380577265354983,5.834950747553885,1
59.74389511359733,-0.1663450227585807,11.374933548540794,0.17708373136719488,1
72.56643704211751,4.05383575348829,10.896248398099493,1.1041701944544893,1
69.83285663923101,-5.257279890708652,9.899849451124796,-0.2767531585802159,1
70.88736813027253,0.01386349251232067,4.101234123900411,1.3319527421780402,1
83.51439069967606,0.7051166360748571,11.859337774976119,0.47680056863700104,1
68.99149976032234,-0.29599517484523596,9.589373400070338,6.323557396047561,1
72.32089973968263,4.993375130336259,10.159247092394232,1.4727751241224474,1
78.70039164070958,-0.4402505932183815,10.832924544020585,-0.1309023709428202,1
68.03921081541954,0.022471060662126847,7.721554307571548,-7.195367090761221,1
68.8526642971624,0.37320933643475807,9.746249578190213,5.217067586438461,1
71.55344117620965,-0.0996229275692156,17.610767733467018,-0.4819449153252823,1
71.19693954839383,4.583771024163285,10.866379287285627,-0.12024567623005747,1
72.33190197909369,0.6610522575375386,11.183286571864581,5.554221643137722,1
67.05324235713479,6.074853746929951,10.923773606488854,-0.8678877004409271,1
78.50443010385071,-0.4860995067499413,9.421382023800533,-0.16812936961124414,1
77.35140259126877,-0.09680966400969242,10.661614565906044,-1.7876389584664487,1
67.60201456600221,0.20642353973465483,4.050675637648947,1.2534268438781826,1
60.71091025837961,-0.24533463067801586,11.180076842698295,1.5411169816416144,1
67.0740627290961,3.0201526312346245,8.849767016040255,-0.7182673687733372,1
71.99046218032233,0.12695793140296566,12.23959472621759,6.486871118372808,1
84.37165945331131,-0.10944785675008699,10.127658417864643,0.27928450548185674,1
59.71522286413784,-0.6757587891419757,11.607686327009901,0.4170220207584778,1
68.78604597437428,-3.335903894480092,11.016240583043016,1.2868202269472058,1
69.84076109435173,-4.347905004334565,12.47928849993076,0.6003324783042832,1
83.12157281058767,0.36706916762527847,11.16583034703637,0.7804653061749166,1
75.96052966617,0.08701466431010418,10.557232461428969,0.4735146320773952,1
70.16803976382467,0.3057632397633714,16.577935972646536,0.3445792919165132,1
69.3710720947556,3.043410195327688,10.446894994246515,-0.3936661259532812,1
69.81730279000632,0.21634437925905312,2.6393424069676676,0.17193492935555588,1
67.50026592496255,0.8720044235821028,9.478380010315481,-3.6509679777681647,1
65.8317702800836,0.19967650051435107,8.874318186152816,6.549758008402079,1
54.92421256680791,0.36151068461086966,10.339011042016466,-1.0552121284675304,1
80.42578637481104,-0.9349409402306226,10.409295285261273,-0.8447617631675973,1
70.84441060425762,0.0263623820383176,10.790492540064683,-5.432539405944381,1
71.1753155583432,5.392248728348297,8.991496778023231,-0.32155991018614927,1
83.71431995052849,-0.3014015207097468,9.876225596258456,0.8403099647307672,1
68.04074519708776,-0.24033706496755056,10.010034558760054,6.504926789643288,1
69.94310605170857,-0.48745013994688563,4.948786002093119,-0.8303904695051515,1
71.12088087669481,0.5329355152894457,9.920748659745762,-7.564017236931871,1
80.18767859668785,-0.20290033362149348,10.987710700899147,-0.7961796536322568,1
70.91089986741545,0.4426712565433784,2.502122362732357,0.6930407093734657,1
77.119402146324,-0.17296957879865887,9.238090782534805,-0.13074909920889832,1
71.61728213489148,-0.5835910856365619,9.932178104808605,4.850772988780936,1
69.64315278380344,0.5453418913292274,16.602265211886966,0.4709774179496611,1
71.1120741181534,-0.26615138643899033,16.05723985868171,0.46147403076414567,1
66.56337916432102,-0.2999121519166923,10.363692037257596,6.581145506472103,1
57.30060838323452,-0.1123370124603623,9.971748231912358,-1.040916562152093,1
71.07531883495345,-0.13803510252281037,10.08249310366205,4.90394986543941,1
67.75482915247697,-0.7706379911641263,9.378907996364653,-4.652295612791249,1
74.19329108818576,0.22236572977000055,10.104527463611955,7.342700445661322,1
70.48415202079983,-4.964687472168332,9.089622036547404,-0.9342115035991725,1
68.72874171955617,-0.9960544335090032,11.692575238249255,-4.929247096724039,1
66.66164852420485,0.5273488988055391,11.216693763535194,-6.450180534142005,1
67.6241929344778,-0.03019939424233199,9.436712735335481,6.859584438858834,1
54.59176148472038,0.5429701515990326,9.393053515916947,-0.23840614376764724,1
70.44011550125374,-0.00872108043944099,10.995729284821321,5.353681285793743,1
69.01288904276088,-0.11802756336529707,17.404977875623135,0.5954178782251109,1
70.32012220123681,-0.8469620074525911,9.02714977864961,3.8627623869075984,1
71.04477376271987,0.9191052204066285,10.079823589818162,-6.5426665152510814,1
52.55609129111649,0.19073648917833425,9.452907827077542,-0.24138941844165718,1
67.43518266019045,-5.279679756199396,9.22974739532537,0.3454480793189303,1
67.84539687589667,5.592282843758121,10.094822527888539,-0.04523616740681922,1
69.0580389130693,-0.19668087128378892,2.628193210832528,-0.24444909320057995,1
70.84108730756903,5.02453285115072,10.332125870389728,-1.9940478112240958,1
79.61775097544808,0.30716105708961683,7.462390413344355,-0.8873069446777468,1
69.41069650906921,-0.1053707048858081,9.333684899887864,-3.1657696972425957,1
72.45872793450451,-0.01454702056969078,17.404005661039143,-0.1638326243328731,1
71.16939684408395,-5.113380135553668,10.314898488645165,-1.2046487328973858,1
82.64961791026467,0.3028185704216592,10.887297483950741,-0.34817186087523677,1
68.44053236531934,-0.643658668787228,4.788462063047148,0.9576169495790219,1
71.95075908760883,-0.4438512458412374,4.591336171929102,-0.4361272859974921,1
73.20633347333329,-4.557187693836532,10.251668978558637,0.17624043197519573,1
73.9710403134188,0.2717981872191117,4.2746460038647625,0.9193757720688883,1
79.90656745836213,0.14374108454126727,8.667049900457528,-0.19435132222625418,1
71.9139166323412,-0.8336997989392542,3.0538127503982,1.7181458420071238,1
71.21590364468776,-0.09580002035150609,4.846087134137052,-0.9009911449821509,1
81.63841910687376,0.31163239832426376,11.030080091373742,0.7023255589671958,1
70.62862152541987,-6.007671832281083,10.859779452851706,0.7552568657590759,1
68.43782118872655,3.193798614529305,8.810372759026867,-1.0877691943807024,1
69.73165862954212,0.3444830384122139,3.7531276487981913,-0.7409994751666075,1
73.02094948703738,-0.007973231824649757,6.803252671615304,-1.213573171667039,1
71.71362710984396,-1.0720524602238828,15.231608606539128,0.3717743342381565,1
75.68012607284625,-0.6052162608716484,10.394637868877053,0.4722375279406601,1
68.50732356654015,-3.8744570465072883,8.225537753314942,0.4479780640310336,1
68.70598608498464,-0.4395771650822655,11.132470043810587,-4.138661468175994,1
72.35699411792092,-5.968596734916032,9.666185120528112,0.6956240511422945,1
69.87709226149626,0.8366976492332299,9.431215056492942,4.938842015033781,1
67.72514979750194,-1.2020932308169539,18.675481702030442,-1.0683646558773272,1
72.98905919399445,-3.861620439436598,6.799465382626556,-1.2039725610488285,1
71.8753973288073,-0.18880653191099117,5.45902722422995,0.433846316471516,1
77.32424416281941,0.6158106639808374,8.889758695048169,-0.6828862615021634,1
62.87067236744168,0.4792150478360118,8.94900806599011,-0.3761252322944988,1
83.16925360458379,-0.09659830416800973,9.368799995199494,-0.07814077676811046,1
72.07244199223184,3.566888987831174,10.986978695476504,0.38786802141598276,1
65.84246678666644,1.0141527449650387,5.690196592366091,-1.0558801482964786,1
70.72115248564724,5.482576935880437,9.809154429530777,-1.594175446563182,1
69.45689378142293,-0.5304133577388772,10.8551988811642,5.682664349075642,1
84.3115941007081,0.6101598912139015,12.314447519526365,0.5869242921900027,1
71.10244056712023,-3.275330238022641,9.361500007923398,-0.09040678978391742,1
69.60081796702583,-4.88693090045348,10.659118270318036,-0.3995174620066328,1
71.01954024863042,-0.12004497004060107,8.769835374582252,-7.7589300124012475,1
69.83719004436365,-0.7346531192802103,6.3477183001462105,-1.2915537201790617,1
81.3249744645679,0.06307643012197721,9.21516722548156,-0.3194755815479755,1
67.6707517649931,-0.745160716146057,9.5604905346174,-4.575606246439271,1
57.832635563270514,1.160220045582566,9.799386511655726,-0.21790112144075496,1
74.55596529618,-4.64260254306148,11.056240146781503,-0.03545365358460176,1
67.40332897220566,-0.2509064230166731,5.068823947046004,1.3336854877650404,1
69.13113848081245,0.1530732731232053,16.116903175164403,0.024571165262675637,1
82.90373287309616,0.16270823850691374,10.986544904516427,0.5772411687719625,1
70.14038717655305,4.823447283660283,9.718181777833776,-2.04682679932125,1
58.470435571925606,0.8289370942623191,9.727821875906173,0.5778455528444811,1
60.640894097975945,-0.4777485964693548,8.567928379390585,-1.0580046736589253,1
68.67974117260464,0.020366216019319202,10.567066962517073,5.006124437974041,1
72.24408040633399,0.3373342468948476,8.65157097627598,-7.863913820492086,1
57.885211949831344,-0.3250999232221455,10.38645755519043,0.8320087539144061,1
71.44697217458156,3.7422797717831875,9.281396920895254,1.4385317002779785,1
84.49517680582149,-0.5729504227306408,11.643001243984786,0.21387939261479377,1
69.70628856162443,4.409676512951366,10.099544829105978,-0.015876646706391967,1
79.09775834796974,-0.6744519065616551,10.319890513852473,-1.0985077023650962,1
71.1708582227349,3.9818533282953554,9.103069398282026,-0.17567020753710613,1
70.54076787389134,4.502267578599448,10.499933014330747,-0.9413239082877647,1
68.12709710734835,0.6768593063367427,17.34095547879523,-1.4401124190191126,1
69.78867770014196,0.7941591253694786,8.910491410833618,-6.61665550051939,1
60.55116865026078,-0.07309075611079215,8.869949006533547,0.04606730212515667,1
72.80204676504725,2.788742081304155,9.818623030490697,-0.6859934557134788,1
76.41757015171055,-0.1545890057334372,5.306446595936682,1.8120717566184483,1
59.21001596394084,-0.6046754877619114,9.53597074425634,0.29300368583967223,1
72.16004733945003,-0.3178135869518341,1.3950648078156576,1.1519064666588201,1
80.99922615520691,0.35891606527430364,9.293293456024019,-0.4563385369505622,1
69.65572849895116,-0.32914369674642424,10.21072405213222,4.959804701313999,1
60.96245460386861,-0.2802487017775006,9.232985505799986,0.12336708352292487,1
85.23752574829973,-0.9551747369499919,8.816809220613719,0.07520142488537873,1
57.738493560500295,-0.08253337451607923,9.78570502166176,-0.36136226414058825,1
70.538581446031,-0.15146836707807546,3.3691371685285407,1.4973781860316149,1
71.46058947765297,0.26620748383791065,9.853963638998327,-4.310878710098247,1
70.16619091621479,0.7314028881404775,11.117481572978722,-4.1325250882228195,1
70.90024047341355,-0.7120943008824747,10.103463868556593,-5.673346665698221,1
69.0075695550027,-0.5114889748550416,10.907373352702162,4.662848066250571,1
63.41332356822321,-0.5698629218075812,9.76497357287958,-0.39257406770816594,1
57.15523705063899,0.8025794540711073,10.576132247184317,-0.9352525190070105,1
71.64568578534879,-0.40425021111831405,9.221213953959726,5.071618056563229,1
69.23920734695588,-0.6269710797615872,6.289274309051271,-0.354234970974107,1
72.21337835783326,0.2761537245126564,10.962679077825783,4.0976684914664085,1
69.37345244099953,-0.016731841784859036,10.293560430490034,-4.2384970202835754,1
70.26661442298185,0.9377051143362769,9.637505698945962,-5.635850856476834,1
69.97456519549122,0.06310986291734624,9.512986078263864,-5.873167028947758,1
60.13998629672311,-0.012624963252096028,9.91733857843116,-1.1402303099749564,1
81.88442944082453,-0.28625468044099084,9.356946894333207,-1.265742850436798,1
69.36508255780329,-0.4507608196930447,10.817138115337304,-7.723826608591564,1
83.4651656488325,0.24317609449284353,9.51594830316888,0.1810850169593472,1
72.69789114137168,-0.29466833443740914,9.960902760535983,-3.49298386391157,1
69.90870959517463,-1.2818401193763505,14.739268154146082,0.6429039452904349,1
80.69237417499664,0.06381839950617627,8.523780139109736,-0.47670242564299115,1
68.39502794707519,-0.074955105673578,16.02513365166753,-0.553216462720975,1
70.6695076249692,0.2527264622867077,10.264008518965012,-6.220793949007348,1
72.93484819646996,0.25034558110996946,9.467132322141817,4.70853775140985,1
70.92572188147246,-0.3628770842302824,9.035310407356075,5.751897777638943,1
70.2102584284623,4.323413054075193,9.559501207016968,0.23593010155535335,1
60.25546526675693,0.3556081960712038,12.24578727525132,0.8593458604500809,1
68.78148284868794,-4.5890896674249015,10.989237003443463,0.5033906651487857,1
78.88416251805636,0.44178329402203625,10.486293694638565,0.15925206442820442,1
70.05255172460626,6.35016756003535,9.265666617689039,0.22267031686740482,1
70.68092837452073,0.7353590121195137,15.328868095160502,1.7124973388898401,1
69.82489795145361,-0.25252636161204406,16.11210592866481,-0.1323817113650726,1
71.1723235214395,-0.4163865106154313,3.981402594292094,0.6986642845521475,1
72.32016000539325,3.6508120795522734,8.595932884802979,0.03603331943782391,1
82.34988921728879,0.3994873832237252,10.36584157926496,-2.1041041272363206,1
59.407208831782015,-0.09776946965848103,11.433079854549058,0.04309090712359126,1
68.64347655155458,0.15315770397155926,15.533391852439184,1.3704933117227935,1
71.76111528588788,-3.8759275618463827,9.359847115074677,0.3486379925061487,1
68.51328025479324,4.890999569728733,10.934401694502032,-1.7133089463368656,1
69.8880260694765,-3.1343835161216633,11.215650400430613,-0.5470788755333357,1
69.64167451810098,-0.12611850014113707,5.041164013998019,0.5062778340740627,1
82.59401174984487,0.2760875697508434,10.247112158161881,1.4179736418854396,1
72.26871306796089,-5.808212835144492,11.207747024237024,0.45913079865163636,1
84.60519841263685,-0.5467774457420834,10.846047415358445,-1.4412135724923687,1
71.38749920667401,0.35497932822146544,17.20358352542742,-0.4410219948147277,1
85.03197816029831,1.2079461129504798,10.061804857127598,0.04902139101190284,1
70.26401765027116,-5.458538132199591,10.156312365113266,-0.8423134955931039,1
67.86924762806608,0.1753026088024741,10.113474021361732,-6.561265709423508,1
72.91648966561026,-0.3510796779394181,11.773195923077655,-4.367284410114459,1
71.84586774463436,0.15754190289515982,4.852450683644221,0.23788670338640514,1
71.08727466222996,0.3093822209226161,17.126069369232546,-0.21934022808767362,1
69.8526995102722,-0.26378958932641616,15.69976422054714,0.003828155205046678,1
67.8876010395194,-0.021046705006428176,1.787658054800504,0.3702252860485966,1
70.1613330643775,-0.07292416747714718,11.516777938829788,-6.102917043725097,1
67.63762228590491,-0.663926799555348,19.727470149549784,-0.5727846292206288,1
60.823568085705,0.533441477615878,9.5415961332093,0.8465525932683917,1
73.07694881661308,5.433776660527918,8.960785430585924,-0.39590017199888894,1
83.48322008526875,1.1059993228837801,9.735668690152865,-0.008090386387334182,1
85.2316834311736,-0.5007920488126887,10.212546208258537,-0.5184860425929165,1
69.69843544505359,0.2500925668596569,9.91966885712297,4.503287217520995,1
58.17219803483647,0.21393863064992003,8.510429996538763,-0.37113565282691274,1
61.18088437717445,0.361942766854844,10.656161561103845,-0.23588144850610282,1
61.938845307279244,0.4985541632774945,9.83817336814698,-2.369376710172997,1
72.1757738764164,2.677840756505611,9.753151706265335,-0.652091327637448,1
68.2847730651917,-4.875408312678664,9.966287504745162,-1.2344045752507058,1
70.88307829916995,3.0313545904125214,8.63434001642452,0.35307821963727537,1
72.21592423258767,0.2496818708879732,2.9089843357061316,0.2127112322097776,1
68.28968810532,-0.21967389591365907,14.994293643612423,1.2462984572184588,1
66.96701147497429,-0.0731845720634679,13.847435439602986,-0.7254972112399227,1
73.8747559159536,-4.362990859618076,10.681335358019664,-0.6752977668601056,1
61.68768361979776,0.1959595173823909,9.50763321523942,-0.1973746948759355,1
72.08096969740667,5.077387407491699,9.457334001529574,0.5501355401793834,1
71.70777128850813,-0.1355165202509008,9.384209722674308,4.12830390934145,1
71.42416015227383,-0.3003630959617011,16.337561922920827,-0.027182055273346675,1
85.63340360763289,0.021258658346631563,8.854794485290663,0.3206944301114094,1
69.823946286139,4.141622648417448,10.885210574648065,0.3402828033534129,1
70.69828934585055,6.142144348870108,9.877696958084556,0.28556013981387196,1
80.5230235443908,0.7621051341763848,10.36673548471994,0.9372314472633397,1
71.9171241239224,2.2663496722910024,11.087596866067033,-0.9590681632552933,1
69.48789615209563,3.5449317408303327,8.689150002083975,-1.0125549045545428,1
67.94802193440827,5.152961493729183,10.827507180126943,1.266787468973444,1
72.68998488270128,-3.6773204700528033,11.154413137909733,-0.9512102989120784,1
82.23389344163944,-0.2680121124981875,11.250812443311013,0.4421087593772656,1
71.05608979732716,0.2992072807438846,11.270467529840927,-4.692970344869116,1
68.1093825034221,-0.3879863452891826,9.330477540458833,6.304801125140832,1
70.02621460180859,-0.5820092019197056,12.689384684132525,-5.883581300381437,1
66.8489561044409,-0.9549216667234629,8.652459856576804,5.220792093970476,1
83.51066440668637,1.0985891874264297,11.589372090773102,0.008706292589280037,1
61.352660817387864,-1.2523034338960308,9.253867514404641,0.7818873602893549,1
66.88971388973823,-0.6475884872658931,3.944920132487491,0.3020602731606383,1
79.23741874967489,-0.20924314362852225,9.205669580091419,0.16385626650620946,1
70.94467908785413,-0.0675408395603845,16.51804817483586,0.895609575853767,1
70.70788919179243,5.92236498200132,10.01524519979309,-0.42051968777728316,1
68.80166411168179,-0.8544874447484069,9.784883702499004,-3.7082568040451127,1
72.0696828584673,6.067324715789609,11.407584381170372,0.22309134875506334,1
71.05418911110294,0.45044178439199395,3.327957483949059,0.22358885679095408,1
70.04992329275319,0.03301059718526242,8.42199850805183,-5.08858085578866,1
54.80585606663929,1.0218510647543135,7.920058687316146,-0.3134202071205864,1
69.68639208344693,4.959868247896952,9.30308956923544,0.5138505869665567,1
68.07650416702958,-0.4680986466995248,11.033172160221715,-4.584274447177469,1
69.7788251536074,-0.34815808535748066,8.920853838789709,-6.798432793098531,1
70.41563965721026,4.6959636863206,9.757658628207558,-0.0960505276068191,1
72.20966836743021,-0.5670404030901433,16.48193189744709,-0.6270231965742645,1
67.27680827849792,-0.3794408373682616,11.598310599256058,6.096796286345668,1
70.71703616732724,0.5830170708085133,4.676299629385707,-0.11516234472837601,1
69.27931650710337,-4.630545689250207,9.238416330977492,-0.3510063884823001,1
65.95549150908315,1.0822619338585482,4.486797542380819,-1.1205612240364144,1
67.47232612546863,-5.60569100947462,9.364542857848278,0.18920300409206064,1
59.93902987200088,-0.4630655573255712,10.782452758092065,0.8723248805849115,1
59.70027597978153,-0.3323875674192809,11.7457886380806,0.8645201918095102,1
72.01076415759148,-0.7168400560468167,11.391617083722497,-5.155832213494661,1
72.02545376793124,0.02242196186015938,9.57843296635413,-8.140067902873144,1
58.26548808886298,0.07472249358111328,9.440634247463201,0.053541279778815926,1
70.70880853122809,6.055068798372549,7.701571309057378,-0.1317098004077942,1
71.31246867785612,-0.17685552182241548,9.57787900045513,6.145452736978655,1
72.2662041738607,-0.6654412199226759,12.226979297293175,-7.034967668534435,1
72.30223778806183,0.048099364158109295,10.040294536818173,-6.150750529034604,1
71.44511491567327,4.582939977762111,8.979520220068483,-0.8929652378916944,1
56.58775606805784,0.56067511160654,8.629728187843918,-0.17219507466350054,1
69.85469424778205,0.430195035753396,3.346182835441976,-0.11300049824522472,1
73.85041491879608,0.4086189529575793,4.373272753977646,-0.35213434564277457,1
73.51664454517356,3.217929469528627,10.393770776157897,-0.4288519932899457,1
71.45696931895854,-0.7850955414321885,8.675817608996441,5.847521995111737,1
68.16669390366225,-0.41920931928634225,10.388343970422405,6.09713835062783,1
68.50527279535308,0.46847563157912797,13.868778503260156,2.181204440258298,1
70.88628450450102,-3.6746667576572642,11.534824098774262,-1.5580398479425832,1
72.54747532540257,-5.868994492584559,8.328136073705657,0.17096406442564263,1
67.9582629607038,-0.29026381527801964,1.2152830080271464,0.5193967969650897,1
71.58454294749247,-3.1049858771224983,8.465561318527905,-0.4821029167185402,1
54.08998707323035,0.41786603355814894,9.763472396156013,-0.6546950642448354,1
70.24709503859182,3.6247488192814137,7.770278143696879,1.7633783379070866,1
68.92915874623249,-0.2739344683504577,14.113001498754514,0.8519177578783506,1
71.4280964033229,-0.22537411148597594,10.536784507807166,3.6780832284225022,1
53.95345621080366,0.583946107296425,9.492589229198686,0.5116925262565702,1
69.48446654434395,1.1518306991869,10.445848065614841,-5.496204234488995,1
71.18327811191239,0.02445622842962152,4.989414924929348,0.8285426150925859,1
80.94479069892728,-0.9475009988287768,10.353865137350125,-0.23050179646359792,1
66.82424981773634,0.6858544666904675,9.786941542292691,-6.671893801533109,1
69.2320564524183,0.7930564149384715,11.261092297871254,-4.554302581882105,1
66.51694881842083,-1.460581980783004,4.440246598374907,-0.24798185298762687,1
72.75568645802772,-0.16886416204167665,11.631999569989715,5.865754384926217,1
73.12889723278093,-4.095846470329598,9.053185179927635,0.44400699500331325,1
72.06314980165045,-0.032620829331813476,10.052299417568852,6.226958324462151,1
69.36332218831353,-2.501761166361184,10.473638310628877,-0.20300860210316896,1
69.68819881165352,-4.513963625741502,12.078218190596937,0.4226237668899997,1
66.02595809195361,-0.3487329102762445,8.617982837233592,-4.199394250076333,1
68.65847115130369,-0.2929494834729568,9.47094011474187,3.87675116220953,1
71.18083108894938,0.05037934172509764,4.2265267267129385,1.580958445645341,1
71.78768177885942,-0.29170363330330745,9.291825997029578,7.949427534716984,1
56.594990842593035,-0.11526931714014639,10.009871697014603,-0.7816768185044982,1
69.73106321775764,-0.7143342856073818,17.442919019186178,-0.7026183547409826,1
68.52210454284906,4.99270714135782,8.192386751784849,0.5865559883767689,1
69.6401013397803,-0.07241428150558643,16.37267748853718,-0.9290372452146015,1
69.92008377071012,-5.946036517886902,11.47424218684716,0.4976258908952296,1
70.83936503898418,-1.1195996189993402,14.516584637388716,1.0093626134310705,1
68.4817176825512,-3.9445045496224336,10.079156021115768,-2.0036822478963994,1
69.47285975461035,0.7997215581685219,14.846229446590248,-0.7295136475748476,1
70.52411040246238,4.755502728234784,9.882644621242667,1.3924830493678115,1
68.52386747044987,-0.23304391689153175,11.878473454284444,-4.234669453710677,1
69.52410634432714,0.5258139686066595,5.178014742728116,-0.6827670925257774,1
69.29785828940207,-0.002259410692673296,5.44836709895206,-0.9771407777058834,1
68.45984078264185,4.22517052211927,10.702549779754163,-0.2294243649427401,1
70.44699163164708,0.20580452603457558,10.357752394911873,-6.523694151850485,1
81.76566419297282,0.20963065930163804,9.402176115101158,-0.5148527859710885,1
71.08335230661143,-0.43306425635389306,8.178311240377965,-7.043686612300606,1
70.1281513298191,-4.211472105609399,12.146045925872848,0.8357524305826438,1
70.51850495288164,5.63282279457991,10.13322489217375,0.2449653234843671,1
70.32952673068439,-0.05231469184567487,3.975609291889471,1.3377245274941758,1
64.18256452217253,0.49903644624498056,11.010319311146697,0.14006121102859315,1
80.8454893626113,0.8183795095739392,9.820480717473018,-0.06364258058198187,1
70.90011686201423,-3.0441569644977386,10.342527079345514,0.33400128444922644,1
63.12100628963695,-0.020050892209317838,10.523461314023264,-0.06009626163423198,1
70.30160885209396,0.09095712801707131,11.590145280137463,-6.870143663360264,1
60.731772589910264,-0.3840387501771366,9.751650119187483,0.5334069587077497,1
68.42007818709673,-3.0190289201671634,10.478802556838845,-0.11035325351811145,1
67.96999387663475,0.8515910211861903,4.395808347778547,-0.6503528757564222,1
68.91852290622327,0.8614650663363225,9.182837903319735,-5.056543748549795,1
68.57427580323359,0.16937127695010926,9.953491137704692,3.4490842170184903,1
68.51952480534679,-0.4287362827329758,11.533448175600634,5.150902579508789,1
70.99622578530494,0.5071523740177429,4.776185953021122,0.8097261875224403,1
75.66192006380581,-3.82673706814097,8.487503068073448,0.8302934156705984,1
71.86263117957746,-0.1181856674245327,10.033314701272175,-4.71617462300829,1
69.18376026797729,0.11811778839992332,6.912546665909883,-4.320280910655761,1
72.2150778947121,0.8636261354413578,16.155932200125754,-1.922571828032722,1
69.09414873029135,-0.3937101655149761,13.073165542510996,-0.46482078230061064,1
69.98500716728275,-0.28924148220848017,16.621228760631567,1.681199184668306,1
69.46172976728523,6.28711034562568,11.246392278071891,0.5629145744354682,1
69.3802769292223,4.80957397511545,9.445287230694625,-0.6929844457468524,1
70.06020793024402,0.6563944424496031,9.605296372439467,-4.695855380434463,1
68.7610448558621,-0.19721574525187566,8.369809017354301,-6.303079991581567,1
71.91468379630957,-0.5753372900739838,2.7587694668032583,-0.00021644059165495195,1
78.83784198083092,0.019749068064901197,10.393349918876208,-0.8504577172262215,1
70.53933575011786,4.5927843585481005,10.749243389849397,-0.22440805914020945,1
60.04623225229439,-0.09451004669618997,9.85190974649426,-1.0381380353085925,1
82.77628349119232,-0.06615516384433574,10.564444118499742,1.2912708914551017,1
67.61174831172124,-0.7447218532556868,4.41970336749566,-2.4701146703376313,1
68.8592027175085,0.4226636456245867,4.725247281739869,-0.25922424605087724,1
72.0013063627973,0.035735162417922656,0.9606695448032703,-0.4186038671229406,1
79.4809449443337,0.4695252680408325,11.350139758989148,-0.6755697763393462,1
67.15039437477046,0.22408330001431748,8.217755410517878,-3.77165957115134,1
69.58188035079932,5.279773628994188,10.458615666971353,-0.104264826421202,1
59.285621407593226,0.5662534346801034,10.02643751163069,1.0851901936448791,1
84.32708662703615,0.3412573062940634,10.685912213185988,-0.0973226573495173,1
71.5412243874097,3.1591160903722084,10.22470010990927,-0.6250970106253737,1
58.88564536638895,-0.2790703123529908,9.301994660843514,0.02238322322044305,1
56.82854923270154,0.04390191467679563,9.700553821496554,1.1413911747791796,1
62.64055918776675,-0.5953047475435971,11.872183320566302,-0.7905973363618246,1
72.75544903206702,-0.9089356080464444,8.966638865787758,-5.676043842132929,1
62.12962941702567,-0.47652267296912276,10.012462874581098,0.44664170397642905,1
69.49725174732119,0.368132484437343,14.985797522753435,0.2335150739470954,1
72.11315476729904,0.21449460442566948,10.447526812196873,-4.651500384646407,1
71.65038988741416,0.15965375790884173,8.048703682542662,-6.180444612163639,1
84.79552919630095,0.2579999320242435,9.63441138243861,-1.016826032116584,1
56.905886296927775,-0.009727527647760605,8.041103725378804,0.3613664762462453,1
79.97328718049819,0.2442991451427265,10.596526519042314,-0.7479981622584374,1
70.72299280219262,-0.07972252952655914,10.62542676287952,5.191699003901676,1
68.33197217629777,0.023975691723356826,2.5547401709926785,0.47241529236013646,1
81.62391179979991,0.16624369177404216,9.152806645495389,2.013957815498754,1
71.39065359227662,0.6260396336038888,6.29487749504546,0.4445101990105264,1
71.5713024391085,6.121175865155734,9.495892371457616,0.7175128747502378,1
68.43785552806614,-5.6658441734202984,9.981116248207833,0.7349705503367301,1
70.11277602720082,-5.484341521202403,9.850239883431165,0.2924182868275488,1
66.37532965834745,0.07671153377833616,17.109091673509894,-0.3601196865617676,1
67.56566101708404,0.3056767354208958,-0.7562209478487629,-0.09518351015849759,1
79.33884238934775,0.48945073949022116,8.881670924938735,-0.9368828216789572,1
70.49397684150543,0.4594301039478434,7.914799276242796,-5.395780354973803,1
78.65763709829679,0.13657813217960774,10.974528082103848,0.8651552913818943,1
69.81226847723921,0.042554090929170556,17.729017306903334,0.033435425312283384,1
71.08622636214729,0.22821359374023406,18.415858346011518,-0.06445182032001473,1
73.00524914177838,0.19554946140224488,4.276569011836357,0.4916529206749773,1
67.72307849790081,0.36538179044153435,8.60159865701058,-7.564580948742077,1
72.04434834588281,-4.028752387294954,10.567151438521554,1.1933395183604618,1
70.70773492497074,-3.6378302342120885,10.370594218682372,0.3978965459045755,1
66.05388115143438,0.18150201171871397,13.19902643163143,-0.12251536177161058,1
72.6934793222803,0.4409262204337649,4.053020961331768,-0.2934653257271674,1
78.03805346291259,-1.1248845819216726,9.85939324179917,0.16106103816642908,1
71.07812343821152,-0.1317362159322951,9.166865033722292,-7.213341126051538,1
69.30218352618427,0.6926585949139591,10.868481440920181,5.374124667248242,1
54.22169801256068,-0.32496496785482165,10.031946656638251,0.41726955990608805,1
80.43222086854031,-0.14244507250985056,9.528891115499619,1.5612695161930508,1
52.422541693638905,-0.6616097420233367,11.188883656207727,0.9661371061724937,1
69.39891142043166,0.618879918980622,4.051551764181413,-0.6270694282254604,1
72.05602170596075,-3.852585012184036,8.70976410900068,-0.37502493092222666,1
65.58347483662824,0.015805445541303344,2.5000649325484847,-1.6384214330138578,1
79.30625606540565,-0.19665973779753393,10.623502656243648,-0.9957956006350625,1
70.88746675001536,4.201278821647774,9.22083982719789,-0.3211069614410393,1
73.01455786808148,-0.4459148171887125,3.106174805153156,-0.3749434995610368,1
71.6470707425525,0.9779360762222419,17.308031675016384,0.0034719315636076034,1
77.40286402261576,-0.4380792741283524,10.781538319636335,0.8982980506350766,1
83.01831026400436,-0.4911308053825918,9.349008696636531,0.28469711766593825,1
69.44176201181212,0.05118539453135255,13.923870469209156,0.2642207624149886,1
67.76746321912833,-3.105184380379893,9.353257170949233,1.6327402861160025,1
68.41581818156054,-5.369772588807334,10.547878151112256,1.2043871304330782,1
69.51973664223779,0.40601329159454624,10.175661034853649,-5.89919679363182,1
76.27748598550261,-0.14748324977254487,10.033255643225349,0.43999348572304087,1
66.59744685394516,-0.0657839741741824,4.604022281254408,0.8706751327115798,1
67.38968324741374,1.0001810174385894,14.877475323951959,0.22808245384013312,1
71.5024683528665,-0.5464438459694574,16.860853281993094,0.0890387727725088,1
71.6056123606905,0.037807135388488074,9.757998225419756,-4.455888056859542,1
68.68049214097036,-5.857025789191875,9.236476850916166,-0.44251893156100763,1
67.12390817985764,-0.8695491600037168,5.515705160174376,0.607482493665339,1
68.42348636492441,-4.633983173916114,11.26513760316014,-0.6894942029025213,1
54.98988876067141,0.11280577036921191,8.480629906912444,-0.885898842749409,1
65.53348919974391,0.2568936011514582,10.22357302414812,-5.4097628085109495,1
68.98483233233546,0.2310794346352276,11.194040228484305,3.4858418430183953,1
71.40979500043561,-5.515405144416693,10.499814921914073,-0.07321684233192684,1
60.565560804618364,0.8242319595298947,10.053485827603755,-0.08900166941958815,1
59.0846501943025,-0.13920075958233674,8.727182651181531,-0.5306008135463827,1
67.69358704623059,-3.512994546474538,9.948916211478627,-0.03116956308731697,1
68.23865453745267,0.20623780023255683,17.166610930299274,0.6684765784459102,1
80.14560775337641,-0.042482097114301134,10.844553559447117,-0.12964506326779654,1
70.23721806212329,-3.0043447050881964,10.298305063526215,-1.2667466455237077,1
71.7110909115644,-3.6093680547016587,9.221215770201132,-0.6431134061805963,1
69.19806976012964,0.788530295957616,10.568201085758382,-6.5827693375769964,1
70.92187355178596,0.6505417322596199,19.812013008941406,-0.940061108734806,1
73.09460062283527,-0.15163371043614232,9.507531930300328,6.565273234039702,1
70.42320458647231,0.04728887128723245,8.869897204373595,4.9661437277666085,1
59.62430696413993,0.10851985974941301,9.937108551583842,-0.2765821414121243,1
80.23405738138784,0.4443382250604307,9.538705045336236,-0.7810882383538366,1
69.09020127029974,-0.25031471625706536,10.01412001076542,4.827196437458989,1
69.33828034970766,-0.09892361375857585,17.78380475909008,1.12763362931074,1
66.22095749045943,0.5660856379536859,4.284677808845668,0.329997150048157,1
70.48007080453803,5.335096194537049,9.975532773698882,-0.8792898169709175,1
67.75013974091414,-5.372919788498014,10.474634473169003,-0.24818046241969383,1
81.07216513617175,0.3737604629260567,9.179026412335574,0.9719331559527318,1
71.59587460637394,-4.064518470025903,11.542078297128748,-0.2803031737716778,1
70.74470820776544,5.130804547289814,9.788405775906744,0.25770237533305823,1
70.87974001113143,5.469791387228655,9.68614969523045,1.5988510658357675,1
69.38646029200875,-6.0899291063650525,10.43736420293511,0.7946648291815872,1
71.02931322181762,0.10870458698153268,15.213053416306344,0.591526059829698,1
66.21608177248697,4.906217451922955,9.594416554816332,-0.6141281532592933,1
69.86209344011874,0.5383965809255078,9.715609933969965,-4.0245732632462055,1
69.02077158443319,-0.9096183541540678,5.752902500294866,0.11102738475848047,1
65.32077297819396,-0.6297181988786139,9.142283273197265,6.96019963118475,1
70.27838159372135,5.475665671158848,9.541834427927473,0.1964299377382413,1
72.0672780675269,1.086281455911288,9.899297567671299,4.510416536290946,1
69.80955427905062,-2.8803112631446703,10.260087824784488,-0.231652435614411,1
71.04307816816157,-0.1868829613882395,16.039762535225194,-0.6474713136906505,1
58.96255795322003,0.44757673640455037,8.707074457138916,0.047171992547720254,1
69.79079835871087,-0.154703515577484,6.340527187063536,0.08774613852511941,1
66.39615147852727,-0.32757095151081617,12.277623596052825,-5.251494786569831,1
68.40942702633974,-6.224225941019365,9.748912207445375,-0.6016650946683155,1
66.60088362551521,0.06291748578123206,9.055517984244704,6.161016905244027,1
72.03436553469507,-4.050626006891053,10.375819121535987,-0.7879864280073937,1
72.77618673343125,-6.299360929277342,12.4056250762534,0.33048167716994997,1
68.4190883835754,-0.008394264507576065,4.60004871825312,0.39637188426622516,1
68.06095319980678,-5.560246946208293,9.808816000513193,-0.07945849720382225,1
66.71701713439894,0.006367181747680061,10.584248116117106,-6.2758887196329045,1
68.71285688655965,-0.2547906617076123,3.862055532015791,0.7084997637732173,1
71.40657317921703,-0.20137433606928756,5.346810711381654,-0.2552127537615147,1
70.07565534213717,-0.2208380942681853,2.0598398310523756,-0.21770068708856966,1
87.29449103775006,0.5005850471151012,9.874903176731996,0.3724936805431582,1
59.38730873716618,-0.04018751652973968,11.552377216694076,-0.38925733533944934,1
84.91548144619948,0.0668441425245993,10.046574484411556,0.7397315878409325,1
71.2319139525207,0.15899499177683757,4.315373172244771,0.8518115523830239,1
67.80860981447806,-4.794764948380924,9.808191992262051,0.20500487691964114,1
80.39058129964724,0.3066375577489133,10.89049771383024,-0.3276231239003366,1
69.48312591000047,-0.04101373820143919,11.330241878967342,-6.924289023725005,1
56.35718632822418,0.3844555209499409,9.502703272667814,-1.0818348535230269,1
77.91560713662962,0.09305516952166319,9.011923474846856,-0.07951835410059764,1
70.9135200259067,-0.43728503772380506,8.989845608355392,-4.966858445752388,1
68.05005628464289,-3.70533341080812,10.84967060869418,0.18221613148658547,1
68.91395682475688,4.537716401811944,9.76924896407462,-0.23378356409940731,1
69.30826800797341,-0.6035713910586761,10.047761310164756,-3.7653607764191666,1
69.60072908309054,4.490698787444764,9.760284997483069,-0.29992243879146757,1
83.47290870235518,0.181755531864857,10.905349101406442,-1.6916461657537631,1
74.07696115217661,3.641072870695669,10.168988368502555,0.43840274787680356,1
71.44944656531116,0.7548535375081522,8.840290098915386,-4.3285465569495685,1
53.51371363086341,-0.6957745411716164,9.851286675892911,-0.46481941164314283,1
71.97690516191015,-0.18360857486148519,17.364980975450614,-0.014904939902982263,1
55.01225991379941,-0.14127257311378738,7.948376251430862,0.29281825313666815,1
67.02217337036413,4.136392147030665,10.573419543557165,0.7974501072070359,1
85.01757252674143,0.581575001797212,9.768733944556292,0.6764697692094596,1
71.10869917942591,0.8250862279717408,11.001490006269993,-4.113424522890232,1
82.90373837815119,-0.7019615203395464,9.88256001550871,0.5161188462164882,1
83.19254906334648,0.5963164448774598,10.892103589469805,-0.9984857981599378,1
57.43103411278904,-0.9468929487988955,10.45431470761379,-1.6905756557039824,1
71.48065428337765,0.29976447126302,9.28465514798527,4.735001110063946,1
69.51972065145172,0.07971661411016367,8.831199334929252,-5.351927810297735,1
72.74923546931107,0.06966883146216783,17.382844393018487,0.35287941025549396,1
69.21246471880684,-0.4335105484303936,10.264999394310644,-5.480459005029026,1
55.82188084825127,-0.40455466019885933,10.05377782163393,1.1177694955248567,1
69.20407390954682,-0.534491217277429,4.675296536204648,0.2561832775013165,1
65.69361648768502,0.596827079922108,11.51408753628103,0.2879190237707392,1
69.56354356822193,-4.947445076072545,10.991652727142364,0.16531191919280322,1
72.27694682551764,-0.3625792103520754,11.46518672880764,-6.0167546206476805,1
66.84029147226221,-0.03774993558082512,4.236130370338284,1.319572850067801,1
69.13839621741906,0.03830002478837466,9.989937230174469,7.550986383558941,1
71.81827334249297,-0.6009825899115213,10.036302450445575,-3.8102140036965224,1
68.70026784358633,-0.8627498532254972,9.203084207354776,-4.513316718950665,1
69.63503535891412,1.044346373853304,19.114967416430723,-1.3852437184556932,1
73.64936616226566,0.014984284761030047,5.309650065706985,-1.209202664422585,1
69.56303405535982,-0.18228002436635238,9.512916063584521,-5.6325701797234515,1
57.504551055346795,-0.16577172787111613,10.143451277857851,0.4297859526950234,1
69.47531538005131,-4.980228116517077,9.779107555840891,-0.5014332451596991,1
72.46495087859773,-0.9065733139028391,8.839172687485311,-5.578531833876612,1
62.10922918258225,-0.09431561570972762,10.318971948820149,0.061629563311541805,1
66.8048160901405,-0.10622469005331081,10.314652085026143,-5.161628200061835,1
67.46792160307457,-3.818621929311231,11.151395963976785,0.3949591123348606,1
79.87596588291183,-0.2502336744615543,11.38778291070411,-0.5792661104865563,1
58.51579385809819,0.5192210482115024,11.06791387335471,1.5631692424508996,1
84.66193925656012,0.2095804608478915,9.199945676252668,-0.7277310136037906,1
70.78922690822728,-1.0410759905102251,4.213235315412308,-0.15977666717823236,1
73.35908759406892,5.461593971635537,10.272050733327784,-0.0029192176200086755,1
68.49397987497461,5.05815128275578,11.375777546057034,0.057914572850350676,1
68.7838436489222,-0.2809937094891063,10.817228332940449,-5.455654719972179,1
68.64331714039305,4.3503132912354845,8.988973798655588,0.1313843997051333,1
79.43871982914459,0.32254988563891107,8.009720322141659,0.21196620557869783,1
68.63567036975391,-4.821600154857853,10.990692111028176,-0.21312611796580494,1
73.1921266217317,0.12421117523229656,2.7837441984480584,0.8376599419237686,1
70.5545214609207,0.2594476443173428,9.04756960724779,-5.32208642671688,1
68.0963693724358,3.6698093046684788,12.868962656642818,-0.7520909975723223,1
58.48166111403208,0.14867138118344853,10.04485020315615,0.6989883501694982,1
68.35669267203706,-0.39805325899751803,16.029275010686483,0.5772813751977188,1
58.55057766101545,-0.09786073060900741,7.627710534651923,-0.7109194352263518,1
59.906101735508656,-0.5835048452393983,9.562080443968206,1.3328247026993514,1
68.78467523384714,0.5554625319825595,10.143611603196819,-5.488468721388676,1
71.25059565243869,-0.3440195348780009,4.436759242661948,0.5435376730304209,1
69.44039275506547,-0.02268311586657433,6.643533034970813,-0.5419918133337424,1
69.79946583071833,5.3533391966100545,9.216343593304126,-0.7443629057879888,1
68.69373502293274,0.4519787523781529,10.692881821562759,-6.142529790241329,1
70.92024083814584,-3.1652667294604186,10.653282953811063,-0.5084472564042897,1
70.27798759423851,-0.11648624262221284,9.79438972746358,-4.17588069243657,1
70.74815310147162,0.25485057921094423,2.80961602624137,0.5125062563531352,1
58.741766851257466,0.6924381919807469,12.457226740974743,0.16888737669462256,1
71.34064636581782,2.605888116701318,11.198876904914924,-0.6544639231732109,1
68.52676806391983,0.42589458915455547,10.375568523112339,-7.187295753913653,1
66.51154680265773,0.02840479933614778,16.420653858411374,0.6266639502561762,1
72.45113624260816,-0.43766087922322655,16.81551065780755,-0.3349141622988575,1
70.4597469995775,-0.45979288945340296,9.212117123137375,-2.974740621720888,1
79.91819053716601,0.7162464150039224,12.162141865832748,-1.3188129082522817,1
67.96104554368308,-5.861720674150855,8.244077801265306,-0.05896306726667566,1
67.29284442804783,-0.9947098550683292,13.518667001413654,-1.1452695160406263,1
71.16164982605628,-0.5292788301204387,10.01479645762785,5.613023437752142,1
72.3807096858042,0.017115014206635523,9.420962755860948,5.936273916436147,1
68.40215165121975,5.387400407093084,9.365023733428767,1.5381740665799049,1
70.33919371793648,-0.09435220808839596,16.86335595216178,0.19109555894399388,1
79.18997134833927,0.6115601761942034,8.984616881036079,-0.5586388882682487,1
59.28729420592288,0.10461848446648753,11.3697025816311,2.0606135762960514,1
65.80785853009478,0.3637103929558596,9.447896748785896,4.8366492655049225,1
67.36637159509058,-1.1451692361294192,7.031022188455982,0.030924600808797054,1
66.79885616086585,-3.715772809723079,10.215840873275553,0.14273526330818462,1
59.25256694311812,0.43634930725845805,8.615860405390164,-1.69577143700341,1
70.10548031207792,0.1810102970998482,3.835061300135541,-0.5841537129124953,1
67.2514112390415,-0.6488628064432814,9.803618347768511,-4.0518363202854815,1
68.5520380963061,3.527926574272108,9.687494349236557,1.5932856189668512,1
70.46499781409315,-0.2591333250380278,8.626083197731726,-5.935594540962531,1
70.49655425055472,0.10402963474020331,3.318785739052478,0.43034997317567153,1
68.9374288845973,0.37266263456338095,19.1450862108321,0.546431736886911,1
78.88195127690179,-0.2243550218622825,11.304131300340337,0.5599144811396242,1
68.83492903748729,0.7011320482748027,13.960462180546655,-1.147949759034355,1
69.08137568364285,4.090940780648254,9.275075503679517,0.1660112897066328,1
71.68212431505725,4.5457360983107025,10.469149932045427,-0.6781017656175211,1
70.10702958599384,-4.92583893568254,11.344108382121913,0.796870750715034,1
55.54237934269949,-0.06130859030725994,9.448573470686535,0.16803954238397684,1
73.26692730386121,-5.293853625742341,10.10542108837359,1.4110718316883195,1
72.03441312453934,-0.16589006703479642,13.780477584229367,0.010418320253158607,1
69.32957809827832,-0.9129669714669093,0.17736206440437385,-0.44302045509201904,1
67.20057476280272,0.27347128786104624,10.499128059188173,-4.551240947033608,1
71.15555574710775,3.9629810127138994,7.643022616092811,-0.6929833297201211,1
57.6043657857269,-0.6059007946684395,10.89881532436013,0.27007850784480075,1
72.89098565732868,0.2158894905888791,3.9135365169934886,-0.45862861107375513,1
71.27557658552631,0.3505247792956653,2.901893724181871,0.5652156094102644,1
80.73947861778458,0.2863234204967786,8.599800339937246,-0.7155246426508086,1
76.46842364899187,-0.10475562235720869,9.543615096433582,-0.4824586404228566,1
83.68804526494887,-0.4973035854343547,10.911317554733738,-0.9307554637341666,1
81.35466983902761,0.4623003193163138,9.799197235015171,-0.36072660425376823,1
74.16454571855404,-0.7244176494017502,10.793160337830132,-8.207337563685531,1
80.20234377522344,-0.23124446379379984,8.758137288080277,-0.8690653155442782,1
71.48455812497487,-4.8014394095934305,10.031014606173168,1.0350645039701116,1
70.44605357134114,0.544178030996213,10.08611952263521,-5.4643175236826815,1
67.84625044682576,0.04297546497751857,9.491309108756775,-3.6139950137859453,1
71.50131594476845,-2.878553287546847,11.72618361483135,0.4594505271762488,1
69.88422935399522,-0.6057404801979601,8.818263062386002,-7.038642773796176,1
67.33152038922752,-0.7855960305032392,16.22991088886343,0.6114523461854949,1
72.76598161995774,0.2114525592489913,10.124945449738115,-4.788660366212345,1
69.27869765501053,-0.3796142527849233,11.430640091072263,-4.192152912204753,1
69.13088536138869,-0.05827358887414449,10.664671041540673,-5.066108952648163,1
81.59929960941194,0.2497642786732088,10.605558616120334,0.35257010908940106,1
70.08224080888894,0.03225554410253142,4.690926115906596,1.1659814631016583,1
71.5816595700334,-4.882512760228572,9.906753072186744,-1.2139371399767689,1
66.82568800636506,-0.11534442421804228,9.538416102113576,-5.143249248949059,1
56.887803309283115,-0.6246313530918065,11.634357894305408,-0.07931477172638417,1
68.73539683254332,-0.4239291584578901,14.63637660898022,0.2165293100968748,1
69.70986752939767,-0.2174061255451929,5.250091890744734,0.28209789884660874,1
70.1378228358003,0.6403264176384785,10.163381882514381,4.175776086556462,1
67.62735571309182,-4.709484419166196,10.421956049131332,0.1881464070410717,1
66.98076020505064,0.8916002031892365,14.384103537742273,0.43439715445745375,1
71.19427537000986,-0.6074963277051728,8.874857647306003,-5.046960612021299,1
78.54541041429358,-0.6943473516608222,8.334697490032362,-0.003983900993880494,1
69.12728661782948,0.15686297358735338,14.642792800190051,0.8707775114084081,1
81.60908462722475,0.41999007974847363,9.362238745454,0.1352232432659051,1
83.22402749534774,0.23694090658305966,9.1215473155034,-1.693324143223112,1
78.30545075514115,0.8335294092789761,10.46853167774787,-0.32734188614865944,1
74.9190435175242,5.343961929292458,11.391131307016463,0.9259875641850677,1
71.36852874262823,0.6623493663239599,4.958876472797321,0.4746960611971141,1
73.26332257176037,-0.0495268829523088,10.601655085451902,7.1844602342013175,1
68.51390384440289,0.314102998629349,18.687687692034707,-0.11428445881404088,1
68.16389552617838,5.06921300629312,10.075109605440934,-0.014909349627448457,1
68.158365261491,-1.0267607247870174,10.224276820449555,-5.016397444677753,1
69.97763630506569,-5.263740871386634,12.85128875051065,-0.663527806967298,1
69.3149069417027,-3.112193382341168,9.658390912137168,0.4983637935836822,1
73.13551377754845,0.25404197165935627,3.309213676532332,-0.9673209262408676,1
70.80896718358574,-3.0517544004540613,8.800543999506493,0.12235923822980493,1
53.56641572349221,0.2188424087325411,11.009098207991748,-0.05638650153331365,1
68.89374940483808,0.46989098466993795,8.65878040959771,5.577723865757973,1
72.08003322552254,-0.40656146263511284,8.715261086996431,4.826258921996621,1
70.80820250967128,6.123241708934222,9.642807298835054,1.5421872124350302,1
69.11173045340423,-0.023505373490300664,3.1931011793096973,-0.8065923660846217,1
70.86589348433458,0.8716844853724494,11.218751009496252,3.948323890676434,1
71.69569257500285,6.230190802808671,10.289297028984873,-0.42674183487493367,1
71.08489012430242,-0.4734069558753409,15.29091956779313,1.4446185171931125,1
68.91283437744022,-0.22142190095255646,4.723658529413804,-0.490288542410235,1
66.97949337298843,-4.298196271697027,8.886592401779325,-0.5650948113511827,1
69.6826772998204,2.99792256005339,10.494892035931874,1.4359198065696672,1
67.94131774375883,0.7268618043531564,9.834398734403212,-6.779860529397543,1
69.10687521602273,3.923140404718786,10.209165052409494,-0.2727587475126116,1
58.68296997761982,-0.15237810105286798,9.293085239905404,-1.4088618878985129,1
67.32385091825356,-4.520220689119099,8.8025374320881,1.000158108303763,1
73.04928122773714,-0.5264802030564149,10.131893335513578,-3.385022182140146,1
71.40192242085492,-0.0017825943727836655,16.730373436132652,-0.33109147742533834,1
72.8624502989048,0.5611704619822767,5.935478479548973,0.45963404485623754,1
81.42731923298557,-0.698742303362276,11.548917311321723,-0.8624311544797401,1
70.78288251103815,-4.351173552516882,9.816231443291425,-0.48563170332354205,1
81.61309174245396,0.4320567308230062,10.141688905746179,1.0744139445783012,1
69.57555705206745,3.025650311893541,9.815208526387137,0.3228651391943316,1
81.43867100903637,-0.039835442079178475,10.154018806836334,-0.8934041276869351,1
70.43922047196284,-0.6885195456814647,14.830831542470866,-0.6867031909531512,1
71.0618883884216,0.3034609584781813,9.83389503678444,-7.127760339528593,1
66.55701645514004,0.08980192784031503,10.549403785159235,-4.181504104920057,1
82.41184447588137,0.13796410540909984,11.097270179749039,-0.20788234415777201,1
69.64038365961014,-0.23752059086342753,9.134963775061717,-7.163412077366252,1
69.00692689315218,3.9632940793574716,9.012027733386681,-1.0368491299042855,1
70.26509770000877,-4.466725869010064,9.653713894658615,-0.5329705306841985,1
70.72535246455354,-0.1286633412451013,13.769705516237522,-0.317844017990698,1
68.45835250676733,-2.191532909165865,10.553425073366284,-0.45621132082794935,1
70.12796715197925,0.9514815031570906,14.713275738990486,0.9134092903063605,1
68.58641959709013,-1.1248379169922909,17.832761660044213,0.8816361043322763,1
68.61471657230346,0.20034970147897474,3.769233432542915,-0.681515008881633,1
70.88134955660404,0.582060664241808,13.582225101607673,-1.6438208819353037,1
70.52215681471569,-0.23458575590212433,5.574106463838444,-2.0625761455353304,1
69.40133609682552,-4.7979701065544855,11.419223273658949,-0.8052490832717472,1
67.94225752307504,0.4632144223243169,6.4090290456389996,0.9541839095669444,1
70.10032721038064,5.289938273479828,9.026653263446981,0.7165905262109048,1
68.67893353835576,3.1235704175529615,9.569553057912808,-0.0821226940040301,1
54.3840498774607,-0.442006378829984,10.038688471087504,-1.095657818184558,1
70.3562344906616,-4.2997585836036585,9.731575995527436,1.1089354402422413,1
68.88665576767683,0.14261357056109206,9.973475656913271,-5.239268761765719,1
68.86403924373019,-0.5534519876686772,4.201546634482436,0.5854093324797897,1
86.15622000113498,-0.30550972477946514,8.415434580935322,1.1718214329014556,1
70.30890876908133,-0.46767722453402666,9.806721228798411,-4.5153848386868,1
68.27154712344218,-4.886846094773131,9.357501668791917,0.16784134835859968,1
71.75253384840556,0.7209463898168991,14.422048376155306,-0.63110550594993,1
72.2215996734075,-0.8337298982395352,10.008362579789681,5.69427606109561,1
69.6033205501054,-3.5741051892947886,10.6586553034071,-0.621781874186393,1
80.70705107654109,-0.5755175930176404,11.69376193229225,0.03857971124191198,1
70.37653863966003,0.38958060483415885,9.649095869787567,7.264152434847167,1
67.58876426446233,0.2850518511293843,9.408477352784239,-5.623736123164905,1
78.3091948633366,0.2580713771244105,8.73155239544955,-1.266262688875445,1
57.99597146752317,-0.57307019823765,10.344044186574394,-0.1791048360104272,1
71.40392323486975,-1.1771628976380213,16.561918393977972,-0.35969298763480595,1
67.1837815158211,0.3938170543093754,18.684189759476176,0.00023551213432714815,1
58.366758117204625,0.4893651111743952,9.858987097144425,1.666159961151577,1
71.8810474763244,2.9651807841767885,12.177830140952764,-1.4862960347129004,1
68.03001476038536,0.9786305579983501,16.364628858552948,-1.1063836696223102,1
68.2823553786607,5.74575071673912,11.038026289596452,0.9504950328739765,1
73.39337630395667,0.412965443512755,9.41021497245427,6.292716582558664,1
58.06468944575849,0.12357732575661177,10.231671466781949,0.1974959677968435,1
68.89386319615355,0.13475690831273548,8.655201575391544,-4.8303735501558105,1
68.36289087742509,-5.058188377619712,10.057483743101141,1.3287114803910358,1
69.176094624602,-4.89271655289273,11.900584751862516,0.18185174326222908,1
67.561400659369,-2.760005381829097,9.662660107514437,-0.19889101830859096,1
68.52209412014905,-0.46237397036532035,14.359465386034065,1.278161167580734,1
70.03569341370581,-0.1578653433284795,10.187585604880805,-3.458099423140722,1
69.97686105727811,3.860466822340718,9.729297360749564,0.6130465587071083,1
69.94412896591442,-0.7962577943096439,10.13521932842794,-3.601343826700423,1
68.05513775222195,0.19341010417718174,2.3047271069459114,0.22352260733927123,1
72.1929599611067,3.498756560328796,9.362593853657787,1.5219625969152024,1
70.96031837621197,0.4573106232553666,10.49259466833866,5.785636136822815,1
69.2143472456434,-0.5634944130932049,18.291387559626934,-0.5888047147334206,1
71.08939506782191,-1.272518377363816,17.4701306206071,-0.8554388652061493,1
71.68136886565475,-0.6687367419356143,4.819027658401838,0.5713723806698118,1
70.95078778470123,-0.9980459539398421,11.743556372140834,-6.9287523363085,1
68.01021180901881,0.2739153238571444,12.003117085192953,-6.620853679729467,1
68.35255905898127,0.2222262922127397,9.612346885710613,-4.08308011475394,1
56.72232091342331,0.5150010543170256,10.45503005643856,1.3371534230095432,1
57.11847647397704,-0.6967895044358197,11.868927137977334,0.4498177331299451,1
67.41530639447492,0.47929467136517023,16.345017165656486,1.0698234960353266,1
68.81834687605203,-0.4328955191304057,2.602620278535154,1.9834542520147036,1
71.97838866094442,-5.775603240696701,11.486586909848636,0.2415489808461127,1
61.54938122218016,0.12084723693255828,11.634054740146968,-0.0037803281150096944,1
71.05228687346471,2.6247615814984697,10.020623204771418,-0.7578429263880918,1
73.18684296838178,-1.3756536947908196,10.396220821069967,5.699379219130587,1
70.37633038344556,-0.39128186926026104,9.226103519132531,5.71984974119951,1
72.11912974411901,-0.27703358215053964,10.09074491894526,5.190362066264748,1
69.40188062496907,-0.7987737993641235,14.92287501007393,0.6291508239794696,1
69.90719462345959,3.9430462856216555,9.627074222792302,0.3064582490011376,1
72.8503840150351,0.07539121785593507,4.682973606803584,0.5262425170898868,1
83.65989706079377,-0.6482616725274984,10.410711862954408,0.771696920916539,1
69.59559448182065,0.5638052812800072,2.4039170998740893,0.9887909914595387,1
80.59296986472177,0.4677689726938926,10.090384479291433,0.33617743298343244,1
67.81982112792109,0.05306512892212247,5.037320714679994,1.0126568567204701,1
71.09020294789872,0.4789477418961929,6.48585783927706,-1.1268265775608926,1
69.92666584005778,0.08987650422184118,3.9592857391251055,-0.9797622565034507,1
70.47272588343651,-5.172003750194129,10.143252380032617,0.74352028683462,1
66.09525117400294,0.5888011176567123,10.752700692768483,-5.2984791881229985,1
70.69530616612097,4.4448925028963835,9.939608529878214,-0.0938209606296498,1
69.47087171340226,-2.8520515932019386,9.23716423318358,0.34349103473984194,1
68.00459398652575,-0.5855346373164423,16.152549578668037,0.07530438109478087,1
56.46207920059166,-0.5668713611403264,9.58833582661106,-1.1574648216331276,1
68.24469024064379,0.7947657404147215,11.43307117965014,-6.94942216122436,1
70.0620840251217,-0.312495971476271,1.3278312652228124,-0.4525613689541841,1
65.12967886133214,-0.25209671895779867,4.838095660056512,0.9186577407553657,1
70.7109854894609,3.336383657079185,9.949198804453074,0.7880178813223029,1
69.55775399705226,5.504173415273204,9.237092408649701,-1.5174271323669801,1
73.8386056863343,-3.653210298256086,10.877486173725249,-1.0997855417729008,1
72.44289042601812,0.8954721886075243,16.043344653652262,2.334386991221818,1
56.33256252270998,0.19760145209658556,10.694929197368506,-0.5048881494523864,1
58.60903727400605,0.12732071369771772,10.798953549837822,0.24790184428300185,1
80.09079785283475,-0.2021091545325075,13.964967105113125,0.9747932472063111,1
69.10537996107821,-0.37092932718537286,13.36552042552429,0.3542226723333593,1
68.09392146268661,0.9274825576591836,4.543194557650141,0.6986439933252766,1
82.05073477365342,0.9169337327607283,10.845283166873534,-0.8420392759380836,1
69.71097420544838,0.1938466319184706,8.801043764648284,-4.948391513093175,1
64.76665856335981,-0.4104467881060757,10.972559471189745,-0.08737036118429192,1
70.81268920320281,-3.931895505850108,10.158854854960863,-0.39060772345096256,1
70.48327981193997,3.68213897093092,10.348279442693865,-0.6966510087711177,1
71.32915198977221,-0.5566024312345482,9.586923125220018,-5.589608124531611,1
65.8364864017675,-0.5134552350629367,10.075535256580524,5.742541836099617,1
68.51122828271072,3.8733140744560086,12.14324361780552,-0.9080553262628968,1
67.90703189894046,-3.3145126957775823,9.830992703462702,-0.4491065514411872,1
71.34694391033904,-0.20527969971789678,9.377632293719731,-3.973337932987875,1
65.56114110752249,3.592645709605557,10.56970598190318,0.5856517037994274,1
53.82038902267824,1.445173124551547,11.348641699684181,-0.9562134367187938,1
74.1592862729292,-4.492114063577499,8.538619761685908,0.8557766062632146,1
86.09429813601898,1.0374788066479042,10.066562589150132,0.11681631782932177,1
69.57890146466605,1.239052844741321,7.749844874641202,5.4477718553467565,1
81.01193456036043,0.20849650753179974,8.385022199596122,-0.021728893841638716,1
70.25168793715747,0.2127698020691906,14.649590570079202,0.7219766305902079,1
70.47065403621407,5.81278940517665,7.75639488647098,-0.35225696690289987,1
68.2207177412198,0.632115581208799,11.170056100107423,-4.805384345035228,1
69.64469691660855,-0.13804579221060848,8.74750170672851,-7.858555191996762,1
82.73636698865022,-1.0334909201319333,10.61438533819122,-1.5335191160890824,1
67.34953199488932,0.07528497911549317,2.4334839215762862,-0.7509073517807187,1
84.07940896286394,0.0894029253850567,9.192977297129145,1.1872245392245833,1
69.67639115309987,-0.6356735869247442,15.530352723488484,-0.3163905040314603,1
59.626931270179966,0.9079691596418409,9.702400479908881,-1.9929617707813394,1
67.52675712945452,4.17431338722954,11.85977034360452,-1.3503102147653876,1
82.21879284010072,-0.40584603325366997,10.264700806938361,1.1518186931644547,1
72.22423696059369,-0.6344810136121266,16.182549538853884,0.6370876329326213,1
67.85606376427906,0.5033361772229318,2.005568738390382,-0.26661117077154506,1
68.81533613656342,-4.62876023990823,9.944713084623256,-0.010331343033623904,1
70.03905180619653,4.624146336851485,8.898601307165405,0.3695877529576065,1
68.4245555392291,-0.8580113740924116,14.987664764175866,0.07749079124901083,1
69.3582442692376,0.8850266074036491,10.524872282077334,7.838793698333232,1
69.58723433224503,0.1751824255522505,9.581811100059024,5.385181307628039,1
68.72784867442802,-0.7185213409242825,14.621986634181308,-0.2756689153839588,1
70.83312531436658,-0.0460510449417979,9.386292603345947,5.76118615895837,1
67.70049649669104,-1.30375826808261,10.600381675921415,-5.795908924157923,1
82.98115615176914,-0.6727167726689288,9.1972359096219,0.3302744913548726,1
70.17867044955055,-0.18797618841715164,16.6466820016791,0.8909582064065344,1
67.48287849571089,0.24641089350200515,10.124820478597147,-4.419877765904012,1
68.59567443428408,5.829978004152515,10.768368311535404,1.3888887766685922,1
63.59428891329453,0.4194317586537292,8.707559926277762,-0.5318033673149366,1
71.4993448385633,0.4806335194831095,4.8825081253727145,-1.4150099105717564,1
67.961649485429,4.373367869530918,11.34145385841095,0.3399152667837173,1
81.52607545451927,-0.2524702175120087,11.87109819553635,-1.5111539719086051,1
70.55685412099052,6.010106043537796,11.90865321123865,0.048062852543067906,1
69.97261286715187,-0.4844970050166195,10.74072308887057,3.764476302142358,1
69.26407266929921,0.3539299830382231,3.1036287084494987,-0.5012869184052063,1
80.82231253839188,-0.3547936676141368,11.427906217375394,-1.4576393224635187,1
69.37238714914263,4.876321209214589,9.662323811555149,0.47182899652432575,1
83.25810022207831,0.4774779387359497,9.54543732481923,-1.4387198636878353,1
70.62267249692545,5.459678218167896,12.717379144125296,0.5957954410195703,1
66.28034247124697,4.298465166534634,9.491822626039331,-0.7805586189769231,1
82.47955665593481,-0.25367473316580635,9.393129031655924,0.279820649755166,1
69.51848198495726,0.48695248474101327,1.3825780535109473,0.3663681302228818,1
73.0323710271842,0.4304289309763424,2.3721253215335345,-0.39794554416071737,1
78.22794704155999,0.13199032068955902,11.184858237658794,0.4353339754487327,1
69.04575673131242,-0.18269398537667828,16.605127646741117,0.3538731737591973,1
67.03338039212287,4.895134180024898,10.059774220538426,1.3926341112143712,1
69.69944745044212,0.5373034057096054,8.972477844654891,-4.32033210828264,1
68.51988006460921,0.7135032476717792,3.2968202034798537,1.4166226086067923,1
70.5826464164876,0.8394328119451413,3.230941942295102,-0.2700279318181306,1
70.38821951207912,-0.29427442824941424,10.046329651256952,6.348346074669804,1
54.75444934914831,0.09969002477968857,9.709483858787161,-0.6322277373624176,1
68.13548431982143,-0.31142501855752736,6.983609837397086,-0.043720465038902284,1
68.6173101111838,-0.4367818551982287,16.03890061290952,-1.0578463207427986,1
60.76018525223798,-0.6665071195211456,9.605272742193176,-0.8640534210877301,1
67.6901362196082,0.11656939209410525,14.700355851262517,0.21775115187754054,1
69.27516179102501,0.4660417298355899,9.31274886622948,5.660199501516299,1
72.30071809248737,0.8091622094537946,13.669749075814588,-0.47328718881947096,1
67.31110102354988,0.0593513149124936,3.8572315939931094,-0.6580995830576972,1
73.38402829445565,0.24182291918956658,11.454605491282994,5.145185109407287,1
81.45156344161786,-0.5068656466115682,10.120469030804301,1.3127002994179062,1
70.92050567091083,0.026494020882322892,15.447555955189786,0.6279824418503817,1
55.02392001121919,1.3898960824123772,9.438075644631356,-0.8109489070858995,1
55.53544975231386,-0.2723857018341193,7.0878335513044455,-1.1305555941184333,1
67.62019430332327,0.6111445340584877,4.648600093799118,0.2054966354714412,1
70.64905681174915,0.11910014673584547,9.131225611944508,-5.2907407952362355,1
69.99119347692334,-1.1864561692608688,8.287243549776836,6.07557165771592,1
67.00603107390079,-0.20727382325765664,10.53571034450679,6.922912779342349,1
70.95903467198832,-0.1654506675559249,9.995574282980066,-6.756379281498779,1
67.1704378284196,0.2538249543093368,9.599738113436796,5.884450293892562,1
67.97806937487965,3.6883501418032965,9.243477929455917,0.7697438182912707,1
54.20633142464003,0.07535647320807339,9.229385164331696,-0.15141483756608132,1
71.16375817181783,-4.695810093599377,10.028373766073816,-1.100739486825116,1
81.33127177113533,-0.6660634236300156,9.572013204123978,0.8665665991662659,1
66.44562262501087,4.728032888694765,10.767732670966414,-0.3232995461280447,1
58.85535034659888,-0.12041574974980392,10.643054229080379,-0.12089292281208336,1
69.33455344536291,-0.3192510031815938,9.07414626170377,6.5308046031073985,1
69.65220570269958,-5.773665698729843,10.893738526659936,1.3839807748422048,1
70.25809918687305,0.8059179630593163,10.886225208340816,-6.222470222949637,1
67.61155607543621,0.2848185482869217,10.44134505323428,-6.651434557088724,1
72.49689543746032,3.5686488652688007,11.006857799118098,1.3895844592551185,1
53.06619789490438,-0.45224406605603384,8.265827296151564,-0.41779284544201317,1
67.3459797167824,0.5192603530124177,14.435815680267437,1.872923526262077,1
69.6101073238733,-0.30041843450106337,17.358590509444216,-0.6436414983777123,1
75.05446157298726,-0.1162580134787375,9.43374947087696,-1.0942728167717142,1
71.13498004059737,-0.1528326926983519,11.490581732279049,-4.429597756602234,1
82.94824339437413,-0.32466463201027873,10.836378581093122,-1.0918559008584532,1
73.06060366531895,-0.9021097779355588,5.793201866607056,1.190059943520572,1
55.5357844856898,0.6062488303069105,10.282107803627982,0.6705146500091144,1
62.47487071859389,0.2788875766238563,10.264655205495131,0.765588803397101,1
71.44792220486013,-0.34661911142301666,9.442478688124709,-4.507494424044689,1
59.51071238190259,-0.03981354840959554,9.523623292986922,0.040454521698459235,1
71.6761607222374,0.5359079921784318,11.045395386320337,6.08070621068398,1
80.98097789956459,-0.24228587402368615,10.46924210331183,0.25103185561741537,1
67.28675593662504,-0.2730795058258219,10.793222991371902,-3.654706169913828,1
68.72487522159638,4.67537924711479,9.520919269504791,0.7129220348123825,1
57.027771705807396,-0.11044366254017329,11.548150597358925,0.29327121999025274,1
79.1761468947995,0.7185991675617956,10.370516120602183,-0.9949007952173337,1
69.45809629099965,5.480007499841899,9.741024012209756,-0.3357337231379762,1
56.12474519019297,-0.2639334393208763,9.083618622468032,0.7445839502642851,1
68.03822593656086,-6.15010587587011,10.804035280989774,0.043612617290769505,1
71.3813506813396,6.012383513871213,11.314511069306604,-0.750710180445046,1
70.31306913905101,-0.26387899590544134,10.986718080202698,-4.972014906847564,1
68.92236312212461,0.2985607522900243,11.99632299198197,-4.491801170526125,1
66.77548454134822,-0.2355009855167202,6.288816664066051,-0.46174708164274786,1
66.0520302467336,0.3300816232192323,15.158581850808078,0.29822163699531656,1
68.99436060789536,0.24399546128513014,2.1583711413239257,-0.6849045927806047,1
59.21562711601538,1.027850044327307,10.05432023048687,-0.4549197476496225,1
66.68514722483711,0.9090977597620689,1.27794714804957,-0.45678764480684375,1
71.42013072656316,-0.9302546744799391,13.209366811030513,0.2668236145062894,1
69.59036331574842,-0.3102595093506164,9.33545010148567,-5.901681089530076,1
71.36868470060148,0.17087616506306513,15.267946757489266,-0.321362775884495,1
69.92292879753906,0.9098165122403323,10.095472757447375,3.4991347955997196,1
68.83756603739437,0.25560656541842436,10.041809248678906,4.4936576504528,1
70.17205140334326,-0.05354480626321233,9.839507625071937,6.706300565568618,1
71.57144653322646,-4.273357482312074,9.27666250298209,0.10129711451804778,1
68.17101195142644,-0.25191313455156844,18.412683728110146,-1.1318991271462535,1
71.24424369802729,-0.23774391791176505,10.33648450458631,-5.199516212884625,1
73.15564389913024,-0.5969557951091098,15.57236718842205,-0.6437712207355357,1
71.38675237387073,5.016149003693018,10.987718266051047,-0.04559189252615178,1
67.80799437109053,5.50938480885313,10.243573761009191,-1.0410012104777298,1
70.67232191063209,-0.48845518972456053,18.166473812692402,0.256548588383633,1
66.78353070984286,0.6466726639510758,9.031309184383806,6.167462720860404,1
71.51925014434607,0.5217878372825715,9.419632024892577,-4.756135274173893,1
69.30863971809362,1.4913667451940675,4.230512289835531,0.08344944893320862,1
71.88416265110521,-0.13160755016680242,3.663484387185429,-1.0231971853943473,1
69.46572446164551,-0.7967551132396905,10.830078101506539,5.661449532506666,1
73.17136637480424,5.285387446264282,8.615217110760963,0.16578681076407575,1
68.20273022114002,0.18106336538721135,11.409616830569057,4.729145133316563,1
67.33244950268971,3.2218391979751497,11.318972422234951,-0.9991227711041155,1
60.14146688625293,0.18232332304962265,10.068726473666011,0.7506093505384106,1
71.37773564253564,0.6494491449325233,11.21973671192895,-4.6602975530588555,1
70.34605942427234,-2.8925903166449,10.053729656836564,-0.2575871391946435,1
69.9726282648558,-5.0154633113393725,10.428417546762509,-1.427665203670541,1
65.04635987573741,-0.5451601803084528,9.603625978739922,-6.361867335635181,1
69.26436678156074,-0.26830685832687784,15.211056418861503,0.6289812346059126,1
72.00228900714849,0.3191924126690392,5.943251474462963,1.2668554742945095,1
71.0114106522388,-0.2999010478715429,8.159232326801682,4.570687051351009,1
70.34059939358895,-0.44832394767671085,12.003316810252795,-3.4980662996283036,1
68.984715635612,0.3490631309493321,16.109920066057256,1.1277200055927261,1
64.64815899272917,0.8467731232694591,10.937103768464443,-5.57898452693321,1
67.29372269916885,-0.2228828919586752,9.050377529925964,-3.8613793169410067,1
70.73944924821893,-4.534036378120923,11.019245099921065,0.4165029594423123,1
65.19817066164973,-0.47688909888100883,6.013859803143253,-0.9206564408777412,1
66.82892057822424,-0.34816179805200276,11.121395178210024,6.012411731523229,1
79.20400909110039,0.29272067343904273,9.652393197877826,0.7060526574696345,1
75.13412637173622,0.1210246632634164,9.340956244527652,0.42347376293383965,1
70.16070594090847,-4.596019841399406,8.872436151307348,-0.037192514300894555,1
61.97066313726767,0.5213553291363242,9.785501259257561,0.276210117971281,1
69.64510224212978,3.3574319265775507,11.602275543339283,0.02921218907383108,1
70.70314375808965,-0.060659909410931065,3.1789627409393173,0.9276387383009137,1
84.16974581217737,0.35785848702774326,9.559137132132294,0.2371350689627666,1
80.12037677916186,-0.46041087711544504,8.746502778088146,0.6745799552204047,1
70.65807770478345,3.5553598218971567,9.93946811613516,-0.26572516855832745,1
70.78015773547698,-5.083936656872609,8.283376959337364,1.4177915930081226,1
67.48851407879435,-5.124307655003361,10.316219671735533,0.016659179808382392,1
67.46946665740623,0.22581420265003999,5.060949293362778,0.8034124933389566,1
69.0832549477243,-0.00024136684722089228,14.098530896190859,-0.07067284115102695,1
59.65916708868539,-0.2342482379358087,12.70366237627914,-0.25646040405710124,1
68.46436451562025,-4.123487030682268,11.861043903644562,0.4449521197854354,1
71.00594744680032,0.2557186695235717,3.4371163981652835,0.8328891908188409,1
70.06588314315167,-4.694382070454168,8.659240604768478,-0.0372222135464609,1
73.13412273818136,-0.4668035203613481,16.03277194860145,0.718022776000965,1
74.27071802531387,3.7293362148759908,8.157162236484421,0.313570484894238,1
88.92372480924254,-0.04101041383607208,10.7248645672136,-0.3442254062198807,1
70.5748918498999,0.22167355757730642,9.029575102109215,-6.653018028446572,1
69.18545790704172,5.804534053480091,11.752486835335064,-0.2064433769023548,1
70.17595308212746,-6.3646055637202235,9.711849763391307,-0.8591625136305852,1
69.17205335236096,0.6793923166973278,17.161346988174614,1.569108971707513,1
68.80820197763394,-0.03553429370463288,10.959375652520269,4.206851864216378,1
70.06584235032084,-0.9762222748399104,10.205622675711684,-5.5516008614092325,1
78.99354377964448,-0.35707887283043316,11.298806737258804,-0.5042088146025917,1
68.1817675997763,-0.2543111090587135,10.236720613219328,-5.640596636484689,1
77.21696392724996,-0.30996211221478653,9.561385670617025,0.4562807384176538,1
67.44688918160264,-3.667156577023652,11.857098447075153,-0.2930413288968354,1
71.25004881272612,-5.318103255974719,10.14423316741719,-0.5681354554814776,1
72.49461791088726,-0.32794088896759277,15.022039872529025,0.13245984738316433,1
72.44315189165333,-3.6908535660615223,10.008591969811146,-0.510659431940149,1
55.57352743484004,1.2667818787655833,9.385260150925312,0.9182200354287853,1
81.24794537021532,-0.035257800029155295,9.454035293628275,-0.3630724842089166,1
68.3791223952705,0.13625296626543912,3.34399376483052,0.8331877561873876,1
67.74006523901382,-0.5073661645629773,18.16253179679056,-0.48338534342363754,1
60.48660243317112,-0.04050477483857501,8.540376143883522,-0.7949462053236102,1
69.88415593261003,-3.686580880611732,10.186294678753338,-0.7983632940309922,1
71.59903243681266,-3.793147812250699,8.609731911765811,-0.5636184910860229,1
66.66952813072983,0.5538496068846042,9.48086115247679,4.974845573006869,1
71.70968432635696,-5.798046422365129,9.391613165657228,1.0672163184629266,1
70.67768227548343,0.3379272074189034,2.15861002991518,0.5452193050757301,1
57.438649385584114,-0.5383218515957938,8.69363632357112,1.2053584921851765,1
72.91994613081808,-0.2073249805317944,17.255101288062306,0.09245582866082151,1
70.78207703759273,-4.741752824764481,10.513703997845951,0.8005512996890753,1
70.04226356847558,-2.1646611840393484,7.89546260694643,-0.1159255230336248,1
70.20085499017827,0.4533536256204687,8.68524315493032,-5.258463232114269,1
69.18072453013443,5.907672331396704,10.360729776134557,0.6006202078817678,1
59.95285182068059,-0.46278233339668323,10.671072412609622,1.3780972239284188,1
68.9879370081174,-5.101304522336088,10.282159608384056,0.11079909864115621,1
70.39520620364652,0.0679083101464796,15.052264632838888,-0.7377120992866891,1
72.50998414711438,0.2220851904347371,11.38636806099789,-5.058140410025599,1
72.92143367909786,3.352769678129505,8.903459035965575,-1.7244419013020413,1
58.78530086836977,-0.16190950695458886,10.759046204388062,-1.4527575869307583,1
59.446166943191784,-0.3089595989103894,10.389057303851503,0.1594945508436093,1
71.52304278364068,-0.26433294717154965,16.373102835170524,-1.291889227498939,1
74.91483887457264,-0.5631643217139156,3.1515688091832263,-1.089092805741536,1
71.09276470412487,-0.33741426191329227,9.491648908623873,5.306497033864425,1
71.10996736751937,4.271695486581281,8.343047110251558,-1.8147537845670056,1
71.49605277065983,0.3526600474179846,10.221844816935103,6.415506219424305,1
70.08365509441339,0.26459838863841356,10.027684385239487,6.796215951122925,1
71.11688325685735,0.07457048792575902,15.497830555600519,0.9454529117475936,1
68.96731510990294,-0.453579548293571,12.830498032834981,0.551259128895308,1
69.26207506064893,-3.8182738614503164,11.012999403603914,-0.4937888977171139,1
59.818009521089444,-0.426601508290053,9.609504652621732,0.17793332398534226,1
67.60915731535268,-3.0605374753323122,9.545425802416466,-0.0019115977896781108,1
68.90477370896707,-0.41086168551857705,10.052940873699573,7.873137127346921,1
69.1456737170954,-0.7850144088721003,11.56548417834842,7.577155932968612,1
86.12003174991288,-0.030855099198239352,9.478844494582944,-0.6646811065177289,1
69.0915165766472,-4.930845410497778,11.115829666461424,0.19526782028404877,1
71.44114570845838,3.6254347950549946,10.485393439116429,-0.040363222380751046,1
68.20209063410536,-5.060315798229518,9.771310566988253,0.877389624891646,1
80.0938106812064,-0.08932746174949335,10.159031536106307,-1.0809408991100353,1
69.06677595646639,0.33562583608370933,3.9768546686873387,-0.2478472459078998,1
69.95477735559886,0.13360717986698503,8.87788704525267,5.738250453008204,1
81.3595403843434,-0.33394024616112844,9.539267935363574,0.019881595316003586,1
72.85306676771461,0.20933308320193844,10.524299735341755,-8.414231300035606,1
70.77401742428363,3.5316536288733786,11.336712514153483,0.3386743123420377,1
70.51041794964713,4.298646905818738,8.889319800068247,1.2312543919920833,1
70.13825263288278,-4.468894689750984,8.23962486869402,0.20659487872864643,1
53.91814475402896,0.5271711349894322,8.670655206950206,0.1273523298483574,1
59.25726370566993,0.4558138730765312,9.92614426328413,-0.11295678656357633,1
58.64268304937666,0.3705518626793189,10.376026313838318,-0.6599931132467897,1
68.22354175141257,1.5008962216548907,1.6868018501530262,-0.060426675291645394,1
67.86946755904084,3.1626883383950615,9.500327822621575,-0.4316029145132088,1
71.13772883811912,0.19962668297371386,10.525541894789157,6.10365831396528,1
70.09842317452853,-4.111917030430046,10.399783642916805,0.06082004062632112,1
68.94691846810177,-0.242480562257516,15.949830633088354,0.13665455283517877,1
69.37616767585517,0.36611505847715786,10.01661183903206,5.619371110978873,1
72.20952692804845,0.40014270169465793,3.788036466098708,0.3117536741907819,1
69.54226163270629,-0.12471333229515946,5.484299684163499,0.523891520594573,1
71.9044730288971,0.11891323480531563,3.3427812742056577,0.31198262243484354,1
54.233849188438356,-0.5090733593863999,9.84246583640211,-1.4909516999938415,1
70.33068107362989,3.6188900789749865,10.759731955655782,-0.3953389634725213,1
57.683703685574336,-0.8697714050167696,10.410969881363345,-0.45371478972490586,1
70.30819509199303,-0.5716170163821106,16.20123064471095,-0.6964638536284291,1
70.95474580256526,0.13693577238567625,9.316279610731712,5.355504582957061,1
71.17619992510336,-3.7257386525279124,11.523179722076534,-0.1766984834457468,1
70.275288854865,0.17837013456639061,10.494995692123297,-5.3313998701974095,1
57.247624716631734,0.19345916477547384,10.247099791011264,-0.33152487928609486,1
68.78166076243515,-0.6372691567615701,10.856017793044582,-7.475782439414086,1
69.00695847835159,5.3435551540152355,9.834544152449306,0.11933019299327129,1
58.677480694733475,-0.46268876090170524,9.93317795044368,-1.5071266000876946,1
72.89292419220291,-0.20317246859894075,10.529916901869054,5.760296779500075,1
68.70720002134215,-2.3174665935297867,10.074655575488412,0.31790726806988984,1
58.850783066645825,-0.023824533282447546,11.232019224253735,-1.224478152564826,1
72.72500593211285,-0.36548690604359824,4.321360838003419,0.6909942722913713,1
82.74470507220043,0.5090341835010822,8.966132079963087,-0.012099273069492912,1
68.3964475134251,0.12130463007063103,10.456167147244852,-5.015483610808577,1
72.88308400403787,4.5000566869588585,8.66800585772517,1.3974028562558793,1
71.08568400674663,5.276584205976088,8.707345272559836,1.9347897648697214,1
69.92823906039324,-0.11631390824554837,10.692437386883242,7.259863352612263,1
74.7796272929745,0.027858772974574862,10.009148956826666,-4.799886362662472,1
73.11904454522862,0.48774418059059194,1.9684167564222133,0.38182165833931997,1
57.42138514494087,0.5204189190831957,10.336974402865392,-0.6927460571702865,1
58.80659764736332,0.9314371262625376,9.659094814244684,0.20724998025066027,1
68.9661592428221,-0.3289467800277712,10.137982959438459,-5.657290125810804,1
70.37681010297675,-0.043592445280698874,9.840133134470623,6.042099195802162,1
71.39510157365493,-0.3409142878950324,15.162951695729522,-0.7971860840297632,1
50.8972211285849,0.21806905648093117,10.040454600532742,1.4533099002731622,1
70.05264067873378,-0.042367892749102964,11.03867685790015,-5.558871306636099,1
68.46073428294791,-0.19340723595227713,4.441906370679286,0.5081848102215469,1
87.01905348079322,0.6660764294653987,8.77883618327814,0.3702058327971646,1
78.52628375292933,0.10764650717064497,10.696799732219535,-0.2977837959500137,1
68.6487015117084,0.5779430689460427,2.657638838608271,0.18534855162482,1
68.3269536195217,-0.6931710118601735,20.029986354156122,-0.17246530141149188,1
69.12480354140129,-5.279547417358563,10.037926083118862,-0.18296171464411548,1
70.00391298291237,0.025111573393897964,4.7724458745984775,-0.10445831770146306,1
71.37854965866633,-0.04365503336311521,9.633117100235571,6.198554296247511,1
70.59218528516664,1.6046887411005282,10.271026725155606,7.3035098371112195,1
69.66249891567054,-4.799732421156819,9.60836620130347,-1.813625983422523,1
71.10003211007152,-0.40033215645146136,1.8316124314687272,1.0330462632038016,1
67.21175454404401,-0.24310977653427926,9.97269371524101,-4.498249148444931,1
71.08157260057078,4.786187174940983,8.638784832605385,0.12642561624261056,1
71.90092110766199,0.01751638468420038,9.279504285327523,-7.180754993799885,1
69.21635076791321,-0.1570057658043466,9.796397984149039,3.2968364782868718,1
71.76487146815602,-5.651533686708669,9.93091778022025,0.6764822611303443,1
74.70307198286594,0.11543397925007122,9.26572778455917,4.121632233126503,1
59.50094514378018,-0.2970429617227444,9.845275242604865,-0.594835380537978,1
58.528971825666105,-1.4367514483332802,8.673281253705806,0.7965613049579446,1
66.89957331924694,-4.764367777454821,10.20686027197692,0.05929821035134996,1
60.291688094420024,0.03300279590980617,10.375676463114008,-1.3950333305182605,1
80.8892177878977,0.2219553109826686,10.341787112056377,0.13673154128488918,1
71.23369901368052,-1.2747516912769035,5.416144588105457,-1.1230163121028016,1
57.47441625259019,-0.019380178113806972,9.404287433186722,-0.901260780868735,1
68.33264368219227,-5.374327768298363,11.859275920464611,-0.2691072374881971,1
68.68904723775893,0.045444364456231276,10.35598279598565,5.866629262256678,1
53.4130160973415,0.040891952198465586,12.415998654574224,-0.2562401691177169,1
72.92178587528181,-0.9286258933299727,11.57649380447435,-6.063019320693392,1
73.42953369093426,-3.1286854338393404,9.468618577718848,-0.08194133314814071,1
70.01002919368297,-5.053265631022488,11.848459338339659,-0.1487021208418318,1
58.8555342111686,-0.5358787331813122,9.622495449121972,-1.4715399818158732,1
70.28006953273061,-0.762323748865476,4.05219215404828,0.2300218479011003,1
58.51304172482293,0.2871122928902095,9.715057549453205,1.5056012830776,1
55.73151383228864,-0.7920374641244373,8.503293360295885,-1.8502865789351297,1
72.13616186142184,-3.9921947442203183,9.100363782810721,0.5070455317620343,1
68.49397131600222,-5.714933914571809,10.732722644774894,-0.8542606151161407,1
71.09716501883874,0.6339490428059662,17.09680642673742,-0.6165775036195762,1
71.05303421165787,3.735843850737308,8.592488358478128,0.5367495288505031,1
81.29205245626773,0.3938830103991757,10.052838717165416,0.24276776394441224,1
81.14830534030811,0.5316825370350734,10.77548850690994,0.3678083652684491,1
82.28966884821892,-1.0874029960656568,9.808208204017333,-0.45846198036437324,1
85.56820308070876,0.4137245929436543,10.468743917740948,0.26520511314109285,1
69.0258594922117,4.235506148530917,10.696618459301968,1.1573484961055278,1
61.046105453610295,0.3176142002403356,9.612716980398947,-0.016992081558339513,1
68.44213593179754,0.5754077812023439,2.05768471990854,-0.38333124503609606,1
68.48554784845602,2.9212437343698148,8.688066313454383,0.07355119865547018,1
69.93313995450389,5.573913505910901,9.838519131504084,-0.2846311610413591,1
72.1482597462225,-0.12653009951476124,10.241465896010263,-5.923235235604575,1
72.1525251132971,-0.14597473029505678,9.575877543072497,7.0010597211865955,1
69.85388086802934,-0.29336188950027525,5.019526997300899,1.3780719886540624,1
74.76079238267643,-4.641683044130631,9.589551849140427,-0.9983042411890264,1
68.58219818840867,-3.1431016222848838,11.682127746393217,-0.8645683865778093,1
69.0067100704492,-0.5541633824273097,10.179700088724656,5.158220812903009,1
73.36858887511055,-0.09785157325761956,9.766176960171297,-3.290849038549455,1
72.76919547987866,-4.605656431654823,10.710426934126067,-0.8368115447799647,1
70.36366048914661,-0.1663520378881798,16.802885987130043,-0.430037746749498,1
68.77703993148316,3.738005109093672,10.894334385663695,1.081923809744926,1
58.24825760484403,-0.0908888546691558,12.004360838577263,-0.44413766452152476,1
68.71314689549082,-0.7926339953149321,5.037444478726492,-0.4069495882962074,1
61.81959050135452,0.042028772494483446,10.53762488940473,-0.010723896979894364,1
69.93558980535579,4.435111592741853,12.166563148027114,0.030720101866663574,1
70.71593731575042,0.5226781221403847,17.527276642259967,-0.979497273233333,1
71.49933564457349,4.6085090763530605,10.32088959700226,-0.2931488488236339,1
72.72604542047944,5.853378735151984,10.29654525248409,-1.0753012187607884,1
71.35741537306703,0.019744747200160274,15.224657323022935,0.0069791191535987715,1
55.554585352797034,0.3422442524301017,9.90251958536197,0.8904429569340181,1
69.18714328069494,0.7883842772822344,3.6066693079994643,-0.11846633816845414,1
73.0105348351121,0.9418791042974575,3.9491102783843957,-0.42769801765127896,1
71.55316712272345,0.26707863427613415,16.381928890816745,0.13944642330395335,1
72.59255646102787,0.46295477621425235,10.302347344697964,-5.451317834299166,1
70.80418027883785,0.31590598050329965,5.469530623270638,1.0034020706930293,1
72.87544828707675,5.148481686020409,9.51925957018268,-0.4415811445654194,1
67.96369538358906,0.009776174784022576,5.150239842194363,-0.49987211193729264,1
80.35073967117776,-0.21129368903832613,11.487544676063333,-0.7074694058003633,1
71.13318239346651,-0.4802380318571117,9.639676454715095,-6.177793737461826,1
71.88591730660062,-2.7908616948239815,9.809592584785197,-0.03057243922147032,1
70.79785496849685,-0.5844828229976492,14.505788571039819,-0.09058127274555496,1
73.82181791730986,0.43073204188595576,11.036909330575781,-5.7817687849459025,1
67.89711643996131,5.363070188257195,11.655092755981114,-0.3432981907056618,1
73.13540418328833,4.563526672902389,9.385777044024973,0.6533899577776691,1
62.882844849941854,0.20114394481186612,8.727857402639195,0.33624843043438074,1
70.1212547344851,-0.5607038549704673,16.36379079859522,-0.1536013833843226,1
86.4670092092294,0.2600470967469513,7.355197325708524,-0.6800240637039421,1
70.47910962218924,-0.07437245266404029,10.083944260535262,-6.1848194545149235,1
70.9448563029945,-4.996594017303022,9.197187627711438,-0.4371377007486091,1
69.70270210655367,-2.493990690041964,9.994475656195736,-0.42201388764495235,1
69.1710357446216,1.0587834378714034,9.900721653453036,4.406643744301944,1
67.22902221994275,-5.589282815773541,11.39212347160045,-0.5324647560219719,1
70.7247403228902,6.376825216423347,9.976210119969407,-1.6535747069301114,1
66.75716490110142,4.469354085294502,11.248773436327784,-0.2349651874797658,1
77.49997327502838,-0.24374747602475766,10.428046970250216,-2.0821993600460815,1
74.15825028193247,4.057731109311992,8.691871320313638,-0.4802368456401742,1
65.80889333363258,-0.9293297206871207,18.528500365237903,-1.5499213534642549,1
65.82035750407641,0.2504803399895091,14.021051710234087,-1.360269463102207,1
56.78051459271653,0.19643991811863432,10.779936101021459,-1.1635611063111957,1
69.68449734567545,0.35486677693110213,3.4620628581195163,-1.4966146575189994,1
58.55275321893948,-0.3150834306689057,10.004255305863778,1.0533727681173717,1
72.73258747069185,-0.19938164067025055,18.314457134134038,-1.0011070852746646,1
67.42135567712597,0.7417353506593319,8.400383075879423,5.401491548802674,1
80.97495945006138,0.42278974409415804,10.701210949800782,-0.014110488093086643,1
71.66431848715187,-0.6465462016428398,11.013476850351912,-6.1168734075841735,1
68.06413381314789,0.1059729244045409,11.11072959772831,-5.781650028399857,1
60.86882628145426,-0.028150382536884008,9.299730225988162,-0.027693005997662792,1
69.49271733211839,-4.802196255574122,9.851003839029396,0.5751944228103751,1
71.74181205925603,0.463102604469397,4.980192680797124,-0.21649852723375643,1
72.74206043981945,3.389502325681721,9.484903141378418,0.3297625905496867,1
70.59184813931637,-0.38165986199043755,4.5036160125606575,0.1910803896291411,1
70.06245076695618,6.232026492478322,10.936207896072496,0.380649194000755,1
69.57202734302821,-6.160412534238853,9.385835329120459,0.7261433532817081,1
72.00344783644167,6.040870766573062,9.615666753051402,0.05812497406859377,1
73.27518829989842,-0.34206677345243547,12.793605527899285,-0.5578346477854488,1
72.00761198670581,-4.029308824657636,11.209600280050433,-0.47654046437329206,1
61.793614063561435,-0.3701032966878577,9.057974040829269,0.31160830691672503,1
72.07623131529891,-4.440376575241295,10.129819925416905,1.2546182710797698,1
69.46982502937247,0.6245328282665521,14.586876237297199,0.9532815180131584,1
70.6849036782331,-0.42251895519956056,14.590448330704898,0.36014894557883165,1
67.87838072019106,0.25488583594985526,16.451336726609142,0.07942325989336325,1
70.12189002191437,-3.518961194344696,7.530137654596344,1.2549389242903535,1
72.36207765230837,0.13342192966461533,9.359822786718377,4.294083088493685,1
71.99007194308136,-3.6174541754077,10.168959145167275,-0.06450871442238099,1
68.72130725487193,0.32158808417326773,10.464038094140118,-5.240106704443106,1
73.16148119615843,0.11886234445644683,11.449199326266575,-4.443497277862555,1
68.8175826606072,4.625029318410721,9.905395174589557,0.19350073551626656,1
71.67326000334573,-5.314435172553594,9.826483913928646,-1.0031614583688735,1
67.58451037372916,-5.107513682235837,10.872256638764023,-1.1137505172557896,1
70.5678659126154,-0.6707320480863326,11.481642288908942,-3.0626411247233767,1
58.224405103117135,0.9465421135620733,10.326629652189686,0.07082102965336658,1
68.7515890212425,-4.389963511366952,9.795693350334647,0.8648297072746507,1
67.50641712107671,0.03530729134578788,7.105131306615316,-0.9058147807914882,1
71.79520451951208,-5.256273195992577,8.472132480833224,-0.14313500852001673,1
67.69026788737003,5.42198303436851,10.783967454993086,0.2170035394232416,1
68.23034013210993,-0.00908956145071111,14.005914401202594,-0.6346304395173871,1
71.54961347737813,-0.8441963164293035,8.74039606059756,3.991169812402827,1
76.62128908800398,-0.953632812272073,16.693453719087927,0.7972530773518934,1
67.52826946877701,0.12080260824424205,2.594030678241916,-0.03051253884353149,1
68.0240840563888,0.28558172986698943,12.404099831106068,0.4181248815817627,1
71.1043260099798,-0.08304654110473787,9.65040609340731,-5.629554743457252,1
64.01817012261472,-5.241440075828163,11.195984168924891,-0.7559205404431873,1
69.90354095174833,0.5358565010986907,10.660281689957124,4.227942728878249,1
71.93619913277846,0.10270378460219406,9.744272794861125,-7.3643764032076415,1
82.88912581585441,-1.1970975063374607,9.304584029216237,0.39666794751201906,1
69.26664546423069,-0.2105495031049311,1.914398997328794,-0.25837853755528245,1
72.03045817540541,0.5652099215551417,14.404270507370397,0.7709817196951754,1
70.21853410305023,-0.20319738522710898,7.8170802596899716,4.332599330625658,1
73.11359855373588,0.013515095946359993,8.489925899176162,5.678083463364874,1
58.32050200202707,0.1051580334166177,9.542445676886212,0.07618952737959606,1
71.33719016279785,0.12804008709123457,15.806485838114732,0.4596640793937657,1
68.90252659081982,0.08344205964861241,10.877441126305165,-5.415693342447383,1
82.18951148369993,0.6215702782520555,9.97133075268295,-0.010907195878106506,1
75.0689699201404,0.018674663831791716,10.613743729289455,0.08752794042561547,1
68.6874904407238,-0.5558191772925453,4.063929469016618,1.1610931832295872,1
70.30363697731178,4.109278601703528,9.365103636515514,-0.9903930125909968,1
69.73487041584131,0.5516881116088451,9.480990024429722,4.814503804856471,1
68.25983508426354,0.9053719560806304,11.655808514033604,6.3922090960475195,1
68.87838768649523,5.4109334693593265,9.397186188325259,-0.995476177635592,1
70.78315424156587,-4.2503260561094525,9.802272552528956,0.7244648367017559,1
63.610712954301036,-0.3177031046569635,10.261349872113101,-0.2847999291548115,1
72.39062532275682,3.4885469745373814,10.28729652400807,-0.7690274725919842,1
80.2302459246973,-1.0732886401389328,10.010531688670937,-0.07801197500376428,1
82.43981149913519,-0.5164844522765429,9.749083625132839,-0.14337299569920123,1
69.19365857736656,-0.020604325845216685,9.802872025476056,-3.544419570590625,1
68.77573931201808,-0.00637733666971226,14.87614678897707,-1.191831832246095,1
72.73241255894595,0.11616756204023157,14.855322403643498,-0.19479027467293641,1
67.78125189659075,-2.0397489176090087,9.959655271941298,-0.38351913868528914,1
82.9213330041104,-0.3203619494163886,10.622652511651005,-1.5110369217543387,1
72.18940562361063,-0.41329282363198816,9.208892481810576,-7.578359661377432,1
61.804023157039,0.9352575758453489,8.99772100219943,0.4944825770312992,1
69.7770893560944,-0.32797375316985033,9.632186075264961,-4.7747937684965365,1
83.16068884220309,-0.1873397305755252,10.49385851309149,-0.4873107400139726,1
69.4400115663982,-0.22909310197601893,9.543090438686997,-5.849359703010386,1
72.2193698350756,-0.29875360811479446,11.099761010719728,-5.905546643313791,1
67.01999580417821,0.13978747001929692,14.254474485747956,-0.6297812224726616,1
82.3135171315626,0.6361777588584067,12.31743864588151,-0.7957099838402796,1
67.57117321311203,-1.3379250300488332,14.612203748973025,-0.2251475989320099,1
67.52385586614852,-4.860736661973061,10.330978924724683,-0.6854184069226191,1
66.45206738578828,5.2292732503039865,10.737118689460889,-0.9432221989971931,1
71.66914014431799,-0.163070458288913,9.784341703544554,7.219111817575765,1
56.962414330975115,0.046073851091188334,11.987261848062722,-0.8993160185673195,1
66.36642848738073,4.075923016343189,10.89192643370997,0.01462251457976847,1
66.94439694125582,1.3320294552682852,11.31594493317569,5.050247058120456,1
69.53252193981824,5.351139241593063,10.462016489940213,0.5307916289767544,1
68.3377875988204,-0.31835166878118615,10.221145553531011,-7.48382714750467,1
59.13022858139821,-0.06052834225566745,10.177842343904846,-0.4086863980041979,1
70.48303483439207,3.873672009801475,11.045273744661614,-0.31962851789795166,1
66.01416021890024,-0.11609841333952019,5.929449610002444,-0.07461994021221628,1
65.68822384872735,6.234578761048343,10.018063104980062,0.26325378337304967,1
71.58854036090585,-5.643456352128522,9.52934115026059,-1.7083319051222656,1
69.528072915547,-4.859952615653996,10.733083006440648,-0.5913673334909751,1
58.64278750607488,0.14546274121759684,9.836397688711061,-0.03678500709054097,1
66.53323381851953,-0.22012870187451036,10.862352479986594,5.629401684599615,1
67.7282424396236,0.8166081595642812,4.090040731240591,0.706857700896592,1
69.56914554303297,-0.4052248905705336,4.4067129934177,-0.027676475504285952,1
86.19632103390063,-0.4205877782151501,8.766618558115365,-0.14556611115081927,1
71.39146952968869,-0.5951797013999168,12.95946599785525,1.151841961203582,1
73.83033037216214,-4.023930856695813,11.089727807838798,-0.054031453151480814,1
78.77772932983383,0.7435626967617187,10.323663327503349,-0.4095145486116164,1
70.2958585003348,4.8540197726885586,11.999260265309978,0.1691604546831308,1
71.51165877142154,0.38644455897345,15.342239585712793,-0.6567221909444716,1
70.43555329807133,0.2567108704675104,2.1613982368124587,0.1809333179342359,1
76.38641931030521,4.376049026963468,8.723980655489967,0.10869432531406596,1
60.37068251267393,-0.016252845170609858,10.514218951803276,0.9034665046119743,1
71.29742511996305,-0.7725301465454245,17.33141322723437,-0.1523884907094774,1
70.9547810858265,-0.1956852731500349,16.502770106693777,-0.11977032558801809,1
81.21063409860305,0.1542183625778521,9.498626169393432,0.6350530289028387,1
70.22921985194307,-5.000603671157546,8.774533880224487,-1.1266064477099154,1
70.37866682581978,-0.04990972975309812,9.552800927668043,-7.654271522613318,1
69.114609346806,-5.5470012895787635,11.017482544231038,-0.5292745009345312,1
74.45493848473573,-0.8937290440244587,9.507141947158441,-5.783974810582277,1
82.40220224602277,0.5109300964581829,8.703412101121312,-1.2165261942343295,1
70.21425293418194,0.4950538146805232,10.465867258723312,4.241841990926769,1
71.57473268073643,-0.09083493345555241,14.983143016034116,-1.5033990161932955,1
70.8375014546935,-3.090009761561082,9.727139161041494,-0.21448085543054232,1
68.65922410993984,0.4479042786754489,17.474601575203224,-0.18024068521213388,1
69.31351941072862,5.526951587841797,9.263809687897673,1.4146673815882729,1
69.64381719065848,0.571814199222444,11.25834188096113,4.772141492431264,1
59.34081997247933,0.5760595762475086,10.383871595283363,1.970082748384202,1
69.57547624557213,-5.215902015252238,11.418414313993937,0.7313480897141881,1
68.44081039099603,-2.6175767836560997,11.988661025703934,0.5541064219819012,1
61.52045203566031,-0.15703360420456403,10.217586498465046,0.8668376893335363,1
72.81782032840667,0.09428599688225744,9.427698815660227,4.361866350063253,1
71.70612711045638,-0.21395652648128038,15.521428773566026,0.46500163340277284,1
68.5858747950442,0.4650324504697828,16.654617804562566,-0.4580902248967646,1
80.30957997497323,-0.27993583102670433,9.09116647390167,-0.9816347075585876,1
82.69941417456029,0.1478634781880839,8.614730455620284,1.264213777799921,1
66.60905430218342,2.590287471015352,9.803941211040213,-0.3938264271010459,1
60.540774974314296,-0.3752127711854626,10.213054520342448,-1.139044516377995,1
59.986335629157416,0.26709849627984467,10.962537672708324,-0.783045894462771,1
66.85533084912873,0.0423932964971742,5.689384901418351,0.25498259442841864,1
68.05269649412344,-2.9956108406353144,9.441697574466174,-0.43534275184977744,1
69.78810757295207,-3.354518464497985,10.417549611227825,-0.6814880696499428,1
57.57192773123188,-0.79757218534326,9.33730762299307,2.406308988792503,1
63.68368344924833,-5.631598773131358,9.238041095927077,0.25695379607817953,1
84.45249939264963,0.7097280410666331,10.949441966162825,-1.5445252442936384,1
68.42213599442553,-3.3289315826060477,9.69202171208275,-0.1415507268818041,1
68.80984606335227,-0.2392405096923962,11.440798298842465,-5.383647342126887,1
69.91708436303968,0.06056064969082258,3.916607106320189,-0.3556791428984543,1
69.817409997155,-0.8076666654563917,16.081041909560327,1.429651741559553,1
70.7586696790694,5.1148303011297225,8.904177294180869,-0.8593444224380365,1
71.99163246994331,0.30376129235958843,9.86847994402658,-4.046175353108816,1
66.96735888894314,-3.823529432898975,9.689978216821526,-0.912213707072128,1
68.57057921187182,-0.23333650183326896,5.13099624722677,0.23784008246736082,1
58.52998593912497,-0.35568349830586005,9.69643426497065,0.716378174348077,1
58.849324303850665,-0.9011348828111365,10.56368038513081,0.10407657203917667,1
73.1419668682367,-0.1795954031752616,9.852535897985875,-5.036044303008191,1
72.05689449653504,-0.4768343608906517,6.911626638448713,-6.563691169836601,1
60.582519107609926,0.05196818133327899,9.21656093105808,-1.6059937717366648,1
69.5562743366151,0.42579933076755655,10.326483431960567,-6.634725244521018,1
81.50241267709542,-1.4569888972347724,9.748363559261904,1.4188917778579366,1
73.75864304705466,0.49084065454507175,9.01683909204046,-6.353284558937615,1
66.8040109085627,0.23877616082094932,10.893536773916374,5.486823936129641,1
58.89947614143329,-0.7469526946854376,10.255348043200637,0.7747133516813144,1
64.26542584255576,0.7378993056972222,8.707577089266893,-1.9332780303913613,1
75.26549395844216,-0.19533957310487082,11.618966027246069,6.194959370194138,1
71.87431816748581,4.394760426665141,9.838908414366388,0.0316629536931028,1
67.82422915672423,0.4099390406974116,10.349316009835874,-4.98685089410375,1
72.17180617003379,0.2120753390665248,9.957058788594939,-7.043499608560259,1
70.49331315960568,-0.1370025961120933,9.286746686269007,-5.59959978031303,1
68.8484121821419,4.799938347762269,10.309904929565528,-0.7782871301299009,1
67.92276527200582,-6.028933349993471,10.037418550676138,0.722085001440331,1
70.94744999034867,0.5618668782232515,11.698263458027132,-7.191122063306555,1
69.91389478755453,-0.4686361126996642,2.9120509783112167,-0.002613400101023245,1
71.02047721206715,-1.2629434576280367,11.058351210794001,-6.804920579748574,1
67.74742700588986,3.8584496230798866,11.058950317216178,-0.5460572453770226,1
70.9065611747487,-3.9399933590967273,10.768305725298015,0.06587998195221494,1
68.86533765378039,0.325479149059662,8.422976855514767,6.896516985373532,1
71.18163598541686,0.20974519234942626,14.96735546779195,-0.4203409524407241,1
67.90733167543884,0.911659705353163,8.980140406426656,-4.781764940079613,1
69.80305671270557,-0.004150727514704524,16.336544530109084,0.8052633952803098,1
56.221485819240485,0.22857102605049814,10.65627249054988,0.44977778155063375,1
58.215636070819,0.274424786905343,10.630558744133348,0.46345005347623625,1
72.14022228469283,0.27741853088277674,10.83331215620643,-5.198100599381183,1
68.49081522596767,0.5963011935094579,14.028073741191571,0.512007044794711,1
68.49423544451649,-0.001835994640878106,9.232503076739631,-5.524806604346715,1
86.04142954924139,-0.06468254834639206,10.652474367177108,1.553331125573128,1
69.65055860487045,0.4456284545293101,12.745547899347084,-0.48712121070431524,1
73.8998232116007,-3.502686975642258,12.081753908698591,1.0972012736408754,1
75.06796211239072,4.705453196216279,9.05128727519581,0.7456657597548287,1
57.39908489989236,-0.6564392187938234,10.165128622548806,-1.3135342325870427,1
67.14063819809978,5.353036491704935,11.686327237288836,-1.3532381823267638,1
73.50128256065285,0.11883630142330788,10.08462439058157,-5.035907930338435,1
70.96052458550184,0.05074660996573668,18.099411806556496,1.3384187335385964,1
56.11727196493189,0.9187469310510398,9.110852856639056,-0.7420475185150798,1
70.2024670588873,-0.12122474754544187,9.777004837670418,6.324641923577303,1
69.38849699572113,-0.6372705499229111,3.991260051524317,-0.2888866501407652,1
69.91199305680381,0.6886613689245652,13.558147370238025,0.68219433083615,1
87.22715024037647,-0.09952824212229229,8.475793624973385,0.18544603818641575,1
68.80017304843464,5.948714326988552,10.155078081838202,0.0060478459645557855,1
81.58250498774248,-0.4368688141664791,9.854415126821795,0.8817168505282397,1
68.74265694890799,-0.18609925187539597,2.9526232152853016,-1.3082557506069115,1
66.12526008951373,-4.54815011945578,8.850298849212892,-0.08337022629417035,1
63.17271069232143,0.1774181812594013,7.462142514414243,0.45217138818934804,1
68.80983669597089,-0.34292004577597,5.5097878454002505,0.17736901577795422,1
72.43817547935289,-0.6175874821480309,15.147289842029446,-0.2499551991738633,1
71.44216384859007,0.6938600988321841,3.379199486765893,-1.2742048870191696,1
70.52565941271338,-0.8696975218394252,5.040143401412514,-1.1000589473048676,1
71.20598893576222,0.5402075088949728,9.071257404085664,6.108001369081779,1
79.57878685852661,-0.1325651633155905,11.34126206015469,1.2727783823498242,1
72.15342168242437,-0.1727351354277105,10.430078872508249,-7.296107360652916,1
80.56659191047434,-0.8592150946727263,12.45605028439553,-0.5027233935478644,1
57.27998014389254,0.050870253996944004,10.774333847730585,0.5530446264812947,1
69.90396301203006,0.48981133746205957,8.454092845951346,-5.87509402234584,1
68.88941262414932,0.3220350597233896,9.901417633081861,3.9649077653977463,1
71.2556774011783,-0.05974393320291822,16.283017467933774,0.023779134884798374,1
69.34092285861938,0.04397468336815122,8.058539696090959,-5.640440442690322,1
69.54881308096535,-4.4592416383567866,11.239668464143367,0.5995901866624701,1
70.06351856694613,4.487300892886796,8.805344860000329,-0.46264188099955894,1
69.8438867911897,-0.2807088516414614,8.009536790179908,-4.903239770259815,1
71.3728786501103,3.573293764159599,9.767955256425761,0.2215259599502986,1
73.37968019219718,2.895554038919306,10.167142088827198,0.0009778204510853883,1
80.98441629884339,0.29812836938168386,8.273765483572037,0.10940066808596081,1
70.04342372593223,-1.1832722425397166,10.043055237166977,-5.496232611227365,1
69.77121067162311,4.868809735282097,10.87009747108659,1.0180516479450308,1
66.12681557500976,-0.25397318560428933,15.959741568776355,-0.20093463947360224,1
70.89645977258824,-0.7134229588089639,9.891245791263025,6.0494244242223045,1
68.14052691122039,0.08598380107010914,9.717863840071441,-4.146514942229902,1
71.59157940051769,-0.005161243876357207,9.081742909355707,-4.472838349720981,1
70.30958739405195,-0.8347707462450565,5.405999426582295,0.3209552587705957,1
70.96491071132999,4.128563215111951,9.936900095009557,-1.179330596152527,1
71.3566929967086,-0.1044674863560978,4.196345751041452,0.11157093778158939,1
70.08111581785901,-0.9257627469898182,10.045235108080426,4.457903948661398,1
81.54131148324308,0.1880635528126247,9.521008224716242,-0.5090063767866168,1
71.31812729853011,0.31802291263844007,4.680602961585496,-0.32701974807288947,1
72.21795105670853,-0.8669467214817103,14.569246940929423,1.073105727085519,1
70.80120263441327,-2.901468204395158,10.383558797719667,2.4981089027469374,1
69.6158695180602,-0.27849999090386734,15.702355140577126,-0.31973379996940837,1
68.75293878016274,-3.100730886201234,9.315421695084812,0.8998021914201781,1
69.24241942430119,-3.9341368839741615,9.83467723242543,-1.259551806279101,1
70.85260007729846,0.2663115509191965,14.286457802860303,-0.0828691895860713,1
71.51055657254955,-3.6269438997628294,10.169112027625856,0.3883907728064322,1
67.25952941012463,0.5068767159031041,18.384156376192763,0.3744599922762164,1
83.09830547493654,0.3490590025643971,10.980793364949891,0.5778477102371928,1
78.0006386058541,0.0735865010915985,9.32350131681102,-0.8378814390220484,1
68.86576318370236,0.755247503056535,16.500537040842765,-0.3348806775518026,1
67.10463071069609,-4.971212588524109,9.772986237431741,0.07848686664057646,1
71.69073196312435,1.2529989349425157,11.037180881171052,5.682688061479753,1
69.83847729662357,-0.26382653839119186,5.808184361984907,-0.02769342131247811,1
67.93338412584829,-0.44752851769341023,11.287661253578133,-6.653740953541563,1
83.15314070746572,-0.1007920244956201,10.683493508414184,0.924325698202842,1
73.48505994468023,-0.2007835423487382,10.277422175398588,-5.5719829351554075,1
80.7689686824409,0.32418270978483227,11.22966514952234,-0.6112855666905944,1
76.83885473951803,0.3158807196858836,11.16550044465209,-0.05591548264891421,1
71.24710347284578,-0.5770567690020034,16.15913078163163,-0.11983638549053,1
56.0724694654377,-0.013977169777752638,9.369678149818517,-0.08878148202185827,1
70.45528229664136,0.20368028649514552,8.986807314846537,-5.6426475340780655,1
69.27299045089987,0.6262362904632761,10.7162719190835,5.793954293191197,1
72.54716308292282,0.0289183201775105,14.643128111367608,1.1507491686979834,1
70.52174919366972,-0.715600117774008,10.359021241342655,5.50599107031814,1
86.88636795047792,0.7895730496172131,10.56007137177805,0.04434348772398926,1
69.3298318930348,-0.311591057725252,9.972994248422138,5.486119235853892,1
70.87335634555741,0.7495546279827288,10.95042214104381,-3.070973274858343,1
69.84428452459656,0.3446357458147873,11.045254393315538,3.9079651136326836,1
80.31799905239698,-0.0629583424622742,11.258793109368412,0.06574943424383926,1
80.1104877319952,-0.3413123548558769,10.36576230860291,-0.35891874924146744,1
70.37657788039265,-0.6316093637324122,8.617766393253941,5.013270376512015,1
68.89243909049068,-0.2952331038887076,1.7960294854280798,0.08340426842469961,1
80.5717907363176,-0.3422849000388771,10.725269569567043,-0.3263402261780015,1
82.77823234203308,0.04216833045475474,9.248132527880607,0.034647514568198555,1
69.92755425132312,0.5831310077166095,4.420886598046938,1.979499993843926,1
57.25770855713046,-0.8779247278278147,10.834657891545094,-0.24153681204375796,1
65.87167820369335,0.4332630583132281,10.554955299681115,6.493955680247642,1
72.06645696379739,0.33045874570085837,10.027107451131979,3.875296563458053,1
68.32967880951733,0.5400195054839366,3.2670444297342707,0.4003562820026574,1
70.96829799060491,0.3697504155047238,10.17884230474424,5.037653282523201,1
69.86460650226154,4.938093944277466,10.111590322029445,-0.5746567329063085,1
70.43288467470639,0.2184836803934191,14.779013202849068,-1.1010105620102815,1
69.27582824098235,5.598333377812064,9.699182883631757,-0.03211297275980399,1
68.58632168607933,-0.33990370628395294,10.844008764509953,-4.632877851165573,1
69.90349415179405,0.4012994139312381,7.9938095445949475,-5.219834031462069,1
55.76293067418861,0.14389074562174892,10.678351191061154,0.48326050493521094,1
68.24031863577868,-1.3186759764818403,9.027454778073976,-6.174988677841578,1
64.11947547550986,0.24723762719800435,10.87081762618318,0.6761513370589025,1
71.70353067976578,0.4593960760608782,5.2740757521023305,-1.1485966382274775,1
68.26645598342228,-4.801047428993605,11.992436035115238,0.003241995547352029,1
70.84746198860398,0.5663054971633191,11.607080026986804,-3.1964146730128467,1
71.46473383924865,-0.9140043403874692,17.270747146424537,0.5602547737661814,1
69.95740491283077,-0.7284601053718357,10.704519173124782,-4.208327607041554,1
67.73743699403877,-0.5690079794573074,10.914394398345014,-5.557533282365203,1
71.31040476741035,4.817280600953321,9.596137570056015,-0.06638974021139724,1
70.22151964461966,0.029012310584045575,10.86122697009105,-5.74260529756787,1
69.11233334895113,2.247869239596985,11.842490364512859,-0.5023331254129758,1
60.80426849730917,-0.12307713206830356,10.685804879653691,-0.13048266540147543,1
69.65662600205765,3.582681197818204,10.28482525866615,-0.05588613447959029,1
84.98548926560122,-0.3245375481566182,8.512526363069163,0.16554293386464414,1
67.6137625961358,0.5235652250253965,14.421253334201428,0.09413163351255154,1
72.91939350599345,-6.245781214632912,9.906273634768525,-1.275736704862175,1
66.84460796677172,-0.5139932377229145,10.992428983747295,5.725257995978829,1
71.95759279077626,-5.29191888658778,11.37073395396159,0.34162998207427064,1
72.05974619671275,-4.182453663967826,10.380899347665657,-1.6021239551695812,1
68.80463416457667,-2.5880352879582436,9.95203371637961,-1.3689715282549701,1
70.63744103026248,5.534758363467304,10.367827108969419,-0.6685110465491636,1
86.36046137411023,-0.8510653633177379,9.595378888876272,-1.0859150546811074,1
58.564799977378755,-0.09745726500686755,9.7599784051489,0.287257232803269,1
70.05748352003009,-5.8766675108748165,11.26146945725488,0.9773341003940209,1
57.09134819570724,0.8289805376527697,10.673969217771917,-1.4330643209996223,1
71.2849890469433,-0.21236119058378006,10.42497370381019,-5.774337132552466,1
69.77924456550548,0.6437038414153109,2.5261320628431125,1.1857715783180776,1
72.08968442667447,-0.9699016505706082,16.879988785069557,0.3248077928952123,1
67.67433679876478,0.26384686754414444,9.42799053947832,4.670426871891417,1
56.24207622480844,0.02235564023730727,10.401128573031626,-0.03481176501639827,1
83.88066884864963,0.45654505000971857,13.067263707209666,-1.1563199419101287,1
69.47459319370859,4.516093334386009,10.086042189080494,-0.9857388524199955,1
66.75473586577606,-0.6278504095527874,10.228804088500883,-5.66675135968938,1
67.56258244045353,0.017735412164516313,16.337790689282095,-0.299412528775434,1
71.35480731117008,-0.2797077627503973,10.448079513137387,4.150171355476408,1
70.81187422596606,-0.05577974232725052,10.053148729136426,4.515905931329117,1
69.12748964146438,5.016439907438818,9.700592575567175,1.8895199973011232,1
85.1096644426739,0.3394827992661367,10.644830352560191,0.78426814002728,1
70.69256951051445,0.05007280255973216,3.641609457217962,1.4104451402640592,1
69.2985047109853,5.84259602378071,10.884736329020017,-0.17688336826178694,1
70.03620384188243,-0.016187332177656086,9.177991938491807,7.174958039459904,1
61.02808324472387,0.07012346937944691,10.32817542882216,-0.07486397086869438,1
73.57500285114992,-0.5815321836151495,2.2967759717175387,1.1956560325995014,1
68.57137768624614,0.3733755788747069,3.630382500907235,1.7872360872895467,1
70.05103598894034,-5.389429138386526,9.896880023742423,-0.4025399002997035,1
73.62921095429161,-0.525729522287669,17.70660984895138,0.3800745567113006,1
81.48674312857635,0.12303909795215551,11.875107945015959,-1.0423946323390563,1
68.77677800915109,-0.843859893194293,18.134548495767106,1.4539368126797805,1
67.8986078468038,-0.3415133636654786,9.68265919299044,-4.921626807995855,1
56.27722520136974,0.27209427192768526,10.096007135657793,0.5542881661649369,1
82.63637734671107,-0.22386537711012103,9.47831693288459,-0.18642895002669146,1
68.76000465356205,0.4636077430184676,10.234765141203885,5.104108676232682,1
68.5383297298513,0.4326601440134698,19.171999839333075,-0.23885460072940623,1
70.71332979598303,0.7576173951989251,7.549632159601288,-4.614209506853377,1
70.50936303962423,-0.253990156922371,9.3810178781793,-4.6859916848671155,1
69.65217491090617,-4.494966089949025,8.805297105398889,0.20771209581445105,1
71.45236993109309,0.10812174905462095,3.5829562706413807,0.4957201578147139,1
73.19488778747396,1.2385011307737483,8.944336218923512,7.071172115225512,1
76.11071096405097,-0.12556207997907762,10.828226972033667,-0.12695998632756594,1
72.1257707247707,-4.95669191277924,10.399555076857057,1.1715214816087431,1
67.44064491709878,-0.2323805632188594,11.384185787532331,-4.354548179074483,1
59.908389610815256,-0.11030263588966438,10.85695940885897,-1.0596071359998152,1
70.53480496908908,0.6977355139386804,6.195270288150328,1.0023896926603986,1
68.3548600561411,0.5269908205164459,16.069266532132698,-0.5812466499559709,1
68.243843701843,1.0715605447551708,10.305442012272966,5.33778772047812,1
82.72872736371761,-0.43360472501599606,10.107089156627103,0.5908198059842855,1
71.08735454741948,0.4572094223773007,9.819912238478267,-6.377456331088529,1
70.44103886393486,3.683010317740983,9.626590928660608,1.0405920830864532,1
71.23851602261638,-0.7315600591987915,1.5121144818230183,-0.9310826330572897,1
69.33738223720138,-0.012236804122795982,9.433674579753424,-6.137247245426014,1
68.46498746429359,-4.5428361615761155,7.3462280588196975,0.5973919001723638,1
72.17029632998312,-0.37867338409539775,12.157226797176424,-3.8507629343766094,1
71.57890541540009,3.9729755606616903,9.446059451126974,0.9192632478003461,1
70.2686691356832,0.2409919398354392,9.091536055461647,-4.628587879088263,1
69.17296624530076,0.5255478279651677,10.484432527890373,3.576456662162533,1
67.0271570381846,0.6552621611141197,10.927639526843539,-4.095415234579024,1
67.71603818467185,0.5524581498082899,11.641282965352968,-2.2311836159351293,1
70.67097221150372,-6.275943212694881,10.920567535331424,0.7557608319609574,1
71.64426414238399,-0.46501463430224105,8.245808551180446,4.571458240634898,1
69.63920188405946,-0.3364734775210085,17.419936266632828,1.5003924675920077,1
65.58146305526427,-1.4029793471787175,1.852673729476507,0.2028645132240735,1
68.92336337174488,-0.4249107769849919,10.95143778735956,-4.934046633041176,1
69.93388180797379,5.842660562260848,10.251140684661102,0.701137810690889,1
82.30556299762611,0.39380715272885397,9.278002936694149,1.4781609068116266,1
71.237782348268,-4.468406136257345,10.975770820105643,0.14428617220751355,1
53.38121406828885,0.1282891002419407,9.448855485462152,1.1796150746469352,1
68.27459112954165,-0.43636307643048455,17.208819356370853,0.4106516284525709,1
69.72350579671972,-0.9237778132478902,15.214317550998961,-1.1798883285795714,1
66.64704468666746,3.5821563967535286,10.602249091064376,-0.25939410994593975,1
68.78889523887094,0.5014546719094533,8.89057116658703,5.490941355347859,1
68.27746832581556,-0.19592560741297343,13.997124298409329,-0.11196007399405752,1
70.77854183754245,-0.0019325891092456338,1.1808867878721916,1.1367492461378976,1
71.51359778661599,0.7931966232417185,3.681784639901281,-0.4128221781787751,1
70.57864803445649,-0.20036532332155219,10.172820047485137,-4.401063421348351,1
57.87673635320601,0.5269881779176812,10.815795162437878,0.0009128151570763298,1
68.83402681337401,0.0011147349017590039,8.455341646687772,1.135406396341817,1
73.8169135531319,0.6683954697422575,10.372893158125967,4.756918911731111,1
58.534401979816195,0.6514433090883125,10.425856315143822,-1.0323442281537552,1
70.47562099735629,0.7262564356797695,11.084919453135354,5.532700563512245,1
69.03950116082896,-2.9290434724436105,11.461051966037614,0.2733935909582451,1
70.16225697267943,-3.7233674470434357,9.351652972786175,0.23478695060720553,1
68.04124853396604,-0.22152428941706015,10.429653205552713,6.3898954411014985,1
73.0688734900345,0.5840616655561828,9.421859020394656,5.253222521566759,1
70.26470421195687,3.3492561639251157,10.495249811309042,0.017718906547337522,1
58.01243282731764,-0.4850715550928881,8.59876109397164,0.006074987837781073,1
75.2082575678351,0.03766289110381629,9.189849484419874,6.598299672619967,1
83.69700526462091,-0.2665642284589588,9.475986974489409,-0.8045446271673644,1
72.38817393615282,-0.7035793441934017,10.404169201316435,-7.4296727324324925,1
72.05483511601285,-4.171099908079578,9.841995350664053,0.92818057864739,1
66.18086170162017,4.843640528675377,8.861941805672377,-1.3927427562742283,1
69.77784899921726,-0.6017249014843121,16.72498184360645,-0.6571668208481984,1
73.25496962364278,-0.14230025452678505,3.781683589281954,1.2496029772194763,1
73.33108920618547,-0.5498468357185436,9.0483142153467,-5.777235020877378,1
70.12721034903052,0.5837298132681299,16.63167392337413,-0.04987719309079455,1
69.43151048945033,0.32944393806937017,9.358904590711063,-5.2159114000798,1
69.25584796226332,0.9867703073801466,7.068821151508324,0.425828350493675,1
70.78225185057735,-4.579018648589177,11.173858254391712,-0.4791363705928756,1
57.16320915871226,0.677563992076733,9.463742961272823,1.2417119152236709,1
70.18320343252587,-0.11272574285123198,14.471800567207055,0.5390505896112353,1
83.51955874308587,-0.4863243556808259,11.341138717634333,2.1617486142274775,1
72.86743370328313,0.5443128397007316,3.266364758444057,-0.5622826207549951,1
68.56013609131777,-0.39132711363993705,10.246071909439852,6.0359297962416445,1
69.4080114299039,1.424349779666079,10.517363466259368,4.5674630245167585,1
70.77794540395405,4.760333881104419,10.754489287402587,0.6977052641206866,1
67.10585263516369,-0.48929504531669754,16.84059323717151,-1.3023516093365473,1
59.4338461262478,0.07095844175488039,10.499874480591732,0.8366826548977194,1
81.02795169064858,-0.6130438147433277,10.632366354040483,0.4459182467649525,1
67.19769983115964,0.10745876361206816,10.1956499213764,-6.0839149313762935,1
78.48382982924994,0.17291911495995016,10.192307971238199,0.6875156548752179,1
68.6467636916933,-0.060370293707419254,8.688254778480044,7.6280612773652345,1
68.91796941072295,4.17428172995007,8.42419889451632,0.2623701577421372,1
70.78384230869915,0.07824586212273153,10.880885161458648,-7.845474673335072,1
70.21690384336027,-2.587541565218485,11.760787312185156,-0.746505243935855,1
68.15229237814886,0.11329379074001741,9.254084138975823,6.114459128435529,1
82.93513014510836,-1.2365038693642447,10.63618412351868,-0.3264673603208692,1
74.45151505630463,0.06286961218858644,7.218099640607139,5.6660590858227105,1
53.94597077987994,-0.6029165291006907,10.534271971333734,-0.6287367026311081,1
70.52246877643273,0.03426314746184338,15.114943730133353,0.15095265683838255,1
68.68181622983252,-0.025499023176544133,16.614131931594514,0.040903057181872676,1
71.61378057080482,-0.19078717245405807,9.673742622350861,7.809333135714125,1
67.61764788482292,4.740493119461853,9.5124891307161,-0.3409711714895191,1
70.91293751241332,-5.131715773903976,10.254267381272896,-0.5811220789490636,1
69.94227539112345,-0.5907180087122784,17.472191849939087,0.6188002731815009,1
72.66141970922344,-0.014569404412562147,7.4297457424983655,0.39727989539243874,1
66.45042279281836,0.37929379339448493,5.76575418084302,-0.41319017997508745,1
72.0498782086031,0.7959081827125477,14.254788864185509,-1.37917203417451,1
72.68463134961604,5.639553126712924,11.70529794760882,-1.1066384665447981,1
66.83073159904244,1.053553639081322,10.241864464035565,-6.436071582904656,1
71.30266446117432,-0.9028945996933899,2.8094502572751336,-1.1421324447438823,1
61.059394356361224,0.6750409565356807,9.347591884411003,-0.5416797383591828,1
71.66214538115425,0.011436382222908848,3.6532256606262603,1.1252601039856263,1
70.94936857000805,-0.10576624068793139,10.710369832056816,-6.713163987403045,1
77.70421549714399,-0.4460210518070661,12.389149913902486,0.700566182028842,1
70.48852968447623,0.590026260569948,8.250770911689665,7.174037520088965,1
69.5841675050627,-3.336969664165181,9.424060171403656,-0.5435020377757941,1
56.694443062182515,-0.12861356754446296,10.409760747248345,-0.39847586277447644,1
71.58939598274802,-0.5330330470288807,15.046311043273384,-0.268530144160186,1
68.514806597027,0.4204640732012848,3.5846912815454948,0.47862332827113363,1
68.74680796431788,-0.2036875804305308,17.386189019537206,-0.15901464552923292,1
70.875627567821,-0.3222595626715118,13.06918005089091,-0.009000911412472624,1
68.37798622237929,-0.03191062253451708,16.810687029426948,-1.65945188756397,1
69.06814965430124,2.740224569746476,9.93123309576481,-0.22506565974521872,1
68.43859518628592,-0.26765443516913223,10.286309461107319,-6.165304842885753,1
69.19612861408662,-0.010494510071714876,4.899019654210586,0.5108051491629102,1
68.342284735278,0.16819662657258366,8.201729072468646,7.29863395552971,1
67.17498141631795,0.7324371930198917,4.087873428383383,1.1998979260771634,1
70.98335510228429,0.33124576472391126,8.43835249169346,5.030417838304279,1
82.91113410127089,0.019121757225200035,9.804305464693437,0.6999193521516889,1
68.35123716446753,-0.1265773158247003,17.294098070552504,-0.7676101703317131,1
81.63036952782038,0.10378503840224916,9.599535276136889,-0.6565100909208574,1
71.32427500660103,0.3009181971873517,9.213642639438586,-7.168446504578258,1
68.5807826025979,0.16444425918566866,9.979716375092803,4.20846615733649,1
74.94770840857645,3.3101017830182413,8.493869104140947,0.06958272719763506,1
63.50923171911727,-0.3289134216414902,11.457729837493165,-0.3916300956965808,1
72.3688118995702,-0.39487953454011476,10.866396350086587,5.231613597217385,1
70.46777428440107,5.319036496142148,9.349822432058396,-0.5039705810023983,1
72.02866633531174,-3.746896480873546,7.528762846859854,-0.7576164534342071,1
68.75773206326896,-0.9428182254650752,8.974880159147526,6.763586488467557,1
73.29215396288728,-0.05950942250920572,5.816591886269858,0.5149976530523498,1
81.46361599247783,0.07929083365509547,9.458201957033639,0.7927938902290391,1
82.3584671271124,-0.46729272454553894,9.384108121512664,-0.2833862522005164,1
72.03837817303493,4.398347292216127,8.932120313689312,0.46802335281400026,1
58.336572505132324,-0.016728294047762233,8.82535952989155,0.9782128751706841,1
81.3258920896178,0.6022239837157468,10.275629386607232,0.4209993497130999,1
68.72639855004482,2.9806907388204777,9.374920772760934,-1.8331204017230318,1
81.68687633353505,0.03206327861935317,9.642755538140447,-0.5130525522897451,1
79.06648812027888,-0.2526683891336786,9.19653798712331,-0.1151522730230573,1
70.3054801367426,-0.5265248053915389,10.019926814617031,-4.563699615020237,1
69.06077499999897,5.043667766844474,10.252853534765457,0.47227783428632275,1
69.43332102968738,0.7942159401766558,9.315088005878337,-4.439697375381514,1
70.35214548375158,3.373050136800383,10.098696862218187,-1.079021371941336,1
67.58777293287483,-0.40368038798027456,8.493966478894105,5.191862057046997,1
69.63362444235247,0.639935391339605,4.3182096171414805,0.906991042877963,1
67.9528199620944,0.4568266664801071,16.287163020522257,-0.11222974472051157,1
68.96364706060878,0.46931369993536176,13.83243006450935,0.4140676961307981,1
67.51833147133772,3.1717465341535256,9.87055225251916,-0.059791668171126904,1
67.70698064362618,0.47137586015511346,10.129116708511875,-6.255563815192747,1
71.40185146687102,-4.35278429402765,10.18860836104957,-0.5775496150251527,1
72.8103890114757,0.8212857650941964,10.100174528834902,6.6611228952570265,1
71.86840908494227,0.16233460777051714,15.809341586064997,-0.5249576493277187,1
68.385262609405,-1.4520829104510846,6.934035304064379,-0.2119014119835023,1
70.41316914592792,-0.43355913969898546,15.35683912423896,0.9490166394465706,1
68.48365972913464,-0.6194171279508939,9.109958521506256,5.254097192556809,1
67.43175576650918,-0.009746096379597035,12.086748315533884,4.223643925181801,1
72.46554468615194,5.465516368474456,8.958199234492698,0.11073239475563926,1
70.45331232828167,0.5045509945675151,15.82543590556184,0.885535317845468,1
71.8206246496816,-0.11039667148073057,7.159345989111758,-0.9633572582302572,1
73.2763783593471,1.1412854503154926,15.78164550497645,-0.05490117333916977,1
70.98577828681262,0.2877725858610794,17.81681554076903,0.5199561409966779,1
84.84205431905946,-0.4829503076014735,9.489588168309659,-0.42056686714703206,1
70.81499573665872,0.06572409712431163,2.615143686469298,0.5138448928769381,1
71.6568614363341,-0.3047681181941925,10.641568202115229,5.9990582540953525,1
78.47695712365287,-0.2581568986885911,10.126673900224073,0.34440702673592444,1
58.104446652062435,-0.5791006265966209,10.556016086793807,0.1087439370057113,1
66.30550067657647,0.24254788169792735,15.846151081748406,-1.761906047475703,1
78.13372322288764,0.2307134685837938,10.625908893392062,0.05988897287767747,1
62.13218378698173,-0.33014932758550936,10.973121948909437,-0.539384468424512,1
58.86465122776814,-0.41013524688317793,11.271238505865451,-0.770094382118367,1
72.3830115102568,0.3121389539908589,11.199811255648488,-2.948686344509957,1
69.15764274949811,0.8771503328615903,10.335251189141864,7.841522167025163,1
71.13501356656515,-4.391170177775787,9.913403310673353,0.32506871370563173,1
70.3877730169893,-3.825922188114892,9.170949831586666,0.33801606681777074,1
66.46745049672644,-3.6282767104852094,10.892866598688848,-0.14548239417836564,1
69.99389889719976,-5.238716522509193,9.4489046294192,0.7106740467378369,1
66.50989697501481,3.929710274991661,9.990855481662164,-0.44601275796268736,1
83.28976323686392,-0.3008071358387319,9.979799588926193,-1.5366770672700443,1
55.06715382225584,0.016553399351015338,9.613425930224999,0.07453357268500048,1
56.046838931713474,-0.2071516949011274,8.502474872397718,1.0822760307637314,1
67.64304934654602,-2.381527102464437,9.355049534311535,-0.26024456762523523,1
69.76922562761555,0.4027754030191765,1.7548255178099774,-0.34889400360958756,1
68.20509894170532,0.8060366012105035,11.050191202608929,-5.075902495475582,1
80.49620299030192,-0.3455135819176534,10.37307331768179,0.39962694448828673,1
67.89499001117113,-0.5470256633598385,3.028626353812129,-1.0420427724035248,1
73.13560021344297,0.3618248625972348,16.91087376816849,-0.39379286094084115,1
83.58821744549482,-0.2239476065290095,9.491016373509572,-0.3232536183655421,1
70.33422862998415,5.6383524980854745,10.010009458181536,-0.09110448954554082,1
69.5939075703849,-0.31180695435887995,14.377253468163254,-0.2512193043313279,1
70.4822602554406,1.1439135864300514,4.266573081047885,0.23762303575319454,1
61.181373318581734,-0.7299471481322586,9.547350105244675,0.14117731980058215,1
67.13946730560953,3.0362708729096957,10.674836379359064,-1.4997463021110593,1
69.29865126507102,0.1632438306690807,3.797794604389596,0.5993485808184501,1
58.50856734672288,0.03306884997852616,11.69021684248476,-0.2767237958406155,1
59.59986853360158,-0.09044117454420025,9.618730814446371,-1.661765790723564,1
70.0483047129495,4.587427805779624,9.311835718268796,0.04114928848673602,1
72.67373304251859,0.11852152266585805,10.651021296645265,-6.32779141542939,1
73.63524035278198,-0.44114727269867043,17.593607991919967,-1.9631587251113254,1
67.10931851306175,0.15162612797422814,15.8583755524463,-1.951722930730349,1
66.85952667014735,0.6334035106531899,13.6783356643097,0.3195822883569659,1
67.49036914606785,-5.731448931220702,10.430686537394534,-0.7470675604857177,1
70.86643017972852,-0.8988536892771939,11.178278747813259,-5.811622196347872,1
62.04739540744015,-0.066367596695263,10.252768103091036,-0.8319727447316888,1
75.08019995514292,-0.5145076111125563,11.273555439743774,0.022333381886360762,1
72.35211863973578,-4.053900786997679,9.495636922146126,0.26972717428774096,1
67.7320255984561,0.1269658145783181,9.680636084946267,6.0198754844436,1
71.31373527825511,0.3684628368016069,11.735648761295888,-4.221228826837215,1
67.93196663729626,-0.6884061862341765,9.180246606677585,3.6086875156623974,1
67.29896687632228,0.22129125786014595,10.920854624910978,-7.151980573319369,1
71.10583576429853,-3.7281878834874846,10.776558595129485,-1.4123159425755072,1
71.98951973065095,4.754024312771429,8.513307340364209,-0.5499650672504197,1
69.62303800725289,5.764671874671757,9.3457995742523,0.658123917585396,1
69.167991969357,-0.2481190797808839,8.776966236616785,-5.730209912659219,1
69.83352719011047,0.5445433054695389,11.166999708798865,-5.237139651245278,1
69.03393409565834,-0.35349205732404704,16.0669748290057,-0.1782633796614658,1
67.96381569110964,-4.396591086661393,10.754044681542117,-0.9201846882493087,1
67.65354425738,0.29525583035337694,4.77363366414925,1.1722530910039566,1
72.54345955069707,-0.1540764675840372,10.180106274613129,-4.065256651394363,1
81.78749461211353,0.6360949843195824,9.733627698173828,-0.0794710101072993,1
68.97090769878702,0.26081795718049816,10.345666196445823,-4.577317042642864,1
70.79941751093772,-1.2341109930384704,5.228163341384846,0.9473762246959982,1
66.77689857640196,3.927458967533925,9.2985255766693,-0.3523570349543732,1
68.91439178471181,-4.450422193317959,10.91520072538734,0.7558606884984148,1
68.19533494574671,-0.030329921367197747,11.619059727810374,5.474129575935385,1
67.6398263870355,0.6011078785461342,9.48026859922673,5.51802600563642,1
69.44978872989505,-0.8604436283143824,8.976531101252252,-4.56190478873764,1
69.3302735975621,-4.810199384452933,9.569016835304774,-0.42073800750669443,1
57.32746296955396,0.18738749155778592,8.823470046656794,1.266498937624247,1
71.51906411438092,0.5814857404496749,8.382483044846651,-5.268596712435028,1
68.2245343825735,0.14204316560909577,12.990972422505786,0.8176924025971806,1
54.729910261820535,0.2687514137142388,10.515511942990079,-0.7874565522265322,1
69.0881503037543,0.45080568202530097,15.104808969182226,-0.5743538104339863,1
86.40743105901483,0.2944535005716543,10.55892158978914,0.04408593495959175,1
69.91413755254301,0.32668779718343904,9.764701310865833,-5.71897969703323,1
84.18912171608513,0.37914462278904554,11.133228872982933,0.43360912833531123,1
59.67200548815013,0.28346783693859157,10.808424819803381,-0.9199387404197593,1
70.42427215250972,0.41459122855340313,4.2254680772142095,-0.01993808838764169,1
71.25734779257994,0.07564053248956637,9.031101383667847,-6.402805341460957,1
68.94870876174778,1.132525164082343,9.620878090220781,5.769250649403253,1
71.37202766107028,-0.22196114064145683,2.2344045039302927,-0.004397734456072474,1
69.17236074645889,-3.11371473203363,8.792865635012594,0.8051961810654226,1
69.83848566628,3.7194783716579884,10.21583783937164,-0.28565156718188217,1
70.25851260180357,0.48869786284939976,19.24545124526168,-0.9301422262299127,1
69.37178193789718,0.02762966113240565,1.748935714061373,-0.7073317421698949,1
62.13019941409559,0.2087513820948125,10.071324801816155,-0.37887320708457317,1
60.63397612513788,0.8462795915783408,10.536977826188757,0.2555416109315813,1
79.03955473937282,0.039280084924369504,9.783795765419754,0.15645386775305492,1
52.39434629777497,-0.22337595661400578,9.738368415503817,0.3500093409811251,1
67.4767766492438,0.5082027981515806,11.204332047195733,-4.911408041394923,1
68.64691076323865,-0.9709093084075273,8.981127465802441,-6.276734108244479,1
67.53703728529156,-0.19496415808643502,9.821305817708046,5.298401346332718,1
72.27731888478148,3.819916474274109,11.133804123300692,0.8113196882817079,1
68.34453777555132,-0.009823973402454472,2.38166948737931,1.303402398971503,1
69.29946403678098,-0.4712299240391573,4.288488481259106,-0.2419752849156292,1
69.01553279402144,-3.1727329154901796,11.559090972280174,-0.8389130692872743,1
70.88551636332811,-0.18307154135059187,15.937845728066737,-0.6473269099828131,1
68.25799294675164,-0.4001481099632975,10.965197843611154,5.676309006947996,1
59.86076668893733,-0.26270058519645373,10.694992091152047,1.3215199874956072,1
67.13732446350409,0.19790276088088612,12.338148717741124,4.3212486266523005,1
69.09382383741134,-0.6152491724269388,5.423750952167385,-0.05054555022254832,1
83.75629025872581,-0.04161478247391235,10.537773290816565,0.2927843448802924,1
71.62477599107184,-3.5651141281989798,11.229066895083832,-0.9489856567230501,1
74.91711822133236,-0.5403576924828659,15.497705219990229,-0.4474385630628443,1
69.1832972531212,0.03021962455349246,10.079874684230763,-5.593539614128366,1
70.07402082933714,0.9490322659539148,3.888755765551382,-0.610536288784758,1
71.12925267324462,-0.8718230428878805,9.757944779890716,-5.825428352925674,1
68.35840593209448,4.3407639525580235,9.292350748378173,-0.9060282162877713,1
68.86401946281973,-1.0597498701095542,9.13845616111422,7.478276410941707,1
71.94484232417169,-2.8135066226731564,9.06680098334122,1.2090244726864292,1
68.69534224955355,4.917677703116315,9.732721140949234,0.2266377391190528,1
69.53259794279384,-3.7524934360402438,10.907698226494285,-0.1167625510031146,1
71.61097350876497,-0.35343795931530914,4.743515185131283,-2.224571674939427,1
72.13502125451684,-0.006408674408683356,9.726991471371342,-7.063581585330349,1
69.55910760966115,-0.3343361215601153,1.8278335527529608,-1.2092344221036961,1
72.41929640808732,4.252370213758885,11.379106697058365,-0.20869358261111506,1
67.7306226610459,-0.0571308145646893,12.228294979356926,4.359844787982102,1
67.34429757872698,5.623235420710881,10.105604429525371,-0.573626899586516,1
58.824924007358646,-0.7261036895217781,9.441894006220698,-0.9756200621467936,1
70.01090223627719,0.7835622312081267,17.76039620864465,-0.724360997934458,1
80.02619640966566,0.013343755394097594,9.787851724740127,-0.9988911986742551,1
70.594059605267,0.4366372321294081,9.25326600153803,4.951851680714675,1
78.87168520238596,1.163473784115215,10.8355089485145,-1.6320172322393607,1
66.8945240656798,-0.26551058513871145,16.223862266444783,0.4829213092118373,1
72.97139336807848,0.5455922114501613,17.15698369272844,-1.120317916063004,1
69.27680732846888,0.6350209898902401,2.7140905676644405,1.1803263448848837,1
57.188416526718974,0.08334424248355041,9.828484425988997,0.35551896852948955,1
70.43423688184976,0.8331528656983398,9.986021116943013,6.090111531247455,1
71.35162790437937,0.14593691330898953,6.6616621356976236,-1.166547386813286,1
67.27439164950638,5.98079418144188,10.972498124608999,-1.171864242231891,1
58.89693035511566,-0.014535784912665748,11.448743128142993,-0.3300633627092042,1
60.04836316287967,0.1574493807828004,11.635673870853983,0.5480760567743068,1
68.50129199650812,-0.7324476641456426,2.706666216412552,-0.5643808568816223,1
80.7803598597523,0.127262816243493,9.987846088710711,-1.94525418921436,1
71.08558447981193,-0.22124118361712564,11.163434544815171,-4.144008536271649,1
66.98105084918426,-1.003531800194448,9.40569085920302,-0.011559029873252226,1
69.79640460741258,-0.44820682698928105,12.060652241043172,-4.3831245926674685,1
82.61878692458755,-0.005755689138779288,9.765303711934727,-0.6460248667651654,1
79.0798048933917,-0.12991376529451812,9.147721634549077,-0.0034265084440885706,1
81.42242691952364,0.08674358041196456,9.922420457245433,0.8362269061715619,1
67.19637624798963,-0.1472592904585935,9.570689667358794,-5.2213101503646415,1
72.53655837447478,-0.7483753847607426,10.131553772492294,-4.434397156006711,1
69.21150008851554,-0.329959219570433,5.444136031878639,-0.6758934323317921,1
67.39707239620698,0.7744034537825271,10.281747298477486,3.377159709085268,1
84.05327694899104,-0.17536952509210857,10.652284702917017,0.5022561844284338,1
69.0360907391635,-0.11566852077507925,9.691342696789762,-7.382385243261136,1
68.83718085885745,2.783444528312481,8.952623397223933,1.048019607332086,1
79.45538921632205,0.06078867860346469,11.077568439815652,0.45128185862884146,1
67.72935616476131,0.03175357179479064,9.10921380254848,-4.360413006314812,1
69.22183502468941,0.043845534771850846,10.33826149599859,-6.657630375642348,1
67.84281414105017,3.2006791441793365,10.090007951692584,-0.2221762486213363,1
68.28876270909136,0.5089663073121987,17.027976312205368,1.1900795407259703,1
56.06678515707711,-0.6990622787997882,10.335849560251454,-0.5013435189718914,1
54.84712904011428,0.011647560797157331,9.044593560684618,-1.160720712912946,1
54.32201629584775,0.4701951954832972,9.62303153723188,0.6514906530814093,1
62.038295363408224,-0.6188820108283535,9.329232345807126,1.04844774343119,1
71.26460904132719,-0.5994854982391783,14.467424313171938,-1.0526854986109597,1
69.94996992033492,1.1973136441889485,17.705772786871847,0.6878874836131044,1
79.80662971864594,0.12921374547915382,8.608591889503018,0.2249734090276384,1
71.19424771205121,0.7009210751900181,16.013874910479082,0.9963152977452095,1
69.27354839477847,4.926808711654974,11.795283496030882,-0.6005165101959373,1
67.02017430341633,0.21119876457039188,8.778978193702857,-5.953507966664093,1
73.5387254831746,-4.506974309869312,10.019443491713002,-0.20109892742843713,1
69.88321601905231,4.422289239551108,9.708500780620913,1.3495955168516758,1
84.05046766199628,-0.07032493556035237,9.868030239444817,0.3630097952386894,1
69.65482627713774,-0.02066840341810841,10.41852067046449,-6.981606078501513,1
68.05754481027088,-0.16439611220467576,15.5023501238987,0.4095924733893623,1
71.16806178703085,0.2960167743721761,11.139061989529877,-7.91150782112718,1
69.02897137591843,0.046278431211492554,10.49750401485823,5.437921345492332,1
82.75702748800055,0.2901580997066982,9.697926289735959,0.05682379943795586,1
70.1085950339431,4.8596728104580125,10.03086348036743,0.6859802679052789,1
69.15298014553144,-0.32134667382427046,10.566505748322754,-7.03545237292183,1
80.75197846146352,1.2682282333953332,9.539939833543725,-0.031122595543972995,1
69.73197413581573,6.5225334272717586,10.596170929281403,0.7604139445624343,1
87.06338476421853,0.7179452355465359,10.158606135276276,0.33043877684591777,1
70.04679323140135,0.37684754262946657,18.148052657912373,-1.663931453195119,1
77.36793827425599,-0.016372725389275443,8.690844678662105,0.24298958377355262,1
69.42482618810055,-2.990582384499707,9.356611614490205,0.1311416956284925,1
70.77641977321704,-0.5280305595724484,11.800872634767773,4.88918757965547,1
68.37434491905064,-4.5289578815181635,9.67979449101818,-0.4783740524317315,1
70.57383180230119,0.11750036554297241,1.5555923569230625,-0.981612958640493,1
59.94994254906985,0.3986723782356584,10.013720440024121,0.8111930676079846,1
78.47631541602891,0.20163296667768502,11.334024989504746,0.5470517919755158,1
70.45733261769823,-0.5242350458472949,10.745799045505773,6.397544856760593,1
69.1581566269407,-0.38154660585200356,13.977648368771938,0.18797291440138075,1
68.62809096818638,-0.6063872782120063,4.161569189357584,-0.674396846268673,1
77.93285195957337,-0.20648386729810297,9.67160407650204,0.4818135713774173,1
69.15014685690214,-3.6577615088863533,9.393957974590556,-0.5948045214837916,1
71.24504045121017,-0.0644853244316164,16.609217880590524,0.49152615747376727,1
66.93112402068583,-0.053963906107538887,19.05436539556674,-0.41168683952267665,1
69.50482441241977,3.130498570909535,11.78265115686107,0.25368713176747076,1
69.4956844595725,-0.582435155146168,8.224713516465094,5.573974983225095,1
69.79484062610258,0.8817781189769289,4.730843361887381,0.4081893643997343,1
67.70727393055557,0.02760574065514429,9.517873422903437,6.505299413755617,1
72.06335704532877,-4.0479492136525055,10.110395115815948,-0.23717452812534884,1
68.06071204220635,4.492647820345117,11.156841947391337,0.936069907772653,1
70.75687841255173,-0.5546337248182542,16.154294724865494,-0.7790529910320033,1
68.88313211268115,-0.4011558898599592,1.980172407789281,-0.21819446324306202,1
71.15587096518594,0.04457259663815179,15.759112768219598,1.1203930777812319,1
73.2328737520307,0.22669955792278124,11.759678665332562,-3.862067223009874,1
67.88652306651841,0.10515191346662689,18.20561353745042,1.5460321697681207,1
60.025493899314085,-0.4040076949216562,10.710781424133575,0.5641779753922649,1
73.48419928958394,0.33677877858997196,14.977731124212683,-2.217324577597849,1
74.46223852830717,-0.38009965905885673,1.9934686181069825,0.26007366643302304,1
66.84557182923105,5.564799940234585,7.803843109151044,0.006894311157018007,1
71.53106756463164,-0.19063886312190564,16.696490063077245,-1.6137499159108826,1
84.25714278765251,0.7120589690972898,9.822353312225866,-0.921555418634028,1
69.11885443482223,5.794806125496699,10.261347850976605,1.544232880560645,1
71.18429774632726,-3.1670686255858347,8.835287242771876,0.7308694690266052,1
80.5042009884848,0.26680236968853877,9.967891460285577,0.19711649170180232,1
69.73120885853935,-0.4921104967092155,3.5544562158620003,-0.31348772618097553,1
64.98488609335479,-5.158619273748287,10.905974628914644,-0.16284963718126322,1
67.33549044134288,4.902194460121875,11.67844587731676,0.3255908216275371,1
68.96063170309029,-0.15959666780343232,5.383459655846647,-0.3234909984717718,1
66.4481497413644,0.053804061336625346,10.575840373204224,7.1189448691265795,1
71.22174849787343,-5.3863080114823845,8.674332983630348,-1.261675382495945,1
69.47809169906384,-3.831035748633513,10.220995434482145,0.8136921579722526,1
70.22618665349292,0.052896424968210544,4.886776593566078,0.6379894836928273,1
72.20782403227061,5.435706512524912,11.480376920070709,-0.35410564712973824,1
74.49487386310919,-0.20522246019310586,8.873062042428106,-3.725392729174943,1
69.03862902427376,0.035898196508988844,6.362305108348643,0.08343499716337448,1
70.51822499853243,0.728302294515428,9.138984766565905,5.552668928245241,1
66.18737630238738,-4.636842696641789,10.38972023032085,-0.21314837945742957,1
71.23040524338982,2.897561749599732,10.74168281055843,0.3541067701776184,1
69.11828756621513,-5.080300618962217,10.823858483200873,-0.40417979616185706,1
69.6278666991752,-0.02646585380456462,9.117859513640623,-4.647907395712727,1
71.00332797017079,0.14917566881413127,10.024247646082866,4.069065763435978,1
67.63755480459898,-3.8021863222884673,9.540564715595199,0.7402380960867267,1
71.58647860501426,6.041530437624669,8.73701407638388,-0.9569913183256047,1
59.79916958372875,0.13422681003941167,9.519178890215258,-0.36604550104671735,1
59.844741273641596,-0.9597318183900081,10.615215876808621,-0.4285003046581466,1
63.40027534930165,0.7785072732687975,9.550934715308273,1.9043308542757373,1
68.14657296654181,0.018570097253920812,9.648812100832457,5.1711312221635986,1
70.18806497801766,-0.015442259920804599,14.455726517740313,1.1351627628071366,1
66.78386041585102,-0.7419597478512838,16.82682025204887,0.5399802191173197,1
70.86893643813936,0.22540068103338173,9.178318948548165,-4.550975414728727,1
73.44290431782494,5.5136108858404524,11.266981910618773,-0.5667304926826304,1
72.58923923997298,-0.39218484453580277,4.7585260515825585,-1.6149606619779515,1
69.91117274852908,0.3270434705693059,9.425741954332244,5.868615249699912,1
65.0033764281459,0.41341648782947316,8.02061046711154,6.299307842464036,1
67.87094293995075,-0.11161699477104063,3.954329503737452,-1.3830394230688687,1
68.89482153242719,0.0751562001251289,7.795998883010711,6.720554509384178,1
65.89338555018155,-0.2497211525344649,10.23550636370826,-6.015772767250182,1
66.33879355289017,-0.46630430134633144,17.972017848099284,0.8345552400187706,1
71.38448521298078,-3.9840268799336984,10.046502394381434,1.8780794536744574,1
55.77852574489719,0.5533322281024038,9.159196680824694,-0.422029597316353,1
67.54240235215302,0.6279044279239544,10.462388030549613,-5.50411881013547,1
67.60553566513586,4.268176930245584,11.336879752824187,1.6629058478101542,1
62.176702281697985,0.3846154670460247,9.364468233699165,0.052036545547558315,1
72.53531542532748,5.382374410579291,9.20224114751009,0.9861838149508849,1
79.9205046572266,0.20467002786498634,9.691320057089023,0.6867981872168567,1
81.35113067484025,-0.42361865595135506,11.241633900628091,-1.296056641151261,1
67.72150163144632,-5.3302406536870865,9.781408140871683,-0.5137477994254763,1
73.93520098661628,0.4871418171547932,16.653698464666025,1.1383221362942115,1
68.49796936084294,5.364490615863495,9.862260246277152,-0.9854051995584365,1
70.19169395378034,-0.10818551524161985,9.701739860388152,-4.072185698970157,1
70.8476143692943,-0.08599821917347102,13.99601601796696,0.5830008997996716,1
85.63083824877339,-0.7944480091301298,11.766446655877838,0.7693317835264092,1
70.83790927500355,0.6053133735099101,16.35579806069382,0.6394256308010484,1
66.24016200047083,0.3951483613960439,11.756533456578424,5.464796928367634,1
78.74811591478517,-0.3827115062145339,9.16733501617739,0.6690153166000565,1
69.3737203763908,-3.864689564719636,9.627379986112553,0.000988270074531455,1
72.07820826734891,-0.4734804374426637,14.685483978621985,1.2869051071845474,1
69.2207238813902,-4.350597593709408,10.666267873598882,0.9994671417513115,1
67.64531762059936,-3.673770345370342,10.671734181868795,-1.6190597465436203,1
60.45261971797086,0.06948394880048805,11.42337180814657,1.1093669273665843,1
80.54727300275286,0.38714028946704615,7.7414030134168055,-0.13028809619175657,1
73.39612798176188,0.40652613935431775,9.758305757694359,5.614385297085412,1
68.70311443159872,0.26620854471856953,8.84070670278392,-5.202655938965839,1
78.42491834970834,0.5343839053118405,9.60274108783747,0.8009729375280575,1
70.02329389126132,-0.5049368276173926,9.211642833460223,5.805886446887774,1
68.01285434870036,0.060673342207569564,16.920106231535883,-0.1578293447898242,1
68.52072583969858,-4.695257670774487,11.670519076811713,-1.2476686781757467,1
84.31983761517334,0.6792687042404345,8.781626469477484,-0.11944835049648815,1
67.89687285140447,0.630762520373455,10.062637321149902,-5.998875738253958,1
69.26700707821253,-0.4834969669732488,16.084439180502947,-0.6715131301377328,1
68.70037665941351,4.980419458642475,9.895325058569156,-0.1954326841727501,1
68.64771497877734,-2.5529926074590645,8.795078988512884,0.44040472269766806,1
60.27779359915085,0.1689777161308621,11.308866970741697,0.654965900753315,1
83.44419404444119,-0.1446737367845845,11.536515589717498,1.0436949026211026,1
68.56900441635078,0.46942509998841,9.4585949149674,5.98642778769815,1
68.40231119286722,0.5117432881365891,4.664343206209017,0.19234088457459464,1
71.69929164117903,-0.17940896039322426,9.678887985186241,3.279280779985046,1
73.97115179718271,-0.27061814426474945,10.366699480818792,-5.072721733441477,1
68.82603247531516,0.4088119386586334,2.1394337454326378,0.5084862292457459,1
70.88989797170807,4.408406353770137,10.320847616404746,-0.7044140698529189,1
81.919590218655,0.13864515778331854,11.5229659557284,1.4891929469636371,1
76.20834016594685,-0.48936830855701646,11.725420862135103,-0.05913343553804312,1
71.56734648738983,-0.17169645321882518,8.466975302424467,-5.545987023514221,1
70.96904365721012,-0.7192512818779402,9.470701461247458,6.41017503368302,1
72.16216828104199,-0.11690317685817413,8.819404031333109,-3.85634968085075,1
61.796266049199915,1.0916583851039405,10.47559207050207,-0.8534322235283014,1
53.243646166567174,-1.5323490823322017,9.386282781649241,1.178856982161902,1
67.15306374923016,-5.510405208211305,11.203629578731425,1.4932385984821226,1
68.30056370886662,-0.49392721057386274,13.258939167369817,-1.2773091890948165,1
71.28236130512683,-0.7343832622947182,5.073390155635564,0.25309525624704593,1
68.75324506754762,0.15875682944514324,14.499693052334026,-1.0478293024173533,1
69.23364857214644,-5.075007433563502,9.343830257424287,0.4730873521696842,1
78.72872435431766,0.7146635102207567,9.060829515301233,1.770350096804154,1
70.55921487334794,-0.10990157974619011,3.90428657960968,-0.6533475090020705,1
71.5441229209176,0.12347505874473129,5.528007132103866,0.18089338160084667,1
72.24773931543896,2.857600839028163,10.875476893027905,-0.9032935012280007,1
69.78912191183936,0.42093858212091634,4.227403859881056,-0.3298562141528196,1
54.8286002423327,-0.27014391138893334,9.316422335567633,-1.1194583909827147,1
70.09448690286669,3.484919781886406,9.515389999463233,-0.4107709281534958,1
69.31752205814911,0.06651843621673778,5.304726300981391,0.5391404677162549,1
69.11089832322276,-0.0838572817960304,15.181646080133493,0.0719593848654641,1
56.130963323184154,0.6412796972881065,8.431648828546871,-0.6907703072661944,1
69.37056477870021,-5.763613014136477,10.243114680822325,0.23162961706804597,1
59.34619230733437,0.36990610165577786,10.865036362173328,-0.9037332498791569,1
67.58616335943674,-0.5576920802441405,11.415796417453167,5.314570364816532,1
70.86459589552939,-0.5231666794615919,3.125133861614861,1.622863790733381,1
81.23759992439241,1.1023961958154298,9.81880905557632,-0.35726399792774766,1
66.79050696797157,-6.208236646153469,9.409768892743413,1.0900604228326578,1
72.83075043602673,-2.6865988913461347,8.682757219877255,0.5671234292256597,1
71.9821864371492,-0.6275840451386043,9.80367357046257,-5.844141888368349,1
70.56364266302604,0.35323679402238617,15.010157762012152,0.6159221382745409,1
69.97975556713274,2.7983433551404286,10.366689084248483,-1.0245516705748798,1
79.27402602479677,-0.41036145492654685,11.317766419687812,1.4557279451808514,1
69.0629829598236,6.270100281822465,11.344085975348174,0.3267866571770694,1
69.53590707087733,-0.20688236941695753,14.308532042500083,-0.33452736907513636,1
60.178740372892136,0.0402870950748531,10.975081031893737,0.308832953782039,1
68.61109136384833,-0.44990731723992367,9.1550549785998,5.347866153491508,1
70.87448780336804,0.20684453039008902,8.592522142449244,-6.45158532200355,1
70.93884068080861,-0.6727431499461994,15.708243199320375,1.2397877768477472,1
71.51100464709872,-0.48277920186400064,11.59000265231782,4.370415481934852,1
69.8289217656145,-0.4478572487049796,8.85823256383842,7.119526650688976,1
81.76255910602578,-0.5477591537759764,11.256671283068144,0.8129764191170974,1
67.66877752486599,0.7137976910043098,9.154565779627669,7.1751050150262214,1
61.500533166400785,0.29809313628501705,11.97208976153226,-0.8474567562445954,1
69.95616717884023,-0.2883932864591397,9.090962579480577,5.20881852446469,1
72.19052073344338,3.6170142075074003,10.841740748771906,1.52997883276863,1
68.79263305973964,0.48560643068070236,3.371351042704939,-0.40215255477858797,1
70.25377031915112,-5.308664893400218,10.366032697729231,0.08522123499596604,1
70.28677526814363,0.31156593084603534,5.292239551010348,-0.20250185694569656,1
71.49831411205557,0.55308382604528,10.112580236814848,-4.972339236280411,1
67.90895540681505,4.386024393749623,10.211369762842695,0.4286001962314074,1
66.11003961122245,-0.4410529198665757,16.49428404280435,-0.06382783584362449,1
70.21422071604724,0.1584874756114592,2.1705507813837936,-0.28218079748971964,1
70.01945208839048,-0.5077305213584462,15.938092742893748,-0.16287936320820065,1
69.3001317159808,0.5012710255194497,3.208818405457748,0.6861198126786302,1
54.74968193041476,-0.5838064340653644,9.560193347636307,0.9002614657980064,1
70.30136118892781,-0.05090980248197237,16.536580093475262,0.931961631323821,1
71.15662877014407,0.49011362494562327,10.392133771379019,-3.915109672126417,1
68.47798288327404,5.873321969916125,10.40636835146262,0.5041053408110091,1
73.26599700576449,-0.436844102100023,9.52617910848361,-6.479820590639642,1
68.71950603131474,0.06624227835413213,17.15131672673894,-0.5240849017425436,1
69.18412930586558,0.11858086109157223,8.575696835056757,7.297597076388838,1
70.53716232528116,0.08163803452011763,9.133448418587202,-4.8424604495106705,1
70.16124628448753,-0.8270421025745965,9.160044477132303,-6.6966780990836305,1
65.40006054256683,-0.881315377711721,15.620402932949691,-0.8571990283626039,1
68.72190125912455,-0.30609152821650937,10.223177323425949,4.269747012963989,1
69.50720641145955,-3.7088517167007637,10.606011086298937,0.3592487374440209,1
69.76598926742614,-3.9625952689614232,10.490415932063176,0.1789793300483993,1
67.19511184738528,-0.5262706706118769,9.071036892133977,-5.081074336870785,1
71.9231616089354,4.298146383131239,10.616495903595371,0.25827993529625387,1
54.46832999901754,-0.2657943988634067,10.465662002838403,0.26854066029789453,1
70.7810836360706,-4.334909582382131,10.043289992972229,-0.558277549099413,1
60.104826962488545,-0.17345341222546493,10.15043768109619,0.21242528160857135,1
69.46913249543096,0.013466025360332166,11.06188400697799,-5.968100763969797,1
72.8167664274186,-2.527281535501,9.12483127409947,0.061933295857991955,1
54.27012514864683,-0.6797424000524535,8.926598859725024,-1.0229315176049176,1
72.61322604196968,-0.706124472856586,11.37997413450989,-7.80803174315563,1
68.48438823329808,-0.07129112125067329,14.84492554036241,1.5668914733736974,1
57.52234470326208,0.735590284096854,9.53410486556549,1.0466977651814735,1
60.721080567164464,-0.4578588148306988,9.488888427213462,0.1266460225424367,1
73.20242043923655,-6.119082953193688,11.319835029902356,0.3669145330794427,1
69.34846866932251,-2.72969725191228,9.60461483359856,-0.38983555811807774,1
69.83959028467889,-0.06885760369842381,9.044433577307638,-3.7660986786994144,1
79.64328121223573,-0.07854945541253909,9.918571415387092,-0.7401052343066903,1
72.41977831296109,0.8062953137501732,5.925852210904052,-0.2289537389928547,1
67.04036799626927,-0.31467940909381076,11.257367610137944,-2.786192722816287,1
69.53614793308734,0.004295384626380341,9.998163903872682,5.182659310549758,1
85.09564321637916,-1.3946774564908155,8.156762793874748,0.29783163725402456,1
83.66281781312358,0.20280350450068127,10.377281834271121,0.7458721163042311,1
66.74629277187023,0.30781538924634244,10.138039205854486,4.453785479637749,1
71.01199792689353,0.9533632521869768,16.860459527002504,1.1718008824087245,1
57.60595426784707,-0.2555985326199319,11.320386491867445,0.5320436586488667,1
71.54994381756893,0.0064007608528989625,17.18060573333083,0.9121454624969596,1
73.22532817241573,0.33271673146193753,8.9298679205201,4.125894728265717,1
76.90923682452994,-0.2921276231894265,11.44941105188706,-0.027772827220830593,1
70.8857240246397,-0.3981595042665493,4.783391977002758,-0.04399999940262217,1
67.9431566580431,-4.448845102307358,9.105436860130311,-0.4859809106698335,1
81.01438034652122,0.5158181228077529,10.442394686193941,-0.2316049596446161,1
71.20877128846281,4.729247229662628,12.092791138077844,0.29424294838103005,1
61.22158812651965,-0.44297889706628346,9.588281638043163,0.3789606668902904,1
85.67276900840923,0.22715216605529523,9.817216711307326,-0.6221007791595016,1
79.08524798765193,0.1807085473053774,9.874528526794805,0.7379481790209084,1
72.69643437929753,-0.2091062681273981,11.792806325098306,7.393085200025961,1
69.79960469372664,-0.6788733127653916,9.700790155195572,-6.191481693389386,1
79.83274437298745,-0.5184606917036761,11.354323096077454,0.7850841622613837,1
69.25423010995932,-0.5582655081201642,17.231105011810357,-0.8419136287040584,1
71.77416194737171,0.467862784269927,3.692517168330033,-0.3592169448378087,1
81.68201918834711,0.13255581560791477,11.90936346792099,0.7795219033009304,1
85.49414232997506,0.20840647337837903,10.025233985072946,0.07053516440311891,1
66.11219351986162,0.30157917891221103,16.086326696821434,0.42796310969485385,1
74.15994475379858,-4.189727459952902,9.056660103416867,-0.8681492128759891,1
70.39926959606518,-0.46235792722796826,9.380454251453274,6.865624123856436,1
70.70158537770156,-2.7064670268899307,9.355781660003178,-1.6063058217871313,1
73.61233203405168,0.17234792517963934,14.83617419313012,0.9450470661299781,1
70.1626716942824,-0.4085457299989095,14.87291961017375,0.4204049593015506,1
68.58123653002886,-4.043415201892749,10.263403572989391,-0.7076146879207639,1
68.92392851898589,-0.43295016485047716,10.141177109020145,-5.45170185661894,1
71.90936413504743,-4.032237631337884,11.868808492907426,-1.1603673500086555,1
81.72320951226834,0.17440741237338328,9.955882794380882,0.27700324365786844,1
71.68948175198514,3.806202028689988,10.685391646818793,1.5612162619327057,1
70.29162584665119,0.2977408959160947,10.865681834418146,-7.409946768198561,1
69.66320726629283,-5.12440181836241,9.845688750049325,0.7507617055334638,1
71.16920706980957,0.9693042764512593,4.514782794919491,-0.13503697380184257,1
71.2054706869399,-0.25120518339005204,15.564603068472826,-0.03782229545833708,1
78.98419810874837,-0.45350251453760804,9.3997601262281,1.5008639723788297,1
80.54664783544781,-0.11649073711415495,9.635514358142327,-0.2880935161183359,1
69.22273808709569,-0.24000491868466908,9.989579173713702,-4.967963372506468,1
70.9968828343021,0.47814930116276966,10.196763448656796,5.656989375143657,1
57.66865077059131,0.7553260488256246,10.808125183379698,0.26141180371924444,1
55.98823460924857,-0.33745642626944394,9.637641357428075,1.6331468918162468,1
74.79934575963715,4.352027595365739,10.490790039677124,-0.9434174743032818,1
70.45643543004681,5.9373861631607605,9.450221746148143,-0.00876732152629463,1
69.88784866071869,-4.543799135185684,8.828983422353206,-2.008967259900376,1
61.85339828367228,-0.05447557734777383,11.242820876335617,-0.5391674717169075,1
70.34907352098243,0.07619205513320221,10.48706265316962,3.7245836324728083,1
72.33673020199564,-0.3547908405303964,10.413425967025821,-5.863502205062486,1
67.46315874599532,-0.447049112999519,10.884151294738965,4.399922443264654,1
68.2837051642393,0.17687380668000466,5.202435899926071,0.021535073225283627,1
69.81365924760871,4.962416741070426,9.950510119614218,0.023308982391333905,1
71.93567216145739,5.062056226467998,8.293211266433305,-0.5200933641332476,1
69.3708864563059,-3.9802164545638443,10.593712649698132,0.8991388100371888,1
70.34587400888188,0.10588334086043391,15.49727599128077,0.18922871061788205,1
68.44438876152225,-0.012845418999543431,10.349378001920618,-4.800016582090867,1
70.5697192141654,-0.23031542550282721,1.514549831718413,0.7179598649722866,1
70.08014301233965,5.699959237090715,10.325151932675531,-0.14868212683567827,1
65.46076900654477,4.236059427707044,9.408652800067237,0.9725078690961363,1
68.33777922935427,-0.652072897133766,17.191411237932883,1.3035242484147247,1
69.59737582889153,4.913629612000286,9.551247104298943,0.8383838199365796,1
68.35485007969335,-2.7806309787452292,8.434724157856229,0.24665843213613373,1
67.44659716840606,4.955197622107085,9.149275328011948,-0.15430848062089966,1
65.07527043710654,-6.201184777946894,9.016167329981831,1.2231597361799214,1
70.3105853904326,-0.7033654593854801,14.97710983382138,-1.4013311356090974,1
70.41073428988679,0.415935254895578,7.812512010984818,-6.3636213052191986,1
72.0129920677067,-0.7379059791319846,14.886007297166927,0.17926666196286034,1
68.98698706208626,-4.997078965544468,10.432833051234203,-0.5574767841191625,1
71.1245057556904,-4.32923849119795,9.682152842075853,0.9093703839077003,1
70.07055991120325,0.2921751680165213,16.931498890030625,0.590373970460903,1
72.11583714074843,0.1289878932600012,18.8704811315917,-1.1095641759258066,1
68.62493042166398,0.09115428135007464,17.450168519803746,-0.42977051269720096,1
69.40920206080386,4.5255617945519315,12.210823553760328,-0.659857148049635,1
58.05933645936298,0.2875613293295822,9.724245988017485,0.4355202897451205,1
68.13800636446922,5.188518780960074,10.210601508400993,-2.4824061578715653,1
70.45808528908812,-3.916671041903662,9.938750455606245,1.6258090213222207,1
69.07065904631088,4.8872402329281455,10.04171745948485,0.008133892579887921,1
69.2514874084552,-0.08855900988458627,16.26295130953035,0.3224879109582435,1
70.55112846981008,0.7578218151110195,2.4514770595582354,1.0556217185551113,1
68.93233153023341,0.2665281051000889,10.433823809364169,-4.3821366964660395,1
69.994298099423,-0.10488530491018505,10.870410548536434,-4.92019220421345,1
71.17355750027615,5.574709340399279,11.086278068979237,0.4512795496232446,1
67.69684992312665,-4.785233527750722,8.741052032503319,-1.3992639225020191,1
77.6137439640022,0.7677545183999248,9.131362566658812,-0.5970753849923781,1
71.10769263246702,4.772418127913211,10.238782820107982,-0.548084977882413,1
76.71405794253056,-0.07710067613437002,8.419095011526236,0.6990261310987734,1
68.75025030350444,5.099221946343741,10.37167408586269,-0.16828866273754395,1
81.04008284503539,-0.753799266816158,11.20340117049569,0.42969982092383197,1
67.78755157043379,0.004619739190180776,9.277954325235447,5.159988897722478,1
68.65022498368553,0.3271079193373524,9.581589422620464,-3.5667248696826137,1
58.50401864772614,-0.5918105212249608,9.775633813443225,-0.5066339697253909,1
58.02957966436096,0.5382330072411687,9.139141469636556,-0.34654495525204543,1
70.53880435380744,-3.7416137015168207,8.82193253625641,-1.3463843670462186,1
57.65200253946871,0.6758088988379536,9.342775664609904,1.2170815768572105,1
69.73279088558547,-4.090980053140991,11.14784198967768,1.090532960371745,1
69.64177591231805,-0.42974781612216856,16.879192254759403,-0.007703412243618417,1
69.12055253650847,0.09191341820451107,12.553137647249951,4.8227384966587294,1
69.85329208402409,3.365875605800005,11.016403893485965,0.9318219683342955,1
69.42421349090644,-4.117495201187282,8.29476943305898,-0.6085955695845043,1
60.622858337456336,0.6869759128539817,10.148011759604456,-0.748116262446009,1
59.194148055059834,0.5323865248502444,8.803025316003275,-0.22679747341412582,1
70.90904319810103,-0.41245634878499615,17.80846900453008,0.5976155194983265,1
82.58090233148687,-0.7762865454860741,9.687112463297098,1.5010295301777246,1
72.1289693531006,-0.005227849487776414,5.940435003820722,-0.4440690742692719,1
82.6652548430238,-0.059927823233131804,11.932603619861032,-1.5849905770038921,1
68.87283114335436,0.5107998332369377,17.426220845733035,0.017751111748112194,1
70.09399836289579,-0.2572476181349294,2.61920860058353,-0.7124689855855229,1
69.01379965857538,-5.100184029769515,9.422484105280692,-0.5706344135709517,1
59.06886110307056,0.2700171284739755,9.439907346606477,-0.7689817657636708,1
70.16954962134396,0.77585345403552,8.674995782400359,-4.686866185558677,1
69.83565745437652,-4.2241431189938385,8.616915178966874,0.08828920991553706,1
68.95999466484653,0.35762373124020913,3.534769816297172,0.661229983374255,1
72.30160832525695,5.142363414813463,10.032387383944188,-0.9278595447730957,1
69.10773985635899,-0.47446406851696626,5.517632877189049,-0.6441906461164402,1
71.3678940487488,0.2822240170097347,10.772561395070177,-7.611240322866869,1
67.541014487418,-0.24195749243181525,9.905532262537415,-5.036464648884088,1
68.44017612703753,4.2716509098440945,11.291713183153487,0.09212329806007816,1
73.23765398349813,0.7278828481444212,10.256719529371129,7.996388699491366,1
72.94521624552142,4.9858293063314925,11.085454243338276,-0.40127202618948515,1
70.95699604715507,0.10780071826245148,11.358383419729519,6.348413328032454,1
72.3862275563374,-0.8699685010637598,8.422097844881856,5.257282139648245,1
67.43133445327842,-0.10416930189724133,17.61395007520398,-0.9943058704801593,1
56.031305907058766,-0.5013928675479559,10.5549530341739,0.17081115243480938,1
66.87866235742133,6.097626559786111,10.629391127441824,-0.03412931852688151,1
79.02780638028233,0.12587841369221447,10.506573820810367,0.01101398421202407,1
59.53392351910723,0.31856096618493,11.648731771992244,-0.2257053832535331,1
70.26349082080719,1.6677583068983366,8.896103849344664,4.760744263596404,1
70.07191565457666,-4.283240698912329,10.146569530132924,-0.48019857843325425,1
68.82109850889206,0.1688977637592253,15.470969511780233,-0.9256834312676512,1
71.37546977017293,0.5915942761966182,17.38595965639911,0.27286846579295065,1
60.51860489805507,0.8083874329475624,9.810630156520324,0.030110957308175874,1
69.57032199028431,2.9695431718978615,9.666896976555062,-0.736755741858903,1
70.88180909878166,-3.968514131665523,11.114556587277526,0.49650542486050686,1
71.26619352243553,3.9799703962944486,9.589989389898369,-0.7812033958293336,1
72.87841196522234,-0.15334901812456014,9.382518916484472,-6.333972701530481,1
55.666669224715235,-0.24807898080185362,10.08521905179079,-0.894365577820511,1
68.63636511830146,4.041088123504001,9.218187798370037,0.49629751466865496,1
79.66396411264921,-0.2375802141391483,10.848209769301896,-0.21269543994111523,1
70.91885267764422,6.686875886573979,8.782611256963788,-0.8172022309636695,1
58.488122622102416,-0.504240648012563,10.276577033449975,1.1108123156094132,1
84.04828701246251,-0.24541963774877495,9.994624356407893,0.7331951486638904,1
66.76216589813062,0.4818005071933213,4.985478289959011,-0.36103843100233757,1
67.4534194028724,-0.005301226852417312,9.641502046346227,5.070501966450611,1
71.62994156133435,-0.5667107134522719,15.023412492945965,-1.044219293535679,1
65.71806901526521,-4.035704102912146,11.834974978973522,-0.9403924034940699,1
68.15596674128649,-0.28092027566355077,3.2808341620321837,0.5398350996759045,1
53.72652947740502,0.2539966292987413,9.209393865900852,0.37980788324796116,1
72.01047043890367,0.40799308101440956,9.628385352553586,-6.109086110100155,1
67.62745196528027,-5.259369230764237,9.852417824455074,1.3844059472749881,1
69.89363772016621,-0.4381853957694299,15.648746488607568,0.18004423545913012,1
82.11787446420364,-0.36264117425763304,8.139370636010398,-0.4055205694227162,1
57.96205425674505,-1.23462346777147,11.351912437914274,-0.6338349410934861,1
69.38598254371672,-0.8119841636408528,3.192656521009611,-0.043182741571384596,1
73.25363372632017,-0.21280818412777824,2.3461465891635944,-0.7863324004487353,1
72.43309768660723,0.3699197777047192,17.64971667439113,0.15063359798804649,1
72.40426233530053,0.13173015346604366,6.807654824494333,3.8381273816687296,1
73.88532520115635,-4.4723402570790265,10.234996442628118,1.118399224662341,1
81.8717269701715,-0.10190118479214884,10.068884169530548,-1.0491895138896172,1
68.73014101009456,0.15278728724038335,10.09664365754864,4.799314521885707,1
64.11078313801318,-0.030412438346485864,3.4197706026966603,0.5896917919563175,1
78.7196473824684,-0.36902971916441196,9.15607746039719,0.9605363198704207,1
72.05405623648844,-0.8205943085342778,3.7467903207955393,-0.49165071283023015,1
70.56091201372958,-0.3044260574369512,10.037698728766838,-4.972918361105694,1
69.72882958799458,0.5222183561029216,1.9515662806916705,-0.303467505735757,1
56.12780547031579,-0.6033270854128643,8.764739374421644,-0.01623006302810021,1
70.20889980559558,0.21660418912347257,19.115780666636404,-0.29043158047486706,1
71.10730042902316,0.28666839828285634,8.808813458882732,-6.031339139517819,1
68.29931274167188,-0.04202573726088314,15.505645380039528,-1.1285575205981793,1
68.25733355885217,-0.35308194422745176,2.304305355456031,-0.22988703296371116,1
84.25565613517816,-0.2401757980600304,8.84752611375183,0.2948069760165298,1
72.7317609176646,-0.38854870026498045,8.900609171433599,3.785914557196265,1
70.02955632815676,-0.3631986755591454,7.637461341446694,3.369694113118932,1
59.4337863714338,-0.1970549871904431,8.955037219614299,-0.42753966052704384,1
71.79581099036662,4.846126177614914,11.033494413469889,0.8357022260988863,1
69.52802056810927,-3.4434856704479153,11.848210129083148,0.8944356944959791,1
66.80964432735334,-0.5884402362118174,15.082907617889864,0.060294237669113085,1
69.15220798191673,-4.683483291716278,8.688383069183853,-1.0473886674812911,1
70.07113174541036,5.688242633728892,8.52984573902234,-0.4471419954422275,1
70.32666385402236,-0.1086492891946472,8.732351589297476,5.570702120824135,1
60.7951746274085,-0.5374348456697842,10.089861079118851,-0.1279927592777736,1
67.65077624568067,-0.1912896062453984,9.65943690720922,-2.905829803924027,1
55.522841737078934,-0.033830923414762584,10.89064412064775,1.139766176431729,1
69.65298513348347,-0.30318170283820756,10.009879659066469,-7.228351236519392,1
73.34504828784156,0.8094611792346305,8.82127979364289,-5.035540674379838,1
82.83218591804783,0.2641620515924369,9.213850467831088,0.37214814943417984,1
67.32098560859596,0.02824123105418288,11.740696716210461,-6.398977382270306,1
71.08582550136502,5.517138679688906,13.014463576459253,-0.45809438318827617,1
72.31443639896034,0.12360712718669592,5.172814650768581,-0.5127234962649182,1
58.46637915487767,0.4015933964232073,8.664572015216027,0.12015821975563108,1
69.35114946096708,-0.26429765019160434,9.256165987499303,5.385613829812763,1
69.23796206764908,0.9406346907905909,9.234463665029581,4.374834087954999,1
69.11089334689801,0.5018841677177799,17.981481239120683,-0.7462176819431885,1
67.86411107990864,-1.0973422092414573,13.999382322496311,-0.05134931790747162,1
67.25744121305206,-1.0047430689762964,9.717564778998875,-6.561475202774365,1
73.21093444301694,-0.27045497986718087,16.294497378010384,0.23539060145029633,1
70.58230815619774,3.251588073953454,9.509680780480508,0.5825333842803768,1
69.45055626930953,0.004795892948216088,9.00480160360585,-6.045150022873076,1
68.62897298880641,4.293127040292199,11.204545577151556,0.4366367694637703,1
56.56156546062657,0.517142187015063,8.944213910383269,-0.04858800234070802,1
69.90709236178678,-1.07261171790413,1.7985478041690417,0.8536239712160416,1
70.10170191057975,5.054777536010344,10.411109321075314,-0.287257925040633,1
73.53229980325408,0.4649411843652163,5.513817310012611,-0.9126001139802116,1
59.35455690458127,-0.30078217688142395,10.39817534465797,0.5479155178558578,1
71.88025130729561,0.38937598094606396,9.186841271465024,4.525836722052111,1
71.46916056385126,-0.09779689221796034,8.425669992128066,-5.184286426363971,1
83.91264144004327,0.6166842693924727,9.530455146635965,-0.5270675802098975,1
69.23184426199194,-5.273066979124657,10.64661881214994,-0.029684739556516727,1
71.1262255991901,-5.212162984001681,9.672348607282872,1.3502064606809703,1
72.14217424510575,4.19950811794439,12.365326291351492,0.011608687557157906,1
69.39829973516649,3.474891469334256,9.756246272902262,-1.750637612903894,1
69.32115881586483,0.9476017877274083,4.993677082700422,-0.4562119971594785,1
59.843946857276464,0.1148609208609978,9.805189647335402,0.1097705323173021,1
68.24431166590571,0.06996108352526575,9.551883765410325,7.992981251014593,1
69.41269443481382,0.1768267361224842,10.55929757849552,5.128076400107234,1
80.39250244580292,0.8174341744919758,10.095240202546995,-0.27011681691862593,1
71.44885904514177,-0.23883395149323616,9.633151741418061,6.396286914315345,1
60.89351006983313,-0.5593495331418795,10.86922200856272,-0.7110484684892229,1
71.48720722831487,3.68039771947631,10.597018642167027,0.968660969337228,1
69.36944352981786,4.2879270604993,10.053705195339909,0.1392131993790826,1
57.110127292188544,0.15935110438313357,10.562768660211416,-0.09339048124763194,1
69.3821651161451,4.862943110621751,9.06591869361125,-0.6077068039286098,1
69.83970968201393,0.20120937924843102,11.529672499916103,-3.9824810753725832,1
71.90122896370977,-4.750662009299527,10.059519161314876,0.3542982593450977,1
70.24790229597777,3.5607069284565434,12.649983878420944,-0.20399247622590155,1
69.42913599929895,0.3885238051341147,17.88212230819639,0.019003138548215753,1
72.44708935149501,0.8677207950985198,8.984266889020061,-4.812123213664118,1
69.19608984711455,-0.03448923684773099,14.885211049344207,1.529150232396464,1
58.35582377280349,0.4528940868668425,11.041079698564857,0.03207996778761184,1
69.78149300197374,0.7325304456020258,10.589471940044,-5.298566438270013,1
70.83212157686076,-0.1694547063845514,9.85196403910799,-4.9621215756257016,1
68.41935901081018,-0.11666189317175361,12.026978808524182,-6.680410612711861,1
71.7861851595623,3.1719946733737077,10.587244496083658,0.17240624714235123,1
70.39457724621923,-5.0268417302865185,9.060870433003181,1.0827475246423404,1
77.94772460814367,-0.06845929313541425,9.402094355464113,0.10990500431588768,1
69.759214666156,-5.61808607917582,8.690626998795128,1.5195417281874792,1
68.56571333855129,0.13035092277720903,8.766202815051933,-4.769350991766149,1
70.13434071087046,-0.3819328016754723,9.222044555414957,5.889954893190849,1
85.4195583170492,0.9849923600736319,11.029011585905222,-0.9177447575896682,1
72.05298266688517,-3.2976696832918537,11.074329311216099,1.8235581761039985,1
72.54021124056162,-5.338605134298687,10.935182131669473,-0.0027834951019704767,1
69.03266490098028,-0.07446972707797153,10.414675481403217,3.736685587858918,1
62.051729669862524,-0.6793942490631932,9.28799675648278,0.08206543728390953,1
59.75360739771043,0.6731069782690887,10.053869633065052,0.6011458052588179,1
67.30119967171231,-4.625427246524794,10.690541246123825,-1.2970315819191391,1
69.04514123922063,0.8086015454150226,6.514986553227283,-0.8952688032433391,1
69.15873616997527,0.27191267376222605,9.320627471350686,5.895153997921909,1
62.09058651186301,1.3545867651041705,8.58403205108439,-0.16293799763405442,1
67.8925755855278,-0.7790368241648201,9.739380978118666,6.302656125870278,1
73.30671600899834,-0.1330780927839343,16.43413955346768,1.181221910490893,1
66.71963850098335,-0.48188497936121477,4.51523361703415,0.27935030290495416,1
72.18377709725121,5.139393741217657,9.178709167247561,0.0691855888053291,1
67.20722955469522,5.24443923538914,8.867130583121625,0.1630750169526064,1
87.50037627315369,0.14529880189696065,9.23973038364843,0.7685855794218854,1
67.76851071947141,1.0215378884795634,10.030928963332016,4.883599956665635,1
69.8578702130607,0.03463429351459761,10.661152560388237,-5.701752822207881,1
69.90540553785642,0.2819809300170118,8.831274594431438,-5.667944686898897,1
68.84396670084551,3.012297144182717,10.286540130744498,-0.36024072064722573,1
66.98768781280896,4.403752700718343,10.142249861563526,0.10285500623034934,1
67.85451259979472,0.0569956554219117,17.748936012671642,1.322699804137143,1
59.45623855226721,0.8037930973873445,9.092145257845315,0.3566309591805076,1
69.78922405749137,4.876568030408988,10.829312459265013,0.2973332171787357,1
72.08213850512756,0.7841661481715139,6.6373685021557725,-0.18973568754032075,1
70.11608505820008,0.47703175101010176,14.043584326896429,-1.6525200792022365,1
71.02511596827146,0.6265593081343376,3.7913558210185094,-0.3248354308179166,1
82.46405127507798,0.21111924432392135,10.424306469007911,-0.8624024514051869,1
69.67562776179881,0.5740657858365981,13.461488062387648,-1.0285010359801177,1
81.91445481795097,-0.2384917520797483,8.671357454604124,-0.2306529325639343,1
71.79178042320015,-0.06615903791964574,8.914602461625382,4.395992981985983,1
53.855134938294924,-0.7368265721199571,9.995287667873113,0.7334281175827565,1
66.2426536994872,-0.2502281327937,8.021883465617643,-5.757225488757418,1
83.58958104317328,-0.5635900398541354,10.788552576329836,-0.5656962939168023,1
79.51313299584383,0.1295372164510778,10.247348823733269,0.3186114132967598,1
79.3163893113352,-0.47178774035330406,11.17995471713277,-0.4945208947394206,1
70.86287805679437,0.46629834356218114,9.863617177130564,-4.506141110306201,1
67.63262760628137,0.23581814701736575,1.9906612598266076,-0.851372006801058,1
68.9319352732263,0.5028395322707386,11.013801778783973,-5.248365739286202,1
85.54927028945241,0.5021275376385815,8.675975520631585,-0.4365023723983001,1
69.74151945517356,4.3223001751885715,8.7841939099306,-0.554786568849231,1
72.49677461187973,0.4530275310106024,16.9379196345729,-0.9205896830612258,1
68.59928730278855,5.7754175203644875,9.780412618927228,-0.6214921484826057,1
71.25204056164702,-4.170131345549383,7.56176855657829,-0.8511664845749025,1
57.54045679363219,0.276250865831185,9.956878533979209,1.0067914566517895,1
70.69809175113063,0.0024855663130153366,15.451507724544172,-0.21620842635986676,1
82.2321241111867,0.6946636766117484,10.323120696201448,-0.00836250920715142,1
54.93452207523062,0.5295887889170949,8.679922926251336,0.0913488528490983,1
69.99096659830211,-0.42694192160774624,14.38387759826023,0.15672199500388195,1
67.07828033213549,-0.3763631195262082,11.181772141335657,-5.103259024228567,1
68.64556162166775,-0.8498191397011006,8.439673908085917,7.791220710966246,1
69.79354615263058,-0.4747281959197237,10.905511890022762,-7.381328668458908,1
73.70482821300642,-0.5895354695106084,10.470627014006649,-5.661167353987434,1
80.24332349921951,-0.7366120965109345,9.493725677575833,0.0112886129264642,1
72.83997970388397,0.009022832241401721,7.730943965729075,-4.489469644032525,1
67.0768908431195,-4.697888563745543,10.77722959964459,0.24109989730428474,1
68.3966277997352,-0.8815198390052915,9.448454395955492,-5.2143856667652875,1
71.92405371990927,-4.761339490089309,9.588866182991099,-1.1768115828724708,1
69.90285162718067,3.092036954409565,8.49015275960526,0.7619213802906472,1
71.75737995617813,0.6668662116030424,11.32149392443167,-6.144582891161114,1
52.8851772000001,0.06462506329601059,9.47580192244684,0.1024782985423775,1
73.19727379219337,0.1768008453638982,9.06788529462151,7.7370765671656665,1
68.43699794053063,3.18061268736148,9.621383633135272,0.7795720102281203,1
71.5370000269139,0.13610342430411493,11.04917193941607,-9.190119199909635,1
58.872011229221734,-0.4869647546319479,11.524374214738401,0.16530114318837763,1
73.58563882260084,0.18748570131573802,13.832144914560924,0.18236673293940472,1
70.59060544620141,0.9899236067405164,10.967226705136866,-5.3121881077180415,1
68.4058449125739,0.35638394076341257,10.807232799661286,-5.095562691245831,1
69.51318729543367,6.625289352988386,9.11352214144415,-1.0014107697805998,1
70.25564321298961,0.35000010127492115,18.956051520180694,1.804187898538883,1
69.70419779336996,-0.024104922205980223,9.646706531065231,-6.960508225809681,1
70.15917574142065,0.24478783705635915,8.693276933953927,5.894457055743935,1
70.52823153799211,-0.23267971194326661,14.432218187051058,0.25727537305590936,1
67.13680353179737,-1.220728164036213,6.083508171878799,0.1088131257206561,1
71.96481257492518,0.11342525298712419,12.584179245814347,0.0654829331022133,1
68.33840884931408,5.589740922182733,8.305667199536032,-0.7735839603512558,1
67.50226769539502,-0.25322465647269815,14.629343432414608,-0.42759572841468946,1
68.92180924272704,-0.36210817749766505,9.459046866440083,7.030645114639816,1
69.3539371988228,-0.4467519655522465,10.445866367816983,5.364379874064816,1
75.08321126420861,5.989898941466136,9.363055012093511,0.15032540058856578,1
69.60613933642007,-0.01875783473916404,19.65817874717747,1.0262785707262727,1
79.05260912747913,0.37423614343700373,10.083878881258126,-0.8014716316552969,1
73.34732500926698,-5.777654637167753,9.178431549842072,0.3015945669220052,1
72.02264379334794,-5.950123952671425,11.41334936697095,-0.789913390355558,1
58.05788439243972,-0.0043056130260900214,9.810101168902182,1.21660242093682,1
72.2976588079621,0.280515996742034,9.757177911515305,6.105574315581925,1
66.79217646381673,-0.2819287135814561,3.8246934969661943,-0.9700330713457697,1
67.69810574483449,-0.05558934135205541,10.677492415538158,-5.835672121440049,1
82.85408809636219,0.5590444903166368,8.305139299695545,-0.8939475257292216,1
58.108503207031944,-0.11371500777429575,10.287665686647625,0.6100736588877701,1
77.52848800640163,-0.26803376488002806,9.282039930351683,-1.5915446826299293,1
68.44553676912177,-4.302632972236765,9.731720012817512,-1.1509368688716135,1
82.31735146086771,-1.9641480627372732,11.274091059554028,0.7136178164829912,1
70.76636905301672,5.8402102019170385,11.75674994092106,-0.8601359924074432,1
70.179990924666,-0.2753664759913906,11.174759482854622,6.523897187520668,1
69.06405143715077,4.932265771243525,8.247049980034461,0.3880291785720117,1
66.84663778367202,-0.5638676188478094,4.47427662219183,1.0241321239781538,1
73.38627298370749,4.945051105347673,9.970359321850088,-0.7679286073342403,1
60.63511271284965,-0.496954749629672,8.017970817019997,0.09007391310117631,1
72.77383536175905,-0.08772163551503043,15.659686254189534,-0.5517349291485032,1
77.83808257895168,0.27848729190166954,9.45083888258104,-0.07913286266428599,1
70.45825719775569,4.717956308496677,13.301879631049898,0.3838516487106382,1
69.33128750681463,0.1463671588232789,10.177537039102093,-5.672506074235062,1
71.83708400467386,-1.066027626237597,13.97822251858675,0.46147483676759493,1
56.8762205438059,-0.9089743322922872,10.23154557693181,0.5710465004659299,1
69.50940513494649,0.9111664217187003,15.959156700300284,0.4332382611003019,1
65.78624004539179,-0.4527123802492429,16.882116137723482,0.3475044331796713,1
69.03153174049409,0.22482709295119863,15.71499970813709,1.292530475540194,1
68.90243322055873,0.11753194688511097,10.078184291862822,-5.425167451748434,1
67.66024127227747,0.9159039415854551,10.486791816783334,7.274406526114985,1
71.8896059522405,-0.798470614630849,10.046865482220324,-6.884958166164561,1
80.78350489512272,0.2888271774251544,12.351760603239603,1.0445847080606476,1
67.11408145913495,0.8409421911009103,15.730489219866719,0.5883762631052533,1
70.49970587920004,4.358717673527931,9.448770168137685,2.51990325829408,1
57.58404299654012,0.06693046591139314,11.551385121866026,-0.40515342391115294,1
71.74458414087691,-0.7069393458036219,11.927414903115002,-6.996443725081289,1
66.76250079097548,-0.9750072913127573,9.94950988085186,-5.336679239668139,1
83.29173974876852,0.4859207912132546,9.644686697352766,0.9721145101108402,1
70.7013901853393,-0.25393051824666724,10.418680784045575,5.4440370296919465,1
70.74693412310688,-0.8149740941691921,9.60190819932119,4.020271136324018,1
70.34079443751104,0.3475887278083594,4.1595631406215,-0.2856595157930556,1
66.60735471093436,0.12401248724930802,9.266483520880445,6.189900159116843,1
79.79116578891445,0.20428483270871262,10.410214824860653,-0.9201324412687051,1
58.51993494826981,-0.1600189738086418,8.814062702271677,2.440428811132554,1
67.40756599119551,4.497165356509085,8.645487855983681,0.8271349117569085,1
71.56262128758898,0.7830048185246747,15.93939468449142,-1.424192701458245,1
68.3973568632276,3.602699643705599,9.096033268460223,-0.4852421545511913,1
65.62316552059528,-0.5682062669647433,10.724643411867513,-6.642780164633473,1
71.94378327869187,4.454195070961844,11.579722028926435,1.7443553725567256,1
82.77194630062758,-0.6324643628533608,9.677351122112638,-0.8696001925692047,1
68.50166593151847,-0.4819383828585855,10.324069549727867,3.712055977750493,1
69.9811704341359,-0.20202822012482208,10.205834662392773,7.373133343865602,1
72.63032661475654,-0.09088295427032739,16.88967000464227,-0.2804764561103605,1
70.360767822627,5.083633216932787,10.316088507320282,-0.06284183197954511,1
67.91068348300949,0.04138654020068086,9.46204114310343,6.958474078155569,1
68.67483531023456,1.224293330716172,18.20424562782437,-0.5687283793587511,1
67.33421458532567,-0.23500525153579152,10.65560997554182,-5.454478430577998,1
83.16431976234722,0.018005324066454092,9.969944280122666,-0.5001741348166231,1
77.36578873898456,0.26876306439932396,9.614584653032882,0.6363374014369888,1
55.50588924624863,-0.2000872478947025,11.26114269697356,0.7152973607041666,1
85.87140628481012,0.0038592382654093773,11.118471923939358,-0.35380599823911874,1
70.68568031282274,0.2578670512005093,18.85070692132323,-1.3371818773898536,1
67.2333818198133,0.3604500967000773,10.580882838023768,-6.074781527364026,1
70.77309454935084,0.17032248596191935,3.6717960226029067,0.289685658310947,1
71.01462430824367,-6.1226535452123825,10.040767190471382,-0.5846776814666945,1
68.47761141395532,0.38960585945754533,8.92146950696965,6.7962981093788,1
67.11504492858266,3.756331441773314,9.003096300063817,1.3522886710143016,1
81.14386888815721,0.044763990440790956,8.859471426978418,-0.5813677394174861,1
73.78677241282409,0.4824557847931961,8.603237081497472,-8.023443903144516,1
72.52671464891594,0.375392401061509,9.76245858462577,6.890372317588586,1
74.23393105264552,-0.9053007063648878,9.069579787325752,4.851950220156674,1
77.50430281832206,0.20997681498079293,10.820943791101035,1.199596786012395,1
70.66400232204873,-4.958763943088295,10.184661701491011,0.7253728650618961,1
69.09845660199557,-1.0121584185486967,15.459845565144809,0.7717827733217982,1
69.7056622829703,-0.5624360197022059,2.943252865345098,-0.13106415349118047,1
68.58996828870242,3.7537114055248684,8.491103801636722,-0.824655126781289,1
69.97279417487742,-1.295412399601018,11.35758110508125,-4.253290229041896,1
68.3451981707183,2.9089266197426764,10.145074055727825,1.3685513816882933,1
68.44551430987129,0.669101402423173,9.953106423517477,-4.695981595419619,1
52.393200140612585,-0.6922003090116519,7.5616816616806135,1.5477593494087079,1
58.71517460737648,-0.2732603858971236,11.396062512223477,1.4415751576456552,1
55.38000691619072,0.10963852330395885,7.983832783786157,-0.10572705678891244,1
58.65526757038133,0.44208028175996794,8.69002971179345,1.2046898952213825,1
69.9450661899089,-1.5892501157293446,9.074038211501783,5.9942075805068615,1
73.68259217808102,-0.49180965558512174,10.130200454405507,4.250409504484893,1
69.40955326670003,-0.42652507501656384,9.600258725510853,-4.399129828428969,1
68.43502917657719,-5.030244524294107,8.728143160982567,0.9063863411721398,1
74.69166914844132,-3.8443559153967213,11.46002167094063,0.06954836910792588,1
81.19219432577412,0.25505954701739764,9.342405569743304,-0.030823617514365315,1
71.96355186638428,-3.8691100074173335,8.81043231358965,-0.27662931532818263,1
70.93345748748347,0.13523912079029465,9.708496111696396,4.331446207825059,1
72.46487141652857,0.2580823965018694,16.22450915773397,-1.2809781045762518,1
68.60716138285999,0.5804638941574604,18.39402160804168,1.0170682709633367,1
67.21366280564833,-0.25759072387428555,7.43683793674219,-1.2494932144022972,1
70.28055014637745,-6.017389625617251,10.427065435332215,-0.3648821054199507,1
72.38350599609693,-0.1914440384645333,3.2252843499249986,0.41303460027244016,1
67.43022188767529,-3.3560702913690377,9.498601966384163,-0.5442743745095601,1
71.38768618929298,-0.47440193772968664,12.856096409176082,0.6283621499208021,1
71.196576617019,-6.222603754226889,10.116582657514911,-1.810573278871769,1
69.90437994939197,-0.15715132285592592,13.026960478147604,-0.5362928348428969,1
71.99994555854788,-1.0832148092758946,16.173494123548927,-1.3266750349800007,1
81.28132297644629,0.06583991170958473,12.167121156566207,0.016431746849740067,1
70.51392888396593,-0.3661165678271235,9.593289913657578,-5.338686684814858,1
67.30531065867194,0.6575469009117568,10.186782381054666,4.073766902233885,1
70.37075421926771,6.839367735285688,8.455630936046047,0.46520700073000293,1
72.50895764878501,5.567413458137536,10.373270335619287,-0.35811868967098415,1
67.23261149565562,-4.463458287784332,10.028764698226118,0.011591443175738889,1
67.28218697735284,-4.1874077007945285,10.094860292817831,2.35530101653015,1
71.23901539788086,4.6938520781044595,9.400915165423351,1.027007590998549,1
72.24981967658059,0.09423798381866758,11.083683753172346,-6.3422816972442275,1
68.3633685946747,0.5247353679608012,12.900932390308219,0.6653623358197569,1
67.61130594614755,-0.3312381168568951,19.298753191199275,0.7372376005100458,1
68.54045503257883,4.8781797318744875,8.913669312572946,-0.7565092789355166,1
67.31065564900415,-0.025211117734958564,14.890322379752561,-1.564034621839542,1
72.14120329879518,6.335749323889245,7.5323238612918795,-0.44413923933293864,1
71.96436348032121,0.21075829965085818,10.490368802483674,4.853578551408519,1
68.4040883568611,0.058751822809928425,9.457002517567286,-4.490316857558476,1
67.84164970270007,-0.05173572670634091,0.9229029955694035,0.9820422366688059,1
68.8503811491349,0.5067545133738047,10.853236940797395,-5.10306732771506,1
70.22497243763408,4.635283599167336,10.405026706040486,-1.7602833308054402,1
69.25125921295218,0.7983861173469831,14.232979164754383,0.2962842833813677,1
69.9035437455288,-0.18487241421544998,4.975748597432789,0.6706564958435602,1
72.08637161197203,-5.4628917755547235,7.24253391057727,0.4301811764979484,1
74.05998534076502,3.291577134153711,10.263097806613851,-1.3410900659770884,1
70.94405853476451,-0.22934204865234284,14.94355297432385,-1.0730740295472043,1
51.573950665312616,-0.7409121313050677,10.355720842379688,0.4269466380448747,1
78.99889233563619,-0.10162706499843846,10.077406352577267,-0.7068737170853057,1
70.6212182609573,2.8774533401163573,11.113101547942769,-0.08851409092010507,1
67.46357126869165,0.18139235840062654,10.618922742800628,5.350854720062543,1
72.31883848103512,0.10014474611358495,8.934881143634598,6.392862288827372,1
83.48503214374104,-0.8098950788998908,9.675097574068985,-0.6124109827703595,1
69.23187479322264,-0.6496319429829603,10.756255544599679,-5.143074796988956,1
61.650539898297524,-0.2966019302970936,9.625767769856505,-1.1867573669382774,1
68.88630206767644,4.956561210529722,9.818389616822527,0.5710846997120469,1
79.26233443272478,-0.524772862496348,10.802697515541688,0.6111794853462404,1
71.83892656243387,0.7728179754424457,9.825117739792738,6.33105775933188,1
71.7858880237558,0.02005976049085316,4.27443125652648,0.49057691889088634,1
68.5146061978531,0.5955902231705729,10.7625858449028,4.855686819959944,1
69.68688632161569,-1.3467858731580116,8.956786538694754,-4.065333964321917,1
69.30585494997777,0.05827886971121136,10.328549441663963,5.917161402272006,1
70.73520894212163,-0.919882762014211,10.81603306407605,6.1351998669076755,1
74.23445387646895,-2.7738011255407593,9.90447526096078,-0.4833872814562245,1
56.05690259811932,0.004577146272671823,11.154265686543765,-0.8001269994260398,1
69.48882966319114,-0.02495648567071039,0.676055033238752,-0.44149645748420313,1
70.60158376326447,-0.8349503812599424,10.94627996178295,-4.959700150466749,1
67.35358786178843,0.33414106020634476,10.967535667922014,5.343958359890457,1
67.99152355395039,-0.214004808110339,15.252697388649056,1.7706923752547947,1
82.92272334502175,0.7513611115767339,8.653193434551135,-1.282659877774014,1
69.81188255723784,-3.015783024620563,10.865192601570635,0.1735452839265405,1
70.84425465252,-0.575738386158676,17.55683850462872,0.5961754375970577,1
69.57564522023257,-0.11195883802187506,10.817092735018754,-3.961322970308344,1
70.60031012240509,0.08958125214317077,13.924516269660396,0.4041163139675451,1
61.12128026247821,0.04635063887154665,9.497207205590785,-0.7439825477176731,1
66.38026897733413,-0.959858502622259,4.404683450970171,0.6152690637688867,1
69.02986776802253,-0.4017887867918985,11.955985433393765,5.43091652201464,1
72.7969532555569,0.15130904154006375,13.641615757125875,-0.21994484903528622,1
61.44150292587591,-0.21848679280778047,9.328897561806132,-0.4272623906070595,1
69.73236572658146,-0.97560679339147,1.61731107385304,-0.76703288046297,1
70.47944415413723,2.934662191257958,9.060727303256575,-0.3108192910023609,1
69.40538741482719,3.5329688454460353,8.352916056310825,-0.08279380369302612,1
70.06553894391003,-3.599878011644328,10.069399251195264,-0.6690288923171576,1
68.77135124205557,0.2191295090165898,8.660956038501126,-5.637423506170812,1
65.92022270411677,3.8248029796666807,9.23829873796748,-0.19281238497424005,1
70.51423978237908,-5.412825289165067,11.306103846415855,0.0673573024111407,1
53.16369411026511,-0.23320108874023776,9.630027160832315,0.10067761998643843,1
64.46118516921885,-0.8581999116682778,12.128033920584086,-0.4457047732300211,1
58.5083876593296,0.6962894203237316,9.628642541929997,1.045650225302061,1
71.84459729742264,0.1648763953327669,16.934709038326716,1.630197649198409,1
69.09674609713846,0.0907340369649455,5.95966612810988,-0.419429378443372,1
68.17302767369446,-0.3041655860585678,10.942975075354617,8.20227827130325,1
68.10286711936708,0.03498145317499858,13.151709653173775,-0.38507674837276756,1
69.49975518396477,2.9336391479417245,9.392391440768906,0.8005247770660824,1
72.20610869313981,1.041489835752536,16.15614972333102,-0.5558273379270435,1
68.06608906375115,0.8418594087420871,9.96310592579178,-4.915162171074391,1
72.96930955150367,-0.14864836669199305,15.538503975847092,-0.0016036038303414637,1
69.74027637706402,-0.47549581896657217,3.9400547308270424,0.6174926382905714,1
68.56749769068723,-0.1358515750130702,8.12349718013246,-4.119199619298862,1
71.34991200594462,4.364517999790329,8.738472958296466,0.36876795711549726,1
72.96650628618563,-0.5463039049703179,15.091706912855843,-0.04892873832700993,1
58.37035830332187,0.3610996881876274,10.064268152845221,-0.6329640369420925,1
79.0813951139959,0.3031826603384044,10.52510535710051,0.6174880271791927,1
72.9877896751276,-3.6571261561314916,9.645106238329594,-1.481881193756096,1
81.14483001256137,-0.35811734668419337,10.120076713688844,0.04698077097906095,1
71.93593068141057,2.5092292259546447,10.285532996571,-1.588429447965184,1
71.93681326469523,-0.339778834067142,12.007243204089962,-5.434972826514648,1
70.42857368196972,0.16057891700481658,9.473841198078444,-5.734293523008193,1
69.23554758034739,-3.7416283123855076,9.536297351914722,-0.06955269143946835,1
70.82118367100115,0.31623244346678686,10.578734517694667,6.019532632639845,1
68.01986425339518,0.19972680443331267,8.342638377418808,-6.902076005038228,1
70.1919931146625,-0.6190097704488501,14.856838687030667,0.4142457358443915,1
71.63432018689365,-3.6668154125654575,9.486574502074681,-0.32736105339418664,1
67.62877214335859,0.8539521286282246,11.106884865357207,6.56517127014974,1
69.31212030382532,-0.6580382547442742,16.486800211131985,-1.2279434710373154,1
72.30615754441628,-0.43251303183271794,10.162875208516603,-3.729352042899058,1
84.75082746195518,-0.4554142349795212,10.128918444899558,0.36695189991361804,1
70.02433144193435,0.144967070097687,5.6421880388229155,1.1655541293189815,1
56.3974331304984,-0.7342094594030585,8.934063114687836,-1.4367006999085015,1
77.64793014726786,0.2420605129875761,10.241961991818847,-0.4265311564069119,1
87.43373655296826,-0.7436505855683665,10.21400394063915,0.9659481342662994,1
83.04559516803906,0.25684257968421703,11.592130923988778,-1.118721666743277,1
60.895188277474425,0.2903431524510535,10.720108685102327,-1.4788789835192733,1
70.04905262837299,-0.07774245145011636,9.441800607520282,5.30427437557865,1
66.08356978561011,0.7382363477100193,0.22482795373851605,1.2805194508960593,1
71.5207357566276,-0.44330704119641945,14.077810757971166,-0.32621705309981447,1
72.87626688876813,-4.7891987787923656,10.444143774981848,-0.08727357118860302,1
70.49780149976544,0.12503445494962948,9.902408731241197,6.844507497379553,1
70.3344844317444,-0.04378566343808772,10.907685612778023,-3.2778975952474707,1
69.20312098421488,-0.24888234535886344,11.183834670475658,6.529729887070843,1
62.58323391317627,-0.042195052782583724,8.39454492152254,-0.4383380460250786,1
77.23992337877404,0.12646764752520004,10.331586436464006,-0.024001859994123385,1
70.07313956536984,-0.6570458538575641,5.943380034826711,0.10678195761700134,1
56.70457037651741,0.7425223378919106,9.682058348794728,-0.42985501687716354,1
74.66515311127307,5.567803411396946,8.800639186765187,0.04562489758066754,1
67.73701086723734,-0.5565890085432288,10.764124531595913,-5.615913124081346,1
70.13504188078673,0.2473679892520351,9.701421967112825,-4.085399757744652,1
69.40725213341439,-0.27206032600199886,10.100465029459272,-5.499998134916923,1
65.33917260078742,3.4909141865477262,10.906647558624776,-0.577967417997666,1
79.79638923368226,-0.01865877284142349,9.491397842928789,1.003888573342449,1
80.49069686079207,0.10776069668109037,10.298162626102819,-0.4328088015148686,1
65.23657851696206,4.946114870353999,10.382463829020606,-0.5112152180685244,1
69.03307917483235,-0.3254499568310848,16.534676988065122,-0.4934735575207683,1
58.53721178894813,-0.41745414470648445,9.753765866771753,0.04432601370308906,1
55.589144093062814,0.09671544009282095,9.724756443317178,-0.23492492322234237,1
81.7845871364592,0.3355936760266107,11.296806015293468,0.8581533416608651,1
70.62817582259383,0.018223770439905827,1.948206963759687,0.18552532939358884,1
69.88883855720091,-5.375368683394231,10.555084413189407,-0.1890424899910462,1
72.43728752022761,0.21746213159519867,10.87610733226815,4.761117007225533,1
66.22094885930852,0.6991177917801462,10.115656920425629,4.933051806501067,1
70.09170617766644,-4.747968489433468,8.485539485485868,0.18909521809190724,1
68.17201309728539,1.0304527566456476,3.584830661711411,0.7218998087090799,1
70.76925381807638,0.03523674971359223,15.773636729506709,-0.07434870121068776,1
70.43179593345867,-0.3475895865486296,8.86835287334752,-3.973231718441381,1
73.06395321270864,0.4662810351803742,5.086024072524158,0.5059825603258791,1
82.10564764856507,0.25938204616136906,11.102480867360907,-0.4255361415997075,1
84.01694595964067,0.17309097207315363,9.990120224820611,-0.1673979834409033,1
68.5494958445997,5.144371226634834,9.613962959260014,0.11383478429334326,1
67.69007443377313,0.10708485778737345,17.643006305857142,0.39170103280569973,1
68.964492958314,-0.7064721781230409,9.422783330350331,-4.293974841104628,1
72.28259649049281,-0.2100020136135596,9.440657756610406,-6.678779209382702,1
74.32817001347844,-2.4280282287852426,8.970904320127662,1.8310663655642925,1
69.83427383754966,5.73717975848457,9.51926401044933,1.396759356512808,1
72.10391331173008,-0.11357556795469503,5.559878259962105,0.5386203712231526,1
73.29650727061757,-0.6334580933077247,9.887802535847237,-5.0068529610984065,1
68.58723258793022,-0.2469406698482597,11.368666960216345,5.024231455022891,1
55.555056381831704,0.05709960045633931,12.017977312992528,1.5594567951917195,1
70.6415413324167,-0.14514403853762525,10.461549663555873,-4.272205759059171,1
67.64607887878694,-4.181900968228422,10.92126357951106,-0.9248682131909093,1
84.5976417430763,-0.49487773242277283,9.038279437612092,0.14612213871081503,1
80.70444244971947,0.07070492469196336,10.223010375496154,-1.145336519201187,1
70.62297746906324,-6.341053012820806,9.48978345399168,-1.5736139008297996,1
62.77257221656431,0.7051169114006551,10.4649938215927,1.3040949999139906,1
83.40064022302715,-0.32757925304752933,10.873362700545906,-0.006295897928055717,1
72.69842965843955,0.8640109911653696,9.487104359618021,-6.006053466049791,1
70.54725445440944,0.13906004747321868,17.578821552551858,0.8598229233156243,1
65.1493171924988,4.6983969377011485,9.244025197628892,-0.425599667179489,1
69.44429289223316,4.611801024624921,9.563674352190608,0.28542029016456805,1
68.4679163312472,0.754628257297518,16.57061033312027,1.9260952239443978,1
70.52300224013392,0.007854409239291883,4.78745475954803,1.329301809393787,1
62.375983076613814,5.214308215817898,8.67819704081686,-1.5200540793190922,1
67.73986129229637,-5.539744624386171,11.167981506822475,0.06988682878066076,1
67.30724325493149,-0.35158998077841513,9.281803577527727,-3.137524323753455,1
71.5933488126253,4.875810038892611,9.703575170357214,-0.6652256808541122,1
69.1842883643659,0.5507259681736734,10.11608500345846,8.198800436410545,1
70.02948198014566,0.8435294811477557,9.560519822194621,5.555216199570956,1
72.73082129103254,1.021555900176809,17.39478614268164,-0.27299367126415097,1
75.46270368483393,0.4322031661682698,5.864004752432445,-0.5333502168562246,1
79.74090444476349,-0.08012191325977351,8.553688467532599,-0.43313669202938404,1
70.20161373241454,0.09053744568393914,13.894407349266677,-1.155358093508458,1
67.41439110592864,0.06892818585202572,15.689859162884126,-0.013540031001283351,1
69.48796907136898,0.09520787895649153,11.551164892615414,-5.299176945340347,1
70.82998649204247,-0.08229245406213405,8.367362919267666,-7.347217120023839,1
71.0180286059698,0.5195285696828446,8.717016453132203,-6.873496218831753,1
55.96371331424799,0.5545430836390378,10.433757609973302,0.21726124159975868,1
66.72081879418252,-0.6169365219726596,6.274585929064002,1.2021433354434532,1
59.15193184530372,0.4568510341888686,9.078117139760733,0.007557265112326732,1
73.95003944250475,-0.37049312198557033,17.24032368662251,0.3469339042672599,1
71.35602855222974,0.22094895538422182,15.419105640071958,1.0349137391671532,1
69.06834225323914,-5.191419850019003,9.378445782030598,-1.5153655057316184,1
60.98765147546181,-0.38492924695000297,10.798330924255303,0.8914865906104824,1
71.23707879131207,-5.088458801870276,9.186565738678246,0.6963354593864292,1
70.39913913862591,0.12612589302805505,3.9148848842647173,-0.55255902181861,1
70.60115706223391,0.9985746151773025,14.056900835419128,-1.3503512525026373,1
66.4099468489107,0.03176060969281447,9.806311404909087,5.466341192947311,1
67.78437877480727,-4.226955430547529,9.67126563792322,0.3705399419326809,1
61.11297055163922,0.2038593594014165,10.031274149503275,0.3734487052241788,1
70.46383883586823,-3.4960978514586243,9.54429434184806,0.6815551559625249,1
67.83073122255172,0.36853006307813463,18.659467461207527,-0.42469874132590457,1
56.18037776896276,0.24055707172254537,9.917890669970298,-0.5018235255135161,1
70.53665303965028,-0.5940350102917558,9.320221814304698,5.301078064318846,1
71.00195871069843,0.9088914233668322,17.1518734550131,0.5599875212001629,1
71.30993851010882,-0.08674365898340827,9.620609631404493,-5.550571461182224,1
71.83817639873631,-3.7796380913811793,8.620930140808888,-0.11033699024806667,1
71.13828014217705,0.22567206795035633,16.795024537063682,-0.6947226839204781,1
68.71618421024883,5.580612663331697,8.129806359487379,-1.7618217660567574,1
69.13648415896064,4.66373425712437,10.289610963649347,-0.837174748443707,1
71.8719809064176,0.8393778811507868,9.902725797194876,6.832687568048329,1
60.42845885314772,0.10773966617045704,10.76761501906951,-0.34660969686701554,1
69.12494046166354,-0.0737802177768864,4.591029200862362,0.6739125928164434,1
68.24738253232277,4.42816283652349,10.186469607448927,-0.4065430471177002,1
72.33753586781778,-6.120387300301841,9.939615962613631,-0.5606736869632032,1
70.11608606276562,-0.22806350245891643,11.35465423023122,-5.613616471591158,1
78.08559672612496,0.029884401390353192,8.718658862711674,0.6418418424252024,1
70.99634546929778,1.0569381260521211,11.0989142615979,-5.593243578322081,1
67.84022504340687,-0.010404002504300671,9.235435959997806,-0.38969110109165617,1
66.78622479081368,-3.640926453817287,10.41589494310491,-0.5168986251228008,1
66.15530344218669,-0.9345976814458179,12.427597716623772,5.819565706597562,1
70.8925582132504,-5.649551019464624,9.47265916371335,-0.10395605178342751,1
71.91751356104919,-0.04541973143488984,5.216715598724001,0.6622020062286662,1
67.08516198068052,0.24303507858066892,18.468924719095693,0.6087230852386916,1
72.4697883794424,6.656697752787933,10.310953892809996,-0.1347656553237212,1
67.57230647527922,5.109395357994658,8.924728186034189,1.4485463657569921,1
69.28278665943022,-0.17766975588694583,11.081309685969568,-6.586860081571829,1
54.42481192592619,-0.39315208851232447,11.015098648489152,-1.953445843348056,1
68.95216931338612,-0.7322806434143819,6.490990228802036,0.15552764590335966,1
66.51833247404532,-0.2211954831128633,10.715286740206835,5.054788304180697,1
73.30208502695798,-0.005717259139245048,9.666257597743126,3.4247567965922334,1
71.69974391414613,5.803664976448118,12.364015612789569,0.6880260833565912,1
72.62399005351803,-0.34343322881119287,12.473136211861192,0.6902148759417073,1
73.0844678602132,-2.863747378204173,8.911069823677709,-1.1375935840035991,1
63.29694468969852,0.4512727279618846,10.265569000174535,-0.24376274932515193,1
82.93707499873014,0.37041055425343405,8.263826591147485,-0.6633235567921819,1
69.43806501007911,0.3592376045216536,14.312999628993367,-0.019628517892035107,1
69.64852558372817,-0.3733328415475052,15.231262238009787,0.8667258313922768,1
68.51568702073507,5.475734469204584,10.340835241581896,-0.6921260148862642,1
72.5309835030145,-0.025763708346844546,14.13413652057367,-0.971829546718324,1
69.33739455996437,0.06142777318980165,17.611549450050994,-0.20737595440456424,1
82.4856643426555,0.3160997057489704,11.009928682667631,1.4837071656817482,1
72.78898786146138,0.27544302108375135,4.162050819337873,0.5275270814259819,1
56.349213364366676,0.08871601988410623,11.556302076447473,-1.3593660949617927,1
71.92063794700775,0.23022096898814293,17.05210661930228,1.9311776005349655,1
72.66321085612529,-0.6404043846032572,10.230901993065906,-6.393135127930513,1
70.19610500927773,4.128060016413024,10.020761439506515,1.0593319665775995,1
66.66590821548269,4.813586049801812,10.967766985982179,0.5598293322135298,1
69.30630209845681,0.8280925254035896,9.153157876559161,-5.6119542635043445,1
72.55287560686293,0.37203610560493283,2.697499434706664,0.9443386412058591,1
71.85788964818889,4.768348054202041,9.773401755456256,1.3117443490263796,1
70.43006521286988,-5.695229235868511,9.427982274422,-2.177994526826003,1
71.45445036751671,-0.21365909607700284,11.86851431137488,-0.34064151822043254,1
82.74275034914423,-0.19400352412350805,9.09595042591026,1.1434984492884277,1
72.6277909579737,4.07865681423037,10.93715388994632,1.0982352693082038,1
70.02787237866544,-0.5704352552509467,9.247041930418659,4.219691831819755,1
71.36674826386725,-0.44800574132259874,15.330526908175194,0.9468731910592059,1
68.47959455432718,3.8993532110139144,10.674879491384068,-0.6960139450919427,1
69.2554912741792,0.5010125650012964,8.98468919736969,6.481588280125991,1
76.57779464349208,-0.3573323720399384,10.470423850345453,-0.2952354710029899,1
71.61934930401412,-4.2438810646811795,8.302853968823054,-0.7394358778628173,1
66.53571225369397,0.47287058630016093,17.174765010881213,0.3622587238958442,1
69.85828779806073,-0.34384161588795825,11.036201662203878,4.778152887144526,1
72.16213249030096,-0.6903682117453523,3.7788647756255607,0.12933978735354518,1
71.30922085122175,-0.9098635928519735,-0.10885659933844316,0.36307949136647033,1
77.63521217687746,-0.44661562660350085,10.748113278966885,-0.14284555094486803,1
68.29128833445738,0.1145839179597797,1.866673645399488,1.8447003340891195,1
72.31054031376057,-0.25518448546077666,14.550533726994688,1.0168747359318684,1
70.92143192377738,0.9095520632661507,9.015364380250142,-8.109740854679632,1
72.54620617739475,0.10650483590657453,2.877676248292282,0.4682340185646607,1
66.80241991893593,-4.274105002828046,10.954042810913835,0.8203834109648931,1
68.06435408845506,-0.9105080786264025,14.944242065597395,0.024595957679218575,1
69.73594129602493,-4.945918919035645,9.09090776757128,0.36266183451566714,1
70.93183569911804,-0.5782105587943193,10.152199290901619,4.8047409409781,1
69.8903208173027,0.30644539105563096,15.903380622347251,-0.6117693081880781,1
74.87199111537227,0.36370225953667124,3.4673024269125508,-0.4866637749152446,1
65.9927580218396,-3.6964878616379164,8.805034638128944,0.20089044599614658,1
77.90660132869539,0.19833738832660588,11.328173372713284,-0.033553756026323774,1
69.63531099763982,-0.05158086850673048,10.582477020923243,-5.802163790878695,1
69.48986783354471,4.780014361921026,9.27345638477426,-0.45932297200464217,1
69.21695828191181,-0.19547132010759996,11.405607676151634,-5.178980558892211,1
70.83164829526793,-2.4728245803547892,9.418730249383822,1.2219390232081344,1
69.61582089072306,0.29781133560010276,11.30256658204195,-6.357498757896219,1
69.35288922890932,-0.15879214166114103,19.17476835244434,0.02935352820600863,1
80.54700911982209,0.519780611664751,9.240404953109255,-0.2970493286229307,1
62.65457064056777,-0.03565410292734039,7.002827608349958,-0.8343821027089204,1
69.24216038547647,-0.12044119973353293,3.18144279434037,0.22097597556421522,1
85.23891140260784,-0.030816019012612463,9.202908568698126,0.5638116139218625,1
71.47957879788873,0.5383185381876464,4.79675883359419,-0.662067372406633,1
72.1955569652901,-0.5119836200736297,4.497846518777337,-0.4347171174534841,1
68.30020257783416,0.3750835137552377,13.366481089405731,0.08859547064770314,1
75.62524237916213,-4.9652826551428095,10.468823906503756,0.7881616156892869,1
80.9430029409412,-0.018735407354877553,10.39637734772752,-0.7453219667666772,1
69.2958823044348,0.23444810428965868,16.16730731169762,0.37960209469339096,1
68.59527400190872,-0.6954167056079232,17.844248500394418,0.8956454769905662,1
70.17846225343979,-0.5763288658564608,11.220765665338202,5.721421652171333,1
82.60687277990979,-0.9319791476811966,11.058490571144553,-0.17523472884115152,1
70.47069667986996,-0.47753714667083735,9.75699060543021,-5.504186701580875,1
66.70808616419694,-6.077623625837046,10.94407073342385,-0.2081574019773784,1
71.41006801920983,0.25724361685709185,5.7108242862767895,1.1638910934763431,1
70.79684132247486,0.025404861125860115,4.613788894089982,-0.5408687274367612,1
67.01325759334559,2.6602672024117107,10.006216713542775,1.2218075733253198,1
68.10410034797398,3.9176455681085924,10.734707952800346,-0.30807948833327453,1
69.66458896190859,0.18462914783721304,3.5254475361116846,0.5302264550748516,1
86.25807518831047,-0.5372744495376652,9.042098811877276,-0.05381000820484776,1
55.96339829935009,-0.5259138266327161,9.450909339235354,-1.205979684369779,1
69.7946860462143,0.32104594465201924,10.906513550363165,6.363138519326687,1
70.23383312662553,-0.00039452335746941423,11.467177907204409,4.206061805252102,1
70.23560383164885,-4.8541829077559555,10.5509624598047,-1.0875239393979492,1
64.83677134704428,0.5944620982751554,9.849452243670356,0.4762171721303367,1
71.03007191048414,-6.091443789448037,9.679734378471153,-1.6843581076716658,1
72.15545906154922,0.2846448608113481,9.018313063344117,8.114461940653158,1
81.12649265052592,0.6375092674636303,11.674900576344571,-1.7235527904782537,1
56.945673222525954,-0.809783384133569,11.629701560531506,0.7541154815485172,1
57.29423860265963,-0.12182627102544308,10.755704567939343,0.34688164901243607,1
76.80388574439334,-0.19530321422569644,12.074398926204093,-0.349042594835761,1
67.30843418278971,5.4668486537842576,10.764749388361267,1.5607018790802938,1
72.7326448620384,-0.014210365857678717,8.318029170205648,7.509854019860162,1
68.75757392806274,0.3066352221101006,4.16243749777657,1.2339405035642752,1
72.22378964768006,-0.6312844415507811,8.450041804905972,7.339248387091541,1
69.19289132001164,0.3292258327285131,10.950751975111483,6.928381175103716,1
78.84298695966037,-0.4068319992281223,8.352775791141882,-0.5033966403702049,1
86.82203838900655,-0.2106613021532031,9.052581426327382,-1.402891648782375,1
82.31369378965093,-0.1765655028759216,9.926274014817546,-0.7818789241166151,1
69.78409691937007,0.4100182608007917,18.764594672246176,-1.0023492709527813,1
70.328484687052,-0.8269520320872344,1.792671006127243,0.04469733808378509,1
88.25249001919224,0.3661509020401015,10.211115166478159,1.1777123954918003,1
68.70936453231258,-3.6771820930425463,7.6349222591010415,-1.7199899462996093,1
72.9695827766427,0.3089783982166781,2.2511305204819863,-0.34292962138814076,1
59.843528073225514,0.16538079727419933,8.956647193260398,-0.20857985951576033,1
58.977360487834716,-0.20414329922943336,9.279446075021356,0.6972702360758575,1
67.46198767062894,0.5153487420917926,9.646824089061166,-7.22949247717364,1
80.2206243860314,0.10951460573871057,9.832774858864623,0.004781485707743328,1
81.26345556629573,-0.6012499682667779,12.140385156861726,0.06422344496696905,1
64.60394411734428,5.704377504001498,9.303617924288101,0.6515438680383465,1
70.64797108978988,-0.5078087690496249,8.47786687860949,-6.30395507295085,1
68.62547142496531,-3.151443781953266,9.571906754958654,-0.20602427530434322,1
70.90162924305052,4.792465656877843,11.579455081411849,-0.39259701543805714,1
66.67586351514124,-5.248079899303732,10.68925351864401,-0.3422431538633099,1
85.29877389911553,0.7530894435345942,9.253545111713969,0.8752353016913337,1
67.61081016834257,-0.6206412189521305,8.368795202346217,-5.110327031660673,1
68.88383085032602,3.71441496000071,10.849043108678217,0.7147362729939888,1
58.039556601878445,-0.4806793008684777,10.690517243343155,0.7476320284687272,1
70.85882320870179,-0.21472028331077841,11.392714547110645,-5.0320697630763025,1
73.72836001638858,-4.61773879026285,8.475455485539662,-1.1317613852832225,1
68.19412902558743,0.18497493637572812,11.384266842834199,-6.366779342956907,1
73.73750716065874,-0.923171250471625,9.02917424628786,-5.365496037975915,1
80.58492948128152,0.3497377048202175,10.963680010812334,-0.09337297668354541,1
71.01257781318229,2.4913395781339447,10.890594691608424,1.461051270658122,1
82.53562778716214,0.2571777548105101,9.02693628609119,-0.6651298591183177,1
73.13007268368116,-0.48724931062568066,9.348634750933481,6.556813276382498,1
84.44694927602643,-0.07955394593492787,9.185588904197315,0.2721885499791764,1
72.0004090126671,-5.942937810968043,10.180743311725346,-0.5621678789058191,1
68.70518100541767,0.15084756066214905,14.727276152094902,-1.4087878093393384,1
71.49727324105888,-0.31935597156389484,8.21621143474455,-6.030939247331587,1
82.74837756432142,0.5480740343180389,9.751624170758964,-0.16564753215294944,1
72.10690903705185,-3.279683484059829,11.021710904822196,0.8327998145148396,1
68.28942555424534,0.21636486868783367,10.093721287404232,-4.962967397496858,1
85.20985816625918,-0.15112181371323663,8.361218558828753,-1.2814426330720878,1
69.58592876203397,0.3270896328109682,13.053194697769086,-0.3612889323348134,1
71.16687445391162,0.04500518797024102,4.675972706557358,0.6102080824577407,1
69.49575140448319,0.29265455714812133,13.914710130097331,0.3194821926002385,1
70.80134364921679,-0.14872161765423103,5.266851078013991,0.5362867539605476,1
67.85686158323126,-0.18478658164926234,10.116727412275596,-7.5366089206253575,1
79.6530223473034,0.9672231155842379,9.987826108751722,-0.40504478810170136,1
57.99463082227227,0.1708320372995028,9.871898327775884,0.4044801505814315,1
63.713068101204094,-0.11463472567459054,9.371003028472177,0.5116028067430197,1
66.94096262344425,4.476098914732835,11.054106558843433,1.0928062632489117,1
70.70311081498312,-0.28739026109647814,9.478566033840007,4.346622779259216,1
68.44978522426639,5.141734071793031,10.978838426995122,0.2611648155714447,1
71.48028567851286,0.20634565572384467,10.197685614255048,4.237223882017807,1
69.18885806559655,-0.18025662822026922,2.579205314198955,2.205494568077245,1
68.7361885724442,0.26348843577366104,10.310853792488922,5.674414389077319,1
71.47731965951532,4.3339167234162765,9.941206830975997,-0.6944620929935503,1
69.0534444508852,-0.08006285981163441,11.226756851606456,7.174976169489609,1
68.92963881281167,0.24665972538570605,14.881646667993385,-1.8216588305803076,1
72.50190755252758,-0.6068341079642864,10.09536053557921,-3.1911736139961002,1
60.564203896214444,0.8944379125156845,10.453225063120092,1.4192285154218798,1
71.11984622741755,0.007156209000979543,11.58648572655566,-5.268797935292198,1
73.46878303085182,0.03144075061918399,17.77324629607905,1.5180604875374912,1
67.76545195693477,-0.05315120964574936,10.550189563365766,3.052117601967816,1
67.7817169437398,3.7348376197407203,8.959566148505573,-0.0326478949757596,1
57.27923525787638,1.0412329747111573,8.776380632575735,0.08923674275971988,1
59.48732898073793,-0.04809355118160185,7.550426602312886,-1.594508632525219,1
72.8985998842634,0.23734658793710436,9.212350750942091,5.158906389369649,1
81.16819365377299,-0.28516478759344777,11.041375278737569,-0.8199809707961594,1
65.4741347438541,0.287525694899344,9.532765742863925,-7.510794859821612,1
71.94541402828926,0.03450724104758888,10.753585252760633,-7.1625392986372995,1
69.38203927399965,-4.61960628246172,9.913641142413791,-0.47290322955898284,1
68.30089424056052,0.4119853402380942,4.532757604934552,0.14625355242711888,1
70.90649901698548,6.321850096600833,9.307918445127754,-0.9473890453807514,1
71.02464831799631,0.013513246980823313,8.848889827530149,5.3275945943618535,1
81.08628393799764,-0.7471642495116323,9.090048881872093,1.0604366102797678,1
69.42706325428297,-0.0475170255361766,11.026079580619692,-6.323734680682691,1
71.41694363381421,-0.2571262356024044,8.900186542501702,-4.304238748072883,1
70.61765990223758,5.221826335903214,11.525206714416214,-0.03201574258651845,1
69.48181920313384,0.41973685345182316,8.67623955603121,4.6266312812744035,1
70.07607270934479,0.10925477677618257,2.9455927318565562,0.008324769344722297,1
72.53359380667537,-4.652596786200002,8.857276562366108,1.5585471555723986,1
66.43467091787859,6.48158225523404,8.844002697695831,-0.15174701171708344,1
57.85973943096491,1.0759811891880136,7.557177819105353,0.16478933249998207,1
70.24740889441304,0.1915341113498497,11.122570368649193,-8.476722871234848,1
69.17185351626266,0.17638203190204887,13.637253536103398,0.1329491522655862,1
57.028943265791455,0.012685195427444292,8.478650417850318,0.3989815273000346,1
69.0965167732452,0.14634124428869563,8.161762254409034,5.302311102814706,1
69.99363425017039,0.08258419007765114,10.810842017595787,5.790222576269382,1
71.73974618234023,0.5185064964588275,9.615898074047946,5.621255476620348,1
68.81558051072483,-0.31982878996823877,3.859323969334353,1.3057705061671299,1
68.98925452892284,0.17901646661109352,10.592423145617076,5.471527751192382,1
68.4330125313465,0.06918514817968684,9.800826675459396,7.037966403049108,1
71.91317874163275,0.36723194263298514,1.6690291706523936,0.6869339897878233,1
72.76108706157109,3.365792215738381,10.625281107290647,-1.432060507508033,1
69.07844483041978,-0.30444812395388215,2.7769294891587313,-1.0578105941607927,1
70.7019095996845,-0.018863668614531478,9.382294899175566,6.518551786060316,1
82.21658954492631,-0.15811950115463833,7.721672266355126,0.10763144357697606,1
68.06265408001593,3.3999492414443333,9.936926474955834,-0.05167599135126908,1
59.15868867904181,0.42487499294177383,11.270275173714765,-1.2008819044091572,1
72.42477156272584,0.31112435885370276,12.123559909350849,-3.625185097308458,1
78.6837192931891,0.20041333328883001,8.97693501579884,-1.404123869108048,1
71.38967274841761,-0.14906791376661355,18.485043883249183,0.3057128668206885,1
67.72270308234276,-6.245560612214508,9.715496724320154,-1.5764054796147546,1
84.28170490764073,-0.22987149968601378,10.229235758767862,-0.3813259688183652,1
73.23294326070133,4.420159468025972,10.153355290183626,0.3642590701015256,1
69.1422437126697,-0.10016830606790021,9.998867794446571,5.973738393686134,1
80.42332777609684,-0.6894253658534271,11.2391463912032,0.657491698693887,1
66.93188145826828,6.93802573466336,9.480463990305159,0.2743435863715488,1
70.11393677897824,0.9440494719922867,14.325513544914392,-1.0793671324837273,1
67.95400607968763,-0.9839840329663183,10.81460789666629,-4.591182507388051,1
69.26313861097968,-0.3448313561122646,10.896675247747774,-5.120675883748749,1
71.3556481170222,0.8925924404248344,16.409822329236448,-0.5771262487550894,1
72.28083374360565,-0.2994439384035833,9.975353130058389,-6.298433034831268,1
71.82261622524649,0.7557716493470635,1.226898595055495,-0.2576143609304857,1
62.17044547887314,-0.21437418532550087,10.70954739294974,-0.2954008218965081,1
65.33465064031009,2.6860282921774856,9.067847962686296,-0.5642786776677137,1
70.49233679942594,0.8557156864548813,16.705154857119386,-0.16607111445235856,1
65.18698482785285,-0.19290303996440566,11.324103939512202,6.009617969064641,1
81.3555486691873,0.9466938486708086,8.915632705024256,0.15169454676942706,1
69.15365968310131,-1.0858641415405772,8.253817400715823,-5.815379847682102,1
72.84405913627047,0.5357650431568917,4.725427401713775,0.6022554181171875,1
68.45233789581252,-0.15048726336970336,10.548982816278798,-3.3527257704467175,1
70.7131183484088,0.19258112083800444,18.49750796467482,0.5356818811870495,1
70.6309557491862,-0.030490455658032514,11.49352937456442,4.888155755274225,1
62.33975787124237,0.00796070529326042,8.719225743850725,0.198310740035447,1
70.40403033176031,0.746491101394921,2.82002368894201,0.6295183529731305,1
68.97150869693245,6.166803407791176,9.749241936716821,1.2546927036789672,1
79.77569782118313,0.3723071562866287,11.467122120283042,0.5623829355071471,1
70.33130587596136,1.1594610871098965,15.732982626696113,-0.34694619677016136,1
58.273477953527575,-0.34224917942208233,9.31454574618354,-1.410055126994897,1
59.022450152539854,-0.6748111692579122,10.35357265383813,0.6263369181598508,1
55.97075152374849,0.3538000477917531,8.730328798031096,0.02690013664267298,1
70.6564033442602,0.055435803531481885,10.667973231892967,6.158609868256118,1
77.8369308739193,-0.8876806327976122,9.475393210144999,0.3707999641888821,1
69.08274315863221,-0.9905867510641275,15.821208355377717,-0.37438813853477426,1
73.42307217354089,3.1381151794243602,9.74204748045518,-0.1629315103803285,1
65.76205184342174,-4.688764092366367,8.524013020831422,0.00921750262252479,1
67.97092377782306,-5.910541796151484,10.338296892068723,-0.452399562467675,1
68.97882150795398,0.3010170236428655,3.283009262635603,-1.0793577965599777,1
66.9582398951554,0.23460038103462272,16.122399691395593,-0.40973267156000964,1
82.07128888703731,0.5327611034705886,9.479647158605975,0.5587933936453717,1
66.60878540206689,0.29722991706279395,6.114620849193852,-2.2296474050186075,1
69.8732304902967,-0.3259647774069344,17.062231998708363,2.0975658156817727,1
72.66704211255166,6.010316607864372,8.83497507431736,-1.143285093888491,1
80.85079724544674,-0.34988410327251435,10.92569210763519,0.5017035611808022,1
70.30862958872683,4.650980270392673,10.295227848173749,0.030441502458204386,1
68.21303258965926,-0.73326826753399,13.080942930198049,1.153733203061982,1
54.19052561978137,0.572745530620343,10.671466896206173,-0.20376214016914945,1
70.96285299111196,0.6466082409989858,12.147217223555334,6.534240119330248,1
71.36149194874315,-0.02942099153891323,9.860552037948903,-7.018138883999756,1
69.11437206864566,0.9355662246358032,9.51742560334273,7.0737043061625,1
69.64614905772713,0.1967158642423337,9.98175947383536,5.539305408235697,1
68.95932618028507,4.742612423108626,9.398054610744873,-0.7214819548883671,1
56.76754407403863,0.6737435390487497,9.990567845369286,1.095886419006279,1
69.06454858747449,-0.36728119055314956,8.843729612876444,2.60782741405765,1
68.7654156654214,-0.5542415126475275,4.23893650202592,0.041676750994542856,1
70.7338010107543,-0.07096729307330849,8.800706835944819,-4.756336916862127,1
69.79243921179771,-0.009205003107436879,9.173458164611604,-6.44762299757158,1
68.31134285003266,-2.684604659298313,10.182998029871765,0.13505133000077948,1
63.43673900614262,0.49991981377607586,8.69839542391796,4.985926753527572,1
65.78009389381769,0.6306331389955249,17.81898528532155,0.38193329741598075,1
71.50630769289674,-1.2606096641128788,9.937047992745615,4.440481886784138,1
81.18574730190366,-0.022310292418931316,10.575550773283622,1.0708184493624433,1
67.97583242451745,0.12506729738635033,14.37859702969574,-1.0694731290331059,1
72.37605542457688,-0.5411592136586217,9.031452595728668,3.7729306921886314,1
59.196585966433226,0.454190966530095,9.907101744051083,0.14716844696930312,1
59.89867584964906,-0.271504126787657,11.176636307293439,-0.9719512313138629,1
67.3866392692311,-0.754993470070321,11.000039426580042,3.361924953153955,1
70.71820470573805,0.9325766952452579,10.673065105700113,4.537779470184284,1
82.03835105341557,-0.23847288648948614,11.903198235711749,0.7199919159636945,1
72.41942865626767,-4.186867616312698,9.712662351217187,-0.31366312868447693,1
77.4766750111111,0.10582391322538119,9.439660427151203,-0.3427820837526165,1
80.97999410503384,0.250562445261881,9.278669999066159,-0.8715516084631146,1
69.5732745773666,-0.20850851211313592,9.270620128699992,3.7983458926463847,1
68.82655979627931,-0.5591449826828602,9.861692161533034,-5.7610853436782135,1
66.35548689634072,3.9156322784843227,10.232304832591057,0.9416551104460469,1
69.4829723027343,-0.5332198496569035,3.877049744879028,-0.36864924741875343,1
67.32069152615577,6.182072230659744,11.637125595016117,-0.11376770074717767,1
74.48559257315434,-0.09525790232600397,10.591506935369532,-5.477814242062394,1
80.1826023169296,-0.22898402034506313,10.622301978858557,-0.3646661957670784,1
73.64060145980918,0.09154982858361295,5.0406259998423995,1.2719536387293502,1
69.87554394519998,-4.043217853707786,10.500832332668946,-0.6746808932491553,1
71.05591294384995,5.638324803834931,9.486775958205868,1.45488665728206,1
81.30561304435602,-0.42242374409693095,9.221135994308776,0.3418319251221393,1
68.20079937896364,4.167236404437562,9.485049014089183,-0.6551593044689099,1
70.84249487409788,-0.022058158360817263,10.352729536562288,-3.4641095251257905,1
83.82162891328971,-0.4738519631114931,9.809307720501074,-0.08413544053922892,1
81.69634706564088,0.7671848808149718,9.847195619148716,0.6111044416223496,1
57.2463417852853,0.599919634338792,10.130773542578988,0.6047971648508293,1
62.07972207629628,-0.0016748527695920024,11.380857965465049,-0.1605516661886357,1
59.85248893954058,0.07791095569206141,12.50848380665872,-0.08245789409866129,1
87.04927525259058,-0.5908856024017362,9.853047369678405,0.306447530839524,1
71.87490829324148,0.32294465092533375,9.438137768040086,4.5853268246061125,1
79.81100051585926,0.5406807856464579,12.5068547248382,0.653752982504746,1
68.47213951225302,-0.13581368701611135,15.60423780450725,-0.552593675522412,1
69.6270968687667,-0.29747191117993976,5.471783659352809,-0.0020133753103079278,1
73.22937593036298,0.3463621240145317,16.64874178097198,-0.2644159036160376,1
70.50213445191889,0.2585996765037835,9.686175144899739,5.89079616233138,1
58.674924864530404,-0.4255470156932042,11.099616377303464,-1.333570742645493,1
72.32136162211401,0.2970006714341509,15.39940615963727,0.21515188087113254,1
73.45830798267993,-0.39191235810265307,17.865442019244632,-0.09059897953163648,1
71.67636847014208,0.15048122469443803,9.480946243708484,6.6507293226970505,1
67.55270203156397,3.214980432631571,9.957694876599557,-0.6253531199225125,1
72.04189975545586,4.762170932896446,10.507064704849448,0.01066560820269283,1
70.53531502526931,-0.7346878449377259,1.6515187937701619,1.569993621789216,1
73.60050471633242,-0.09839668921477814,4.139383063403447,1.7382795613979678,1
82.88689255079969,-0.009285032312983846,9.500468449832882,0.012630191220196228,1
73.31194183209963,1.1344217681849043,16.94433996181129,0.6355684611701062,1
80.09822876222671,-0.6470377697102545,10.33877717093339,-0.8774245126257938,1
70.11519259136719,0.0492445859645371,10.230856345840317,-3.4999692180643622,1
71.1030479972854,-0.347839610479911,16.567871313703805,0.8645601187685609,1
68.73866892011964,-4.8295588215820695,8.510322033876808,0.18218990035957328,1
68.77552302604175,-5.256027091366022,9.413787452379998,0.1833458822892734,1
72.09063307827152,0.07706110243139212,10.023715513731034,5.478790059178687,1
69.68104273508425,-0.48279047715553464,9.053831624882015,-6.592216762913888,1
67.07727637599248,6.394192179081175,11.363729672748079,-0.45527653376476884,1
70.42289476128362,-0.1470851765487031,15.65455206033583,1.1355640897427894,1
71.74773366606819,3.697322748969129,10.974961529982103,-1.4308466651876026,1
70.17458015772021,-0.9749960285806262,13.362550560410625,-0.34337196073710546,1
74.99261551259526,0.7893506599093489,11.327403472651383,3.9407989298168316,1
60.20000819503819,-0.5845430545404265,10.440995734462705,-0.49056423893260437,1
84.53671242825486,-0.7453093248011118,9.024277090012749,-1.1442020349798827,1
66.82483766062893,0.2420148252659019,18.117604002035193,-1.1167975895098978,1
69.79508557062063,0.40904559789105427,11.05952976547059,5.199802878383265,1
71.4275816128912,5.827363593955135,10.48495419466273,-0.3794193351396979,1
68.40338405287422,-0.8033368879529845,15.363323805602908,0.759945783061999,1
79.5704965497154,0.2069867195619237,10.717958023370365,-0.5233793752866285,1
68.76669937666496,-4.79592067773818,12.194854103583674,0.8841100995953838,1
69.43022755768229,2.916380300106721,10.805154121140214,0.8380173236855507,1
68.07554931078373,-3.690138760832199,8.210066733214177,0.04171435644047186,1
68.74070602276078,5.386241990527015,8.817574120439126,-0.6737086940869056,1
67.86680408683449,-0.5437817994947908,4.515255799368621,0.4522371259681408,1
67.59491838816128,-5.2154725501108805,8.456537588606215,-0.7036238061715108,1
70.19195608091523,-0.6084548024282276,11.783175469857014,5.22600987532533,1
71.15998976527486,4.360258876064914,9.393498543171575,0.35133757069650423,1
72.9274150870468,-0.08517819584983874,14.444019810648271,1.3604791114329329,1
70.65057607349344,0.18292704228006212,10.338554808222808,7.786721670319324,1
70.59884481220388,0.6221089362370286,11.65370245404518,-6.549681534031758,1
81.93363354143963,-0.5420787312926384,10.229531575874928,-0.5529168180394295,1
82.34644319196948,-1.4186116101488873,8.952691694882342,-0.394226498848656,1
71.13343384308004,0.5700110785318092,0.3688861242407535,-0.7033270283308785,1
69.77950361190058,0.29631269666036203,12.080224872824147,-3.236193893232972,1
71.83246609421892,-3.7554515319704858,9.692213874475154,-0.6424897414205056,1
69.62802599682307,5.140852418197159,11.101278420128741,0.4293210068247857,1
80.56237449832321,0.7274619648107165,10.791769639408967,-0.6859790970248886,1
81.25253688758232,-0.44209159323904157,9.537091026368847,-0.31043295179634856,1
71.36741598711328,0.30657172379783787,14.759512517336944,-0.3623251898741478,1
60.615734790795656,0.027925257544598122,10.241863975774985,0.13483573061510096,1
70.03547397478502,-3.7671795458400563,8.86411093463021,0.6871369475832134,1
58.79752017714914,0.3352367079913408,10.598685560180243,-0.13918048375808964,1
74.00488127421295,0.030741664940280883,14.36412878263142,-0.7925211717313294,1
70.21763689424711,3.3464802401175135,9.45786681299776,0.09573127905187956,1
67.96647378715645,0.5805944259569082,15.802403988290438,-0.43939622266201683,1
68.45864072239947,-5.058627600982543,9.560383375333396,0.4787884617978659,1
64.77180138657684,-0.2209057697752863,9.219146994253206,0.3372481948900707,1
69.27372696369379,0.17514386627478112,16.736284709217998,1.6414545816428405,1
71.14194249753731,0.2087765695994171,15.755049550581042,0.7598674221394659,1
69.9916337787625,-4.006427148195634,9.480415643741166,1.0615421616659135,1
68.7287095781365,0.18830173889323001,9.346536406034001,4.455601723124774,1
68.67163147569242,0.04086129810568547,2.1374534849049187,-0.6530759699914434,1
80.99800423030686,-0.40396599690278395,8.823058654177636,0.7606770863361922,1
80.05487594908388,-0.5165923760659762,10.0282030443786,0.40617301645612003,1
81.81510961312385,0.37956282477249176,8.051810736491479,-1.7263973725297637,1
67.47989069031951,0.5312160409209942,2.732067939941124,-0.21744283416986374,1
58.57322991876515,0.23510198879668517,12.279634885762116,1.2380897384869347,1
77.92975123755733,0.04974511620350746,8.376278938702024,-0.8689512380125692,1
74.16606260911813,0.9778552283378423,15.369593159465659,-0.22448670116180605,1
70.52490004511118,-0.3839578847128632,4.179825809606244,0.44461713094881045,1
73.24741455001522,-0.0428677192575063,16.71429285710493,-0.6542418650549076,1
74.17869915598892,3.307764964084921,9.882135031231954,2.114826662993912,1
81.56643532597957,-0.4332699974301277,9.668306742469781,-0.5098584346866832,1
71.4107564666254,0.21884224673464642,16.068995010489736,1.6099283965806759,1
71.67627798954086,-0.17308441073689643,10.771037575255015,5.3296824881530815,1
82.81192612881206,0.21623508424436183,12.240197819197576,-1.3414860300861156,1
72.0748995286678,4.977885289053018,10.468059171907178,-0.21392596655012844,1
70.81772376641368,0.6739717007784246,5.437277899408823,0.33107414530192997,1
69.95251010714414,5.165445866543916,9.223968981194545,-0.08444658277674173,1
73.67653635222992,0.24342529156132287,9.062237935881413,-5.053288304163391,1
71.23056699482508,0.024706258917531743,10.426492987850192,-5.363441487010645,1
59.42618635249995,0.7628782170753584,9.388849085740247,0.15849747247389895,1
69.76959983886805,0.18047703015778235,3.414767766197463,0.8792338091471257,1
68.5977655952479,-0.30539540054277986,8.78907661467414,-5.6473273629030425,1
70.9347291099038,-2.1372260743984803,9.938050016648965,-1.1094130910795408,1
70.66537983182211,-3.9073804504965253,9.503901637641903,-0.6337910718219611,1
84.79528532626603,-1.1718788347460956,9.824549471574617,0.6299501262705223,1
68.41158263902577,0.39202850721026267,10.39892206639387,5.979226138023543,1
70.60919954359471,-0.08162817829105429,14.379440384967426,-1.0486775695008512,1
67.4375529135314,-3.7305995123334004,10.962369371907693,-0.7172657341893482,1
62.66702005491058,0.031563328588595285,8.824959896646305,-0.9840824469862368,1
69.20900408267521,4.416765029616474,10.639309088938662,0.036072434849497105,1
51.51605185447801,-0.2954854239269424,10.826786692824824,-0.7883732335520672,1
68.66881945190808,-5.614267756034823,6.843439323233222,-1.9519274341437498,1
71.80813665744681,1.2496997948461588,0.658421965331244,0.1161204876152105,1
67.73519046678321,4.159255913014404,11.624718404592725,0.15226991388202274,1
67.41987067643673,-0.4235372468323336,10.909720331586511,-6.968778108523427,1
72.31222799031767,0.04623207035778413,18.80237728878537,0.527550404657893,1
73.32272642629769,-0.15005814721304608,1.6939698172033637,1.0212258150726432,1
59.293023385871614,-0.2408790251780768,8.976216081859077,0.24019499720223692,1
70.09322757839865,0.8590807783460617,16.43315956154959,-0.31446429119544095,1
67.89691438498107,-0.42548788091112233,9.419550992217777,4.653685151043472,1
70.4652693880077,0.7847642208682295,10.506462001289728,-3.4506858815947514,1
61.16406720781967,0.9262636381825844,9.028474746839782,-0.6921823535480531,1
70.28140154411084,-0.7548852366532981,12.243254861520926,3.9118305181153437,1
69.8524738094181,-3.3546025185687838,8.854368908537307,0.3084516745463065,1
67.69200127249479,0.5109515397983981,11.214971590411025,4.682031244175119,1
71.040106645073,-0.6525587995492387,4.381282257380747,-0.44969055651564904,1
70.57603636287045,0.3391126385793964,4.145624663514932,-0.8633905145781731,1
83.35404292183163,0.5439709993130668,9.229145323729616,-0.09978588456583937,1
71.45555685612008,-0.44276069546323166,5.128820264367403,0.5847282991233799,1
67.51749060976402,1.1574065749600169,7.789847493488086,0.4390110446877342,1
69.91656744885297,4.5577135985777995,11.254918410805745,-0.8758688296849517,1
70.80112243188582,-0.3941953562068089,14.448401299707252,1.5175159710942847,1
70.83414412015676,-4.124557986048831,9.017080791341682,0.5987274579872401,1
66.82586517962804,3.8045575579208464,12.005548296255132,0.13940840566528423,1
71.61529256320232,-4.095524718282997,9.4408930418919,-0.788725703280888,1
72.45136942388574,0.03768156983822118,11.439284307845686,7.04335618431384,1
58.12955172105532,-0.7455295680465301,9.524824086609625,1.907858622746196,1
67.95583811445584,3.884377056752644,9.924805522107322,0.7766495925792382,1
70.40863861059897,-0.17399084643739063,8.59238561002017,-5.048667238989804,1
70.21965574589257,-4.581522953273074,10.49637588793019,1.2603739330138224,1
59.96428790534284,-0.03280588301745604,10.978051603952537,-0.5828774592856473,1
55.7779074739213,-0.41840906563554475,9.234068401135454,0.03822903745705308,1
64.99021494042158,-6.281290244039646,9.577822987066126,-0.12155391662293767,1
67.51812343146796,-0.8425421907701086,10.61104726814586,-4.889707877151762,1
69.23071109907943,0.2816390257178174,5.027041591713283,-0.365812661839861,1
71.71088995272179,-3.4677075917105364,10.29923909871895,0.10085449150481747,1
72.88843368137198,0.35471518417256,5.44567997078566,-0.880052547688023,1
67.64969834639524,1.4903046644769105,8.98259831800432,5.736544651028988,1
84.83973832480578,0.01839462735060443,10.00490713577921,0.34350993971858235,1
67.08168093247335,5.572782147706472,8.66886771467015,0.3892231807201531,1
76.14481042900789,-5.950015425771042,10.357999562481506,-1.666078554613195,1
81.74060579619662,0.6442210089448537,10.000397128871017,0.6981793643034571,1
70.23009217810404,6.744471002588312,10.491885263178728,0.7643855427963938,1
72.44923989158657,0.4397926212353435,9.032728316654362,-3.4853674794615386,1
81.51782508602338,-0.4520693247683585,9.654499833296084,-0.0947116415368428,1
61.82259217699355,-0.012717001751006684,11.933376314469136,-0.15970183117168646,1
74.55873583521502,0.8862489827255564,10.180629375802358,-6.437899212951564,1
69.5259433062948,-4.918135768962273,8.98507722900552,-0.01934313053295288,1
69.32967309947006,-0.5463886449965671,10.321622006690522,6.792199070444849,1
72.04815223087483,0.08220034100643854,10.069727238729762,4.823613064840561,1
67.8299394133885,4.231020177944457,9.082597814715058,-0.41636030469092866,1
68.73521136123894,-0.2110277729201919,10.400839806813519,8.4364574879681,1
68.97409724500282,-6.225528403868358,10.486976103285574,-0.66538984121907,1
68.89040807637969,0.364448319962394,14.736995360859783,0.3695019429543238,1
72.31353679304831,-0.1310457430985827,3.1784821441040023,0.5098252836754855,1
67.50398572659473,-0.1657736412142703,14.997414810149301,1.1660706521597601,1
69.79266579910792,4.929352492180429,10.778973696293903,1.3782281976495092,1
86.80132090955982,1.2113638787861607,10.234167597387085,-0.4562157121662813,1
85.92931216522938,-0.43784936373839745,9.57180503498937,-2.0215331194472865,1
70.23528287719725,-4.57632177027848,11.895002347853694,0.024329483971893457,1
69.90387971938489,0.7000134301024159,8.053391882425732,-4.887231487588665,1
68.34219180005942,0.8979154275860487,11.027855015694279,-5.7654907292524085,1
70.13669575533028,-0.019366979471472586,8.392795885505041,-5.841835277724015,1
69.3636928705692,5.053515136426814,9.816018588405111,-0.14259979147257995,1
71.79497378719824,0.9792329377288401,17.96756378732168,0.7652114359836358,1
69.28525946322507,0.383828949212236,1.0875494074143823,0.7872932148142618,1
68.37856308886263,-0.7333927357608486,10.213625297964246,6.1895503484180106,1
70.78687550066354,0.7697971860027112,10.157076552108064,-5.673848862692324,1
70.48208428272974,0.005023120671266969,9.111862287404689,-4.8983501493764585,1
55.66522100147945,-0.2769975447067614,10.856724040223828,0.3727986594386741,1
69.17366986417778,-3.7899946127925026,9.20354951256667,0.6244434918480244,1
70.77909926398743,0.8208821271634567,16.77618967781266,-0.8955094456447541,1
71.08487523691052,-0.38871712764302047,4.78296911789708,0.0913021636878082,1
68.31966075814361,-5.200471755306059,10.111248613210114,0.9719408280023268,1
67.9242967574866,-0.4184245618849682,2.884445124602739,0.320178574844715,1
56.62087463098233,-0.07341088985696478,9.730098897523122,-0.023876841422568656,1
82.3122322313161,1.319407539455361,11.13013629528007,-0.37331549555408494,1
70.63853037103334,4.3662847342771505,11.72288169642027,-0.9013626714517093,1
71.79701739535251,4.573115971808893,8.39410538710242,-1.0269668727799526,1
79.9855291693011,-0.19392198282831727,11.033937208786826,2.405913484175027,1
67.88801795944372,-0.4184415057890884,10.994427682903881,4.763887977724628,1
71.02959209920722,0.27799568355914966,9.495158340238797,5.41711372940704,1
69.26868593262273,-3.7847920782661073,9.798047277194378,-0.3490734124110069,1
68.22481199880497,5.740621624850317,13.24870653397776,-0.765803378036228,1
69.86743868399715,3.641754798819062,11.359260235006136,1.1965582326016013,1
71.83692538302641,0.2508330359409272,9.323429152256914,-5.145763528178011,1
59.125946654362636,-0.36422211975942825,9.98071003682444,0.17533227024125642,1
71.10176661821224,-0.19447151028495266,18.456799877245224,-0.44104369435677615,1
68.67009087496976,0.22999829334249944,11.086063720946168,6.287808716349342,1
71.47632309437311,-0.5721652709344379,8.822701118176884,-6.1002051899212955,1
68.55652694240318,-0.041486840512875975,12.514640402336964,3.14097714946311,1
69.75121372138912,-4.936133189280002,9.77998513801805,-1.1038260821368628,1
69.8942812157789,0.40341890081307075,14.140552242297131,0.22890446922760677,1
69.66105424694933,-0.5658530485850259,14.708515966013422,0.1490063731434854,1
68.4659187641474,-5.7398196327509545,10.82290282938255,0.23613752808074007,1
66.44859500063791,3.8949398241436435,9.910864583303358,0.06543661567255547,1
57.548128036158936,0.5120947026883739,11.302955052810441,-0.3412881730075192,1
53.08178020711488,-0.2648038650447392,8.883328216667758,-0.19933481855167326,1
69.40372892631095,0.18433137225186555,8.672045087357308,-7.061480092672928,1
71.99199855272076,5.028169552699109,11.807791715533257,-0.48420592197643403,1
70.52931972180255,-0.901453165138386,17.28396428641405,-0.3230102508895218,1
77.2337877956935,-0.03721846497487833,9.104604324190522,0.47774305997123845,1
70.96135920009597,-4.542443211671237,8.62003081098004,0.8864059290057638,1
72.24285822636203,4.60858477943452,11.041487138436484,0.8853118757716697,1
68.43782599722145,0.27484516965199085,14.709088707656479,-0.9221170419657313,1
70.26265195658252,0.4145444526018989,19.618909041321942,-0.32524939126961766,1
69.75314655235228,0.2587429571096144,1.8185606976272775,-0.6410187193204939,1
86.21679557058019,-0.6343730651066903,10.90834663024427,-0.8343786616559273,1
65.6299715057879,-4.293267755922991,10.330573166742564,-1.033865633116697,1
69.28430027630183,0.37203699506605525,9.253153636272119,6.567319373684286,1
81.36543553880807,-0.2986626909812744,10.460980948423515,-0.3616499560903225,1
71.58825751657871,0.0364788880167431,17.501598230179745,-0.5349540455174105,1
69.62150192645423,-0.2638219990855698,2.472968846476908,0.3859973892374191,1
66.3585972806771,-5.300157047976561,9.738086122447527,-1.5222620760143308,1
70.12306110750866,-2.6144135210437933,11.281239818536289,-0.4159371444186586,1
69.92824306544627,0.4391630931400172,16.709724740367797,0.4828540422406651,1
72.86591887882904,-5.831893270486536,11.472717495856143,-0.7074700276434391,1
71.2719959505268,0.13839187256038998,17.19874379089333,-0.062308509447853204,1
68.76302902304779,3.7419248695503535,10.48773466883183,0.4750099860712297,1
69.34844960801621,0.8137393130216742,6.139590879997884,0.8426981140789525,1
69.83751517833721,-0.5131476048887661,16.216395616705086,-0.7634048960826094,1
59.091882008251176,-0.8596462840943442,10.032008350705581,-1.1090392271951637,1
72.6496547213038,4.222805785922532,9.01858222368638,1.2432000130005576,1
66.46016255773885,-0.937537348135193,15.52387248761051,0.64250798156976,1
78.73047652418835,0.03321589709987322,11.453079333064165,0.684107627770933,1
71.08292733245246,-0.9299209893285788,10.054888867328902,-4.029417429413675,1
68.26018891027765,-0.40048640797359364,3.302614122456763,-0.15375317830626611,1
78.7004993705883,-0.7451917756607632,9.684081950062579,0.5813474497207102,1
57.27825054699935,0.06268045476829993,9.260457096932443,-0.6092473295580185,1
70.2937311034488,-0.545418203310832,2.464353683770181,-0.3568838586508034,1
71.81695520040715,4.234731323289279,9.480107301070325,0.39758864472986416,1
67.08005336110116,-5.561195977512911,9.99516200546373,0.147500164994792,1
71.46177207740205,4.021456428380874,12.224743902508193,-0.9087243489813851,1
68.94413346541323,-0.6051893634665021,16.968157819055257,-0.4812650105810554,1
73.1195489101738,-5.9583161742305375,10.536263027741715,0.6672546260652996,1
70.22773505373591,-0.4753387075325069,15.97066997835341,1.5119035238405263,1
68.49200277845102,-0.3000922276601026,16.655243560056032,-1.2450428908852957,1
71.84242439272566,2.8358571235477745,8.873389886916897,-0.6067238734236047,1
81.69383647508482,-0.2197940018250583,11.165710704463896,-0.1712707487436852,1
68.73774622831726,-0.06174942033397209,11.737426514230927,-7.3305290831853505,1
66.80146628705063,0.08931335839291935,16.43406430987088,-0.5215112465763175,1
82.10016333424677,-0.1749400157525879,9.149269522680541,-0.5110651896347693,1
67.07192399687567,0.502794146424329,16.94713835306002,-0.14130770467941842,1
70.79637337919863,-0.21441219363561967,13.314663602420495,1.2013237094408589,1
71.85546582804794,3.7845835428188472,11.684134191415566,-0.5403648600184786,1
70.29178487265229,-0.148818762843367,8.22612905592819,-4.881104792759956,1
72.22577773385287,-0.4839648834913693,2.98588921031849,0.43620299092777315,1
70.10675187636896,0.09916158292667128,15.295811529213045,0.3681224635356249,1
70.4451525419678,0.2818230679004464,10.834690817076075,7.381666811978679,1
72.27174361719199,0.046603556469562143,1.5029652617321165,-0.786069756044161,1
85.28512535847084,0.21735560362701836,10.077056212427914,-1.344866833278246,1
78.31618098016534,-0.6909349781258285,8.432551157146154,-1.338669226781566,1
68.2015996415925,0.26547782560063876,6.94687067513871,6.338572348807203,1
68.76632293871062,-4.186777977527533,9.52722889749902,0.2069989861416146,1
65.59471380335287,-0.30849470677305474,10.048793113331886,-0.5221035245058346,1
73.51190093423736,0.4830581938944865,10.078408057354178,-6.62458517312405,1
88.76766988967849,0.453735128183495,9.491419056312262,1.3936969576959504,1
70.13517506294352,0.13440240306515855,2.478714096473367,1.0014041157466564,1
71.90990843469613,4.476725194409042,10.45863309715833,1.5181760478040895,1
72.25831708349018,-0.05160761327316595,14.550716246725582,0.059708160475971064,1
71.42306712574133,-0.09279765163481424,11.02634019897965,-4.753687984227331,1
57.92769965914401,-0.038145797379918196,8.24748080309385,0.3681413312291503,1
66.41595781940049,0.1655382470301757,4.162414702887339,-1.111920148151585,1
71.70606327146889,0.17183178353056522,9.1351125619155,6.787842339398559,1
68.17224081897689,0.1341778414966147,2.663372618044775,-0.9166559248237569,1
71.20836263937818,-0.3189350494287537,8.632676889268161,5.6193807605512065,1
57.008966360402695,-0.08858966686966438,8.797579364049158,-0.5535629368653624,1
67.54977646472214,-0.11387701252698966,10.524410143592885,-6.867094926073426,1
59.22558334663128,0.9276823090339344,10.710400578823512,1.5359373426409828,1
72.20050185724259,5.949705387945824,10.21340911597194,0.03510714095758432,1
69.08771863233247,0.31593666672259707,8.950649745227784,7.6138077825677595,1
85.28118365082761,-0.10944603620341489,10.262422691973859,0.2521600757288742,1
71.21158840936259,3.879224897546897,11.818818838861157,0.5001998992912332,1
50.971640181182636,0.19916678755742345,12.489157310595083,-0.22812732129557972,1
58.93269232407166,-0.8134221532627038,9.879671534426002,1.8587869521465983,1
70.5936637779952,-0.1384223126875772,10.480526450107451,-4.245770993426827,1
75.25460958629355,3.901459053524508,9.274385948518427,-1.2626947452612949,1
55.883941480149815,0.17699570146372798,9.609601669168786,0.2132022364413831,1
74.29469069165953,-0.005125711561728654,12.180160072160648,-4.541247821844402,1
72.0945197030724,-3.275456246197101,10.516700992091208,-0.773364233403331,1
87.21947860476874,-0.24188751141626436,8.948659412738573,-0.13852453786084618,1
71.82333795125587,0.3349166077716431,15.899869524620037,1.6240295046265278,1
70.80668727472082,0.5230516333665798,16.74416494750982,-0.10553523023650953,1
66.31564209459913,-0.22645693646811554,9.259320628596912,5.716737267923872,1
68.89740719754816,2.5112855834578602,11.1922806490272,0.5922590879739597,1
72.86309856777251,-3.416768736546602,9.09150832173522,-1.09272719494001,1
84.94723371906542,-0.315402166406561,9.783758189364223,-0.22736093215744663,1
79.18837669105822,1.3253553594746472,11.122153457008622,0.6317385039789651,1
70.43772649703217,-3.8766669837064685,9.229727648450595,1.6477614505292069,1
70.77976480649559,0.09979370167019146,9.076352331891407,5.182355732821626,1
70.4325074818272,-4.911776889255909,10.064667672798127,-0.3468869263835952,1
78.47530624807125,0.25223193604332805,10.0373510666895,-0.3402018608033326,1
74.54907266544382,-4.7240246372372585,9.092137702405283,-0.16304741084263938,1
69.89048617923866,-3.6322624807612307,10.27152369051657,-0.4961808655953811,1
58.363265179940086,-1.086673592656449,8.617349071661671,0.008517953775546566,1
69.13648569581241,4.179412314790306,10.872642312080764,0.4686628740873974,1
69.95506962631659,-0.3715142108699267,9.391911877212097,3.9502779083908224,1
71.56206052105095,-4.339697066150386,9.84282058521749,-0.964536841837211,1
68.43581843473535,-4.896440472524432,9.465999443209757,0.23267640200847206,1
69.67179277617463,0.8790292690558426,4.335387309694944,0.5972563693666827,1
69.52947581979907,4.371682049533934,8.822311344113256,-1.7241182301939197,1
70.04016853914187,0.05849537750342717,10.410307996508113,3.7157687857969472,1
67.1734198774216,0.35823472720135285,10.308411665950556,6.193832176885442,1
68.21560670245458,-0.045122861128005815,10.081151724274902,-5.021777716719278,1
70.84395501104184,0.10278804199053226,14.298879810292986,0.8452514606827125,1
72.75870304636359,0.12781723402523795,9.347262916248871,7.409143326505908,1
69.88915228950295,0.4487303791053955,9.705753884413017,5.218890035373453,1
69.0173299573827,-0.027367370749283745,9.27288955437037,-5.539883675781728,1
54.09668100236067,0.024874418891774767,10.450537834503548,1.0316944253751201,1
71.66344152288633,-4.388761875578394,9.430274137236392,1.9284563883937857,1
78.83467985439138,-0.8807211261205695,10.301135904128287,-0.6445709603304419,1
69.64259544333134,0.2199884702384719,5.834290292530841,0.3723244595136968,1
56.67337751156853,0.833514667687806,10.85315528477894,-0.7803933752962222,1
71.61513019889354,-5.180552971635896,9.996772069907621,1.025184782390159,1
69.24476582580942,-5.6934401023328105,12.112405800776934,-1.4591466258415866,1
66.03351062190724,-1.3151100589762053,10.64582121437722,-5.074372761769038,1
77.41586666837485,-0.36933108807521564,7.812030630611905,0.13827341742834393,1
60.567318923346846,-0.10082176976393316,10.65965296306289,-1.5536313124312824,1
81.289611310084,-0.29644282505281133,11.137639960784433,0.6344637753034786,1
73.01443456541006,0.15822175455380283,14.539127833931255,0.8356533763477334,1
68.37693521990779,-0.49020780290213023,11.192197774898911,-4.9198349571897975,1
69.464367628073,0.28342788920334316,7.459734617586548,-3.8769680647865825,1
61.45920584889513,-0.22099656456701006,8.749712615029667,-0.162809143079098,1
71.79718944707021,5.595943610246343,10.420146190044425,0.9357613318872791,1
67.58998275819049,-0.6386106590526668,9.215220164034168,-7.656992761572427,1
70.76334869513103,4.725413626869354,11.24488082267235,-0.09384965307429148,1
71.2583831718182,3.3763896971314584,9.704524951376351,-0.8662849167552692,1
69.77822337707394,0.4594408022962548,4.589634474463076,-0.04152580260017785,1
68.97063735218862,5.622569911372641,9.020014673073122,-1.2912203012654078,1
68.92516341943988,-4.355723453011143,9.155359956552838,1.1910295969572477,1
69.42668074954648,4.458184566190545,8.40053891953455,-0.5014698066246374,1
68.61056659499594,-0.3092200836115432,3.404220643609528,0.5786859165711535,1
68.40763535324028,0.46172471599859116,1.311025113476421,1.259111525041293,1
69.770319730001,-4.9354696555936215,8.896436264453273,-1.1779939733913174,1
80.3167059804869,-0.09930959832843772,9.05033898261335,1.583929502281723,1
54.77100333406091,-0.2696908372009303,9.329078469064974,0.34355909683277863,1
72.06510191062235,0.22142889498582413,4.5635253887594,1.0357472453284222,1
57.45663926674534,0.963474995357377,10.362520549827014,-0.1544019976808759,1
80.5810171244664,0.04976541989256396,9.677066820992824,1.374811846851325,1
69.80226064860798,0.38261970367527876,10.713781174396635,-6.141957448884244,1
68.57832784282292,0.5118732499407831,12.060891350196847,-6.731252749397932,1
55.25510874969547,-0.2600898661745025,8.892257062190794,1.1351993372940297,1
69.6982866887354,0.33522409761976324,10.117731489388051,4.160692323700441,1
68.48031034278611,5.04059417880992,8.443955484271035,2.258432921112506,1
66.88700852463784,-0.0010669247484302942,8.995003950935054,-4.250215538973821,1
69.12267631422998,-0.6039916589296133,5.385731916299623,0.39610323840139305,1
69.22428242014557,-2.3205041304813867,9.289500872607354,-1.2817092852787215,1
72.29040318842061,0.511822411094194,3.6310589147023205,0.7219687138285558,1
70.12517117267852,-0.15808995729336608,18.4424238909419,-0.5463101985865423,1
71.29076492323348,-6.383501165695005,8.898396087110045,0.08667179272982727,1
57.698288854449544,-0.21245188947226498,9.734012652484132,0.36873811306131965,1
81.63892728778085,-0.5810891847801573,11.49103772174834,0.2820452342701755,1
68.78951758919776,0.802469925469994,10.148780522540408,6.734054452001646,1
71.10953013996314,5.708544376427382,10.296502210349713,0.6556942689252288,1
70.02920539551,1.438841598727528,11.443034042775388,-9.018722069365202,1
66.37546858964868,0.8709964936092903,9.401073132118121,-4.415811108260243,1
65.55192146749829,-0.41978819548455815,10.675671729237228,5.758177301229527,1
72.34866513146851,-0.05267088094499818,16.05283639522624,-0.18432916026296897,1
70.46360874925367,0.09782031561781196,10.86544879770629,5.458771296953091,1
69.18380061010878,0.3189916356387959,14.234659520166783,1.0874974547949072,1
66.4033444473565,-1.025535637802342,17.024840233963623,0.8589414508546348,1
68.7618557962195,0.3219259798031388,4.049607560983265,-0.5519999782476093,1
68.5615316201933,-0.2730510535550904,10.289950850508744,-5.589566823788744,1
81.20658964550917,0.6812145552234392,10.585458817310123,-0.5998736861728002,1
71.35230067581023,0.559804562639704,3.8346597687136708,-0.44112345519559626,1
69.33189132969602,5.827711566627574,8.542487671161458,-1.0220601874134034,1
76.12087633551901,-0.12321389522821243,9.780638796042245,-0.758808823687123,1
67.27214121648062,5.4592103956550755,7.433224454773301,-0.6036306443515964,1
71.25445394442501,0.22593711041108142,9.477448017663418,4.45400705913881,1
71.67695983080955,-5.227910425084083,8.466387440458792,0.15528781912480596,1
72.46475996043792,0.34633342319534416,11.904429749476469,7.391565580221238,1
68.86760863036025,0.7545311243040271,9.664929607529348,4.527275696905448,1
69.20923632471366,-0.22276330923566037,11.403702130566726,-5.4148685460234445,1
60.24010698281128,-0.25341917782337176,12.885700765604069,0.995329558280197,1
69.66594628125465,0.2615397481928184,8.757655207124143,5.744418599171029,1
64.8871753657339,-0.3090141452764479,15.042339169543382,0.3731630634495395,1
57.524979710757954,-0.40021706335322704,10.224117402466339,0.11452353786254221,1
71.87544316145319,3.7112400390763285,9.658035546810266,-0.6882698288549031,1
70.56269021148825,-5.025157518382798,9.254221448736466,1.122009103085335,1
69.7625845323627,-0.15869102422639889,17.342339168536185,-0.6607031800325633,1
82.84560240771884,-0.4241619914488884,11.82388977555448,-0.056715431284840905,1
67.81279766748474,4.555963060182413,9.89337882883681,0.4055419719089091,1
69.6485146560862,-0.27534161571687277,10.623823488529894,-4.0282962431013045,1
81.50771825158327,0.13491528432241967,10.381237401236309,-1.5370587357536794,1
69.79676582519673,0.33731359009715345,17.85454457542144,-0.04644633423734921,1
70.05237736914141,-4.299565912788919,9.72708459800734,1.240305044165817,1
71.19081466268074,0.0719264254323616,10.551707513130154,-4.193423493594473,1
73.71180868932251,-5.325909805567365,10.43716832727832,0.23870671822304687,1
73.11698752218979,0.21874977862071054,14.915427285768024,-0.6652421781581668,1
77.78163789390766,-0.6203358680683229,11.352081862581883,-2.227529746170082,1
70.69060360555672,0.24985587650889723,10.85573149507324,6.563724353835005,1
71.95737663492301,-4.694725569767385,10.439643734826452,0.18441377087110533,1
83.62000210709482,0.7266254016938091,10.46000114433983,-0.2247467031408661,1
70.21522746344354,4.840665461592197,8.332258927350747,0.06867750027625566,1
70.37031999419884,5.2384598831068985,9.536174425148204,0.4619088155713734,1
78.93877272865322,-0.0466729504025319,9.954165605994348,0.5479151156488052,1
69.48417819818607,-0.0707343119733989,11.1174055271132,5.231702309709486,1
71.75418753333712,-5.070705498987706,10.067918857462711,-0.03572092864428549,1
72.99358173443447,0.004557383775450417,10.760293622234675,4.117102654288442,1
70.12463051841414,-0.08276302227017263,8.371845262061917,7.144910916820394,1
82.97916176854503,-0.3499023568170877,11.836685384699358,-0.6544293668356254,1
70.62782266436157,-2.9228689881110896,10.317199737697534,0.5543962962690956,1
69.04103652114094,4.906631359015435,11.259059500653215,-1.1082994738803116,1
56.56361427229706,-0.37506148215463697,10.050369153732191,-0.7280149183100991,1
61.358279594337745,-1.1719109447135223,10.191968686612412,0.20316985434624907,1
60.85918509884633,0.207813420178643,10.563874954669917,0.6887616298868668,1
66.97278745018104,-4.381975942809112,9.833515673499985,0.4286495043980423,1
71.43687497897294,-3.0308875982759824,11.05512262566081,0.9160338135750327,1
71.68050110309656,-3.3501784399117143,9.00227144111065,-0.6079885678167568,1
68.57579418946756,-3.3864540998387342,10.666985494725724,-0.8872326386721385,1
65.73147566523643,2.732547911855088,11.768890025452194,1.2726845827109052,1
72.43115940631768,-0.4759235885662659,14.890527587155407,1.2884622147903324,1
65.49621581896493,0.30140309874081234,10.081327908696407,4.30613020146813,1
72.2367248019049,-4.129215399336171,9.183375395838251,-0.45862451589537256,1
68.71604377860805,4.439677291769958,11.90427016661217,1.466689236406565,1
67.95675902989124,3.8360670911519783,11.58781946631704,-0.573344915556495,1
69.05829824511736,6.477657298244042,9.361555248473097,-0.9088138792469258,1
66.83565106345475,-3.4159521295174304,9.762707284587316,-0.4903178606184866,1
70.59361807448491,0.25522588781893957,10.231345657620084,-4.154655591094785,1
61.18469213168922,1.1166030899417458,9.269846975277426,1.1387611294376767,1
82.70850986542825,0.3817105713590182,11.29932165294493,0.18078497970333093,1
62.00921770304474,-0.5308484231770526,10.843377233661904,-0.0056336036664299555,1
72.33028427703378,6.384570963407236,9.990099980706207,0.7685666568348204,1
68.72336187921867,-4.001958713271352,11.013129764451028,-0.8157858993742135,1
69.05167615371018,3.187513612223977,10.535099786343457,1.0649786853555712,1
73.50654298542631,-0.4596172602369739,3.44131457619328,-0.47687160829429365,1
65.21551862520299,-0.06367345278453045,9.073465463706272,-4.18252246528738,1
75.51182035073168,-0.3948107446549711,9.383532037798767,0.7741297077294031,1
67.52967679532566,-2.137735116476974,10.43635917779988,0.3676013772478526,1
72.09123935858753,0.01471529643804074,10.976176322494272,4.850164083077574,1
68.26531675522382,0.3415885739407066,13.293755849035785,0.23658063605517385,1
78.1100250413042,0.37626096069712345,9.034813380921312,0.8568408028460625,1
67.33618530659315,-0.32043626759041677,11.235264430133903,-5.053435015158114,1
71.25986371715025,-0.6830835189758508,16.346112499182517,1.0554392741989442,1
81.42896209473977,-0.7934616417438332,11.540922704485494,0.5069905848299348,1
70.74380700752607,0.3822418635632139,10.943805750258775,5.702330847123425,1
83.02221921862761,-1.1348866135520481,11.14279277108405,-1.7292075561159306,1
68.49648408338194,0.03821883438941112,16.66943965558613,0.28851141226199717,1
70.3384084523242,-1.382270607464883,17.992649970464814,0.7043898026243742,1
71.30303940412367,6.0003783488350235,12.727549085050661,0.9794973952863432,1
68.17624847197503,-5.322544070216974,11.212158505076024,-0.8060296445346596,1
56.04441559749411,-0.28510899524459,10.569514829727957,-0.6859507008950674,1
53.66750720035291,-0.7196296051964954,8.933775354921748,0.9656007939397746,1
70.98269635173496,5.166194196237501,9.86659276656457,-1.3701221103157168,1
67.93501599983911,0.21183458022923135,13.831581134822555,0.46160539813478885,1
67.19239001969096,-4.408243662512273,10.18687895057099,-0.1610140712640708,1
84.68215618492275,-0.8072830645750034,9.94923396752943,-0.38245614824132024,1
69.73008990548644,-0.010128049181331622,4.469367497694339,0.7194801194329987,1
69.06230087015312,0.6216812683246672,10.803420218376342,-6.399718058621387,1
81.54738272729392,0.28814758325293394,9.381017184361756,-1.2000369340974462,1
71.6321536046419,3.865419241376027,9.854073091663311,-0.08588636499892705,1
70.67061426642512,0.10000293816935739,15.299241006441424,0.30821406021548503,1
73.20029515176056,-3.685386468934197,9.905962792835838,0.07964055612028842,1
69.46380291170544,-0.043214925083610405,8.521217911756755,7.597069357355762,1
69.05281938166367,-0.3153086469748425,4.604326957913177,0.5729296175407658,1
77.43696997075133,-0.10323634893662995,9.557407156293516,-1.817436393610764,1
73.18630819488361,3.711442290461591,9.521450347506851,-0.09799672747716094,1
61.99017861156004,-0.2938740279817188,10.746272496709894,-0.6770132573536757,1
68.83605524159911,-0.2609152004425904,18.31321211471331,0.08397508553966787,1
77.08068894174505,-0.9133483870074426,10.449713003620381,-0.3676980825696264,1
61.297335186207114,-0.10990909623738003,10.657563293724788,1.6213835136858366,1
71.9934576340779,0.6427505919127712,7.135425361125398,5.763689830088676,1
69.87422658181109,-5.123605684624352,8.415859827228926,-0.140399782705009,1
69.5197460352411,-0.23292980320211834,10.071479679496418,-5.7984357697215225,1
54.398371740668196,-0.9988622418242941,8.732120032590851,-0.577028713378064,1
63.7806330875968,-0.26970232436370617,9.958732688402359,0.2768447076718921,1
70.90362075219629,-0.0869999997546626,10.138702563902681,-5.966635311252491,1
71.0696347788368,-0.33326409981355654,11.39340484490808,6.452481458156419,1
69.87974138027481,0.32483585121821107,3.8921438235753403,-1.431418766219182,1
68.59723596207036,-0.45079243761009996,15.819081189143583,-0.2555598632061,1
66.08262615143879,-0.3094194632400543,4.108520575368814,0.07123396973354078,1
69.28972878820566,3.9448982084133033,10.272648183175889,-0.469689852781791,1
68.92119020988206,-0.24550511341224962,9.166918880187431,-3.450221847131991,1
53.36927297162636,-0.07055842403619231,9.996982339646571,0.26606570736638696,1
54.20027655678956,-0.9709518753178232,10.31896391327013,1.292671860200139,1
69.40450221797985,-0.07743306343782652,10.3209258582666,5.704232540496768,1
69.77509951964328,-0.070572144134726,7.443002657885202,-5.050047222593982,1
69.68786028253267,-0.7499288827130246,12.818676315995084,1.043613970674651,1
72.00009842885487,-0.15863762616691596,10.328999140542443,-5.445302890254359,1
79.44133022805397,-0.620575775232526,9.969420213842621,-0.5042273684708655,1
70.4324912870202,0.503799775033249,10.159556233269333,-5.477384122275774,1
71.91621066639078,0.13606174325389123,11.19047913083881,1.5586679777698498,1
68.51135576563333,0.48466793708257117,3.5553843559557743,0.03637974125478812,1
56.59100403058795,-0.044415768587876686,9.547346552803596,-0.365476109631283,1
76.92785321927859,1.0978479037886628,9.269213839651185,0.6165624679908692,1
76.61714998786456,-0.4232512253521737,10.299707553916251,-1.5239608390090382,1
57.413866216719676,0.30159492713612346,9.577119929877318,-1.0229279195657575,1
79.32110927267883,-0.41420475900460874,8.35470840786945,-0.03932238262003884,1
67.92396900006183,-4.034201866171098,9.433002885407637,-0.3748369710815507,1
65.39933720423114,-0.48483101744431256,16.160480536783382,0.22326478662565924,1
66.35810371016669,0.9532263163410356,16.520037896175392,-0.02818222280698282,1
67.85369071111027,0.8574822202382756,9.963921027397936,4.687124915844242,1
72.18057650797726,2.6741420452736455,11.176515190468052,0.32183412358469293,1
70.6582828413187,4.269189119172542,9.262032824786242,0.30314801782722967,1
71.67169290623517,-0.38033179088297125,17.317016186687,0.3996476490060002,1
70.0308286630389,0.735796869820933,4.764749623762933,-0.11130092277462095,1
67.5838845895043,-5.274255216468267,10.528591785117117,0.7782173020132621,1
58.21956421406752,0.6008214480393972,10.306968247207317,-0.3115223581339001,1
74.19210816231177,-0.01691252286864575,9.97992077543486,0.36071146182633895,1
77.15932807853126,-0.2144059201039766,9.649590765081804,-0.9491568190994992,1
67.9329773221658,0.38250580404956824,8.995462332139542,4.804235468824773,1
82.35143340892361,0.8592191562059376,9.638704551358831,1.157999711604879,1
71.06686226312736,-0.07096881799212107,8.922381209299077,2.2405944415362065,1
62.38530644602636,0.04624283132166633,8.822142891771104,-1.2662598263279765,1
73.86245232620148,0.11784161528965356,9.160571710122165,4.968413299394918,1
66.27893966811283,-0.5479899477391724,15.810744495812134,-1.0268927243283936,1
73.33829581933631,-0.5808799993526854,8.48794509446563,-7.2120459947160045,1
71.84810883636248,-0.06063900156891099,11.83935266818212,-5.966811831178429,1
68.07147974919317,-0.17858411369436544,15.080502842590745,-0.664423673091207,1
68.34532655226452,-5.609725467230487,10.802164572789666,-0.4420569856299581,1
78.95742633296292,-0.04075995251477538,10.279188309866854,1.2904802587243094,1
72.50889755606545,-2.5545284623379745,9.642680058166405,-0.4145709075355868,1
71.09803572831524,-0.12397525191775495,12.285562034324244,0.15103282723571845,1
69.09630423787675,-2.5637326557001328,9.524780986832607,-0.5866228144504325,1
66.7440113245272,0.041261840018935465,10.993564607172164,2.460089545188773,1
78.47209859447034,0.7315270428729916,10.832519339153244,-0.6769501416665062,1
69.71053903094881,-5.5195022987457065,9.286049607171313,0.6119142570685735,1
68.32394070707822,5.009491245634488,9.343956805857825,-1.703952981065745,1
71.44613779250405,0.040517672653909056,2.112147678693809,-0.3634000305407301,1
76.02997519733321,-0.18957654258074969,9.828909045288338,-7.099860366680438,1
68.44205355903291,-0.3106718404284181,18.486942505047644,0.2946583216876126,1
71.03682798241014,5.570331766476584,11.562038878997543,-1.0045333404048422,1
70.36300109709197,-4.841188418577662,11.392339016462914,-0.8978031740404276,1
69.14755738180448,-0.7416102809316572,2.1774403915667984,-0.19729305062557617,1
71.25728353912102,-3.73194694200742,11.82016770144246,-0.0343424561118123,1
67.70066992746634,-4.957704100971262,9.992616591569025,0.6393160982793699,1
70.46030955893153,2.8037797255196777,11.128642464312765,0.7285127732731352,1
73.56410373304381,0.13330206621876073,5.37730376719515,0.9126828681630864,1
66.90393207164522,-4.854685231796415,11.466535587017985,0.460851905945493,1
66.20021792280188,0.32698891931217444,9.866345040050438,4.753620556100112,1
65.65468637727064,0.10846189452088185,15.474914153906026,-1.28215718222346,1
68.28750779262056,3.885455519984784,10.202672352515048,0.777445216128397,1
69.17260895588201,0.03708884363838659,15.77593291024062,1.1790174990905775,1
68.399898371269,-6.238565515862391,9.633305760917928,-1.1073214370428859,1
68.80704280259658,-0.424821628154489,2.839223557653794,-0.08954208072744259,1
69.9228031294357,-0.5665010629904361,18.400812067033865,0.292072999536701,1
72.28987438037622,0.10727698787039985,9.986904482271221,5.258771172563134,1
58.65736249181073,0.3037872503793942,10.579105832058623,0.6824794362991323,1
72.61720185473216,-0.32197976545554174,3.0309108876419035,0.18501853301535628,1
68.0558729594852,0.06892676255345917,9.963928287823057,7.24497186468971,1
70.12196460648524,-0.4068091804186306,10.493019694604632,6.321513594371853,1
84.03831421612634,-0.6053050276087505,10.206787715322937,-0.8159713823645872,1
71.23126891092566,-0.07061211215197058,10.252872985220488,6.255875411267595,1
66.75180762230937,-3.46315776675599,8.989299901562138,1.255706723953435,1
65.4555671697219,-0.6636918367700736,3.679533255900706,-2.1209145701827703,1
68.69840726952845,-0.30624228850801594,4.596235328405944,0.39823844456305324,1
82.42767607733468,-0.30640163762023115,10.753717698438464,0.1293271438839156,1
67.43231447645702,0.7955889586377022,9.561831629732326,-5.24509054912412,1
67.69888665080491,0.5065968704794687,8.512850656328125,-5.760810389525768,1
68.21083920325462,3.156119258919234,9.657607124482373,-1.5808511424291338,1
70.29232569041439,-0.5993827228635474,14.539306607506298,2.1242730962064407,1
71.23115579923578,-5.270958259083973,8.879324597479563,-1.4579396712163528,1
69.5064196028484,0.9613798101276886,17.396456274056042,-0.2674611125899215,1
57.5563205450569,0.49813144734039716,8.462045290243553,-0.1961218512500607,1
66.60289232599173,0.6124118542721085,11.272756427665046,-7.051762081615562,1
67.92324398063185,0.20860040834412186,15.604530534248466,0.559736104877892,1
55.706307874354046,0.42894515929587024,10.538861885057173,-0.6898147623532518,1
68.36684700503606,3.9852202087000834,11.412712408076128,0.6761030676412589,1
72.8354805899743,0.08978879114413776,4.493936150230083,0.3092922357680849,1
72.1372504584312,-0.5899257767608015,9.233338677348534,6.168397275692814,1
65.51376842209007,0.14513321821609232,10.766166050431332,-3.386478710196637,1
67.44723304460054,-0.29785446725194886,10.322730521620601,6.517713353017411,1
64.52493822758943,0.5423278497932487,9.039896948564301,4.494737066949487,1
67.41693683074837,-0.07668997403328051,15.612989571228734,0.108983894330592,1
70.6177222464551,-4.948445703282446,10.686775759417337,0.7697003154636444,1
69.79953101815853,3.992200097210153,10.126275883454435,-0.5828279720648745,1
65.98238847287867,0.1375917517255967,17.60229365752972,-2.06185686188413,1
73.04691819887938,2.3018752014156245,8.248182055923172,-0.5282736618523337,1
82.35887354219713,-1.2848369492030431,9.781235738937186,0.05571574603428277,1
72.69544865099101,-0.10610730535053046,10.231200834061246,-6.733627740168742,1
71.37113729815587,-0.24335531133340013,10.02580472610475,7.197822742577639,1
66.54968440009716,-2.5226445066808902,11.564355283742469,-1.6081874101656817,1
70.34377427570148,4.896913232241672,10.733094160858272,0.42740926320862704,1
68.1580084315083,0.8696544645135552,11.194189595835828,6.989542112100932,1
68.56884130343539,0.06539975256490305,9.666311615469896,4.410582142723007,1
69.09707739721125,-3.747937150824862,12.070146588956948,0.4375831499701214,1
66.61232495000424,0.7155281477148157,16.816489448096057,0.7523835364182457,1
68.03271534517458,6.1546352504210695,8.291696500248598,0.7585277178599772,1
69.18269070309593,-1.0480705168343147,17.225017356630318,-0.01945471789283433,1
70.03500427259563,-5.776564300787456,11.074397884032155,-1.0465175873338384,1
71.50516558240304,-0.7907944097807115,9.688522597654403,6.029639513365549,1
70.03454797068798,5.6545765300094635,10.377034311364074,-0.5527001512383055,1
72.58144971191123,0.21029321892757352,1.5639690052846094,0.17951987550239099,1
68.9256395897594,-3.6510463698208513,10.401014553274129,0.2962442240345239,1
69.53839423697796,-3.995873483943449,10.599554750921328,1.256660149339507,1
85.53133135358249,-1.2032629385211575,9.579229553849284,-0.6878446495358366,1
70.8054339964267,-0.019978289052022914,8.442836230673736,5.056086831781785,1
73.13250282524291,5.237710449509956,10.067939202403096,-0.07013710849034431,1
71.66258490730951,-0.44166463076571993,6.890718160595455,0.5934872883888483,1
70.3576584157437,0.3597045661388705,15.725101859324356,0.004598371122839882,1
82.24847823913694,-0.23771634644859016,10.775415748281489,-0.3935632484812909,1
67.02426505675218,-5.185386654086503,8.391068780403062,0.2123601330493976,1
79.62515524061226,-0.11112176356816487,9.732270639431862,0.20297447064233115,1
73.81029759252932,-5.249916376125191,9.114091510504236,0.7679755110878875,1
88.70932343426092,-0.8845949542027103,12.270090000543345,-1.5052031674245319,1
55.71627882450474,0.12934020001877372,11.464980983297046,-0.9227661331211593,1
71.95941400077952,0.055777307150325264,10.208695746022869,-5.311797303866387,1
70.18345013073518,0.16795181763864736,10.609065160921235,-5.783256579082285,1
70.84767189566874,0.6731829920864582,5.52314393592186,-0.03086551473057912,1
73.22785420942816,-0.1791440973164686,3.8919672041884725,-0.5321788492827347,1
72.3379195758227,-0.020806554192881962,15.216500212050217,0.6405826429446783,1
55.03646366150102,-0.593285027868155,10.392333854104889,1.232666783803229,1
70.12607233883296,-0.7461289272601602,10.09076814353549,-5.468290461238969,1
82.67806183329904,-0.2612886234147172,9.186749484452193,-0.8273835483510186,1
66.95106679887711,0.011428979800493762,8.93178721535138,3.6166209337031594,1
68.26157563452752,-0.872541749808827,3.4790052278287087,1.1269546882710975,1
69.12219265403094,-4.152369535171714,13.360140742250904,0.2372411934086079,1
66.48012785580573,0.08838026523456781,3.799419818357838,-0.9336152859251522,1
85.27179879355359,0.5505634960226237,10.005523503282538,-0.4616725641175987,1
67.21381728474924,-0.3111968500748384,9.327174238699685,-5.436545422621323,1
70.76051485158865,-0.06528386100187067,11.018158856786258,8.089303835541198,1
60.601943620497394,-0.03884800722953925,10.361534674330322,0.10886224112660697,1
73.66026670013747,0.4659975786593043,12.627541249226663,4.944368762532702,1
80.98023403867518,-0.8467815536763023,9.914669853544089,-1.2090971197400373,1
83.49764532898713,0.04235737166903064,9.80960212640675,0.6932347728226369,1
69.38708589746693,-4.283463606274424,9.5798424638684,0.6786422348634011,1
81.14936968995838,-0.28540557208893835,9.679251239431997,-1.201308782612453,1
76.51295784448166,-0.476631910441976,10.406215770959761,0.3096475575771584,1
70.69472919137324,0.14292989332121375,10.713344704155176,-5.247780528767661,1
80.98817409830305,-0.4843662675531862,10.485515868027964,-0.18853367382733696,1
72.63502836920371,5.194842716163588,8.648007317301994,0.658782091901045,1
61.87106667803751,0.0021141000456110777,9.823351938433719,-0.544821898094929,1
68.2800935869499,-0.23534039175202623,11.39260595206288,5.823235090362841,1
70.97582558283722,-3.5833902001721856,8.26350607209914,-1.8414217891207199,1
71.20422229308167,0.2171177773995217,2.3775951812105554,1.651107747520882,1
58.41260354690015,-0.39134797614506744,9.729372421278388,-0.16308789987481948,1
77.61468661882004,0.5758423789405387,11.695779254078019,0.06319276569435744,1
77.9185270787102,0.14199932055081516,11.421289910316249,1.6157712701688187,1
54.61035172108214,-0.5523702660565806,7.576312711117265,0.4096183288974639,1
66.13703757129188,-0.5549345253427933,5.913310969395079,-0.6819975301188529,1
71.45406419400848,0.23415606128529087,12.977438025064458,1.694603739561825,1
69.89440379534459,0.70162895969143,10.28520346318273,-4.106855864713798,1
72.18203871865346,0.6726461377275454,2.310242607846332,0.14718624745060602,1
84.7014787701248,-0.09116886714668143,10.223765928191414,0.2631105693519007,1
69.6268082710999,0.2180046153226975,9.046201818098796,-5.119320875493161,1
71.30334032497609,-0.5063108945276825,7.1243054954579845,1.5381395841922418,1
71.25767601895525,0.3666702847910288,10.327920223148379,-4.736952924201773,1
80.18303443614995,0.08594388926446296,10.27986501251017,0.19273842893045892,1
70.64735008022733,0.37342869007527624,1.0289444351295591,0.19918272975411622,1
67.75497942780855,0.9380073617954681,18.208764385113938,0.32621678562997974,1
81.77095857703473,-0.0921821153430404,10.807288286053623,0.22372266366359203,1
67.5188396794146,-0.530284707007265,8.913828068791512,-5.154100996001147,1
68.97817370705533,-0.3423186003611324,10.85141576548109,6.360841724541604,1
68.55803448938302,-0.3306291469265103,15.29715212044946,0.75771706119799,1
65.17781580370172,-0.04569390882482067,7.94174082307645,6.114870673485589,1
59.636320813768634,-0.7302313339011702,9.653675811100209,-0.31425336513436375,1
72.1215962144939,-1.2350438839862767,9.938215750208096,6.355158489235575,1
70.29002010475647,-4.6326309358882165,11.097035058705634,1.0381536003204324,1
70.48055235898848,5.712172958322129,10.389038362711318,-0.045487539711329225,1
69.39506738310148,0.4009700630620827,10.949652505069382,-6.198054839444705,1
54.51060935302103,-0.3708406757808462,9.818799973056283,-0.7018244085271431,1
53.886115321243615,0.4573133279743275,9.290541401624223,0.17011552107200323,1
72.13609318061775,0.4855116006643913,11.107622667176674,-4.923599326840798,1
71.38895662017454,0.37083332053733575,18.02829198053607,1.3776744809514867,1
69.20795443209519,-0.797374716824123,16.489272058848734,-0.7012075240733883,1
69.73962469863378,0.09399799016481944,9.547559065675342,5.222275114119998,1
82.7882600861324,-0.5940005917705496,9.227247974052599,0.00885938924138582,1
80.4755883282188,0.48038075522133356,9.921803878924454,0.9520801084110091,1
71.99294296015601,-0.20752212767338737,18.295245608565402,-0.725775722696169,1
68.77243021638287,0.7814511111551025,5.885360350946938,-1.2702340041731728,1
57.88947492133668,0.33669653920644005,9.898527833678735,-1.2682567926232489,1
67.40530530668339,0.15078108258705994,8.882115107125845,5.490826406975216,1
68.57567086396446,-4.837014902018795,11.42946088924267,-0.08875484368978658,1
55.49727256492665,0.5328511602524721,10.311060911453254,-0.3209711273805047,1
67.17123552410838,-0.7331652763293612,15.667348116267949,0.9447885554097937,1
82.05052946372611,-0.668797996756099,9.781179273787348,-0.8927639447120876,1
68.6845978004425,-0.3542392431511766,5.9436591110984835,-0.03642465253653873,1
73.64586078677495,5.460040313382735,10.89427872264603,0.5501288901644553,1
58.503382510743364,-0.49933467852541974,9.075458588294135,-0.26220553163282356,1
67.65297173268348,0.6569478062352189,4.520677740791813,-0.24232294400509208,1
68.75785350305289,-0.3506967486588405,14.258492889380687,1.6361042510945685,1
70.19415362198848,-6.176087457318209,10.181715133298125,0.6706427284863565,1
78.55210190568883,0.1488394142566441,10.933950960895173,0.36803612116130957,1
69.17011573966964,-4.9676377587569025,11.738863737290327,0.5680435808179769,1
67.55758978778928,0.3388197026945015,9.30722063023085,-4.94715461802013,1
75.2129206237239,-0.6870759253305514,11.607899034467568,-0.2100129329527658,1
70.1704550368236,2.955614950582639,9.884809025707177,-0.8332060915610416,1
70.83027892860405,-0.13099621492572291,9.486802241366256,2.6039775603715913,1
71.40783673700051,0.35913437983699953,1.6922767882086704,-0.3033085985851659,1
82.54974027865639,-0.8456124828640932,9.885565797810129,-0.18660058272976712,1
59.89619930934075,1.1607976243888294,9.362257804149383,0.3151997001480372,1
73.75143631311369,0.8787055808196549,15.386748182207363,0.08687369080297826,1
71.58199696205483,-3.5666355963593963,9.446643316086075,0.7241973677265827,1
69.40265615048223,-0.3109633825184786,17.813378745357575,-0.29878579302175107,1
70.72768575860134,0.864462086967584,6.3943666485517845,0.24740272976086253,1
69.8895937204714,1.1564344838642704,9.26425255455704,-6.615016073431312,1
71.09214517730634,-0.12348908357052732,9.963706303650824,6.1161222183793,1
68.78509262542505,-0.5338885374190655,12.087782505804574,-4.8347333550265095,1
55.565621653882054,-0.12160190871936616,9.10351337117002,0.9861990723263676,1
66.59626458636012,4.108854880343034,10.669501219272693,0.7175314002068036,1
71.01830398279472,-0.8629330807082338,4.348612162276229,0.3575988677807836,1
68.04239595038281,-0.15524552346774373,9.913443756356427,-4.8750772048787905,1
69.68878825016843,-0.47131629034098727,9.641455543783362,-4.898488078244753,1
70.95322092425337,0.08696696039667205,11.110339140604358,-7.018382635546736,1
81.5061253052969,0.6884107286024234,10.509220078152655,0.2007167147120312,1
69.92947029188025,0.20679480316839768,14.77492311450479,-1.3467203103281935,1
70.81005269156302,-0.22432885304160857,9.407974800803059,-5.73919293726931,1
68.49409999876471,6.234849326783162,10.363043068929517,-0.5128333116166747,1
68.73825134157849,0.23841873435841188,12.63998500929648,2.1788257550234165,1
70.5860865961965,-0.15153258762667104,15.175772944843551,-0.973157109371253,1
70.57597677361834,-2.9440228120030034,8.875966405049404,0.617251172984548,1
69.01719171084338,-0.013413672193016273,9.092320894259304,5.566896541216166,1
54.156833066595524,0.23225034727469515,10.358940573670264,0.34541134779063576,1
69.2663226658345,5.845046129994856,8.343442838920744,0.4952567091455897,1
71.7440446903528,0.2639534096823825,9.745804031162036,6.158886449900908,1
72.30526968335052,-0.8999563632374966,2.279988321064696,-0.20436784380437453,1
55.8421180956086,0.0014036816254817152,10.139704024965281,1.1744451346877784,1
68.61872037437935,-5.494097845845049,10.287713333106772,-0.3156259742805118,1
68.0555353597296,-0.06902369589620537,8.757818384679778,-5.554750398591267,1
68.71924711760923,0.18375433716254613,4.696133183644912,0.08116701443957358,1
71.33765607186385,0.028477658452842655,14.337402983234355,0.7929731752098036,1
58.26367957641702,-0.4352174690567439,10.067311014526247,0.5644535278913844,1
58.42902756528127,0.5524088510568432,9.407732237812219,0.1553532421437919,1
67.61399607240543,2.3959661177194613,9.597197862771223,-1.0685348406511983,1
71.4606449112783,-0.7368486650257436,10.528626138545485,-6.391622433766136,1
71.0859560039064,-5.012215103826642,9.733501309563657,-0.446112947198216,1
69.281329191422,-0.15193073511926805,4.217081336250169,-0.44500483283204356,1
58.15083152573126,-0.3167564500541437,10.009877248189412,-1.0826570622028509,1
70.37927041376692,4.7836658244746815,6.975668982533955,1.0005470592197276,1
70.74223174871076,-4.957915367786336,9.943883641316646,0.7937708869315254,1
71.82375032240812,0.9602747725212738,10.698059980072463,5.130396997397111,1
70.8558225921209,0.06979287760392078,2.7665881871284395,-0.7125715267953336,1
69.97959622013883,0.22532282273378115,9.718186977765066,-6.03542237357177,1
72.33865445342352,1.1210493295533248,10.873529009532756,-5.886187573941016,1
67.14050578454223,0.3580703917069657,12.327696843411415,4.357552818940072,1
68.71256128382885,2.8009450777133007,9.916131871384762,-1.7413801097523671,1
77.70792834751545,-0.026091187743338212,11.166524064416429,-0.7097887480382571,1
83.28136928905104,-0.1063919481282019,9.917019144825073,0.8053749643796547,1
71.96600378890794,-0.20444946993215454,9.331754013004453,5.504021957066265,1
82.66098547491592,-0.1039205995732926,9.91747927373818,-0.8330896830466101,1
83.35818836350477,-0.2420376444000675,11.031251129861854,-0.009392634284400438,1
71.26243402459941,5.430318206869982,11.295926097142534,-0.10825383896114418,1
70.28831493916122,0.7376005517930875,17.84523014261687,-0.5285721849803304,1
66.94508293694193,-0.6087001697418876,16.243422887566574,0.4395836763159333,1
69.58500877971782,-0.3859216111820355,3.472393615994399,0.33118676235830097,1
70.9344836079904,3.5263466537744583,9.721839041848927,-1.0453746661707704,1
58.19645084872673,-0.885865977889387,9.901439391289847,-0.1745587508244108,1
71.41263033569494,4.891596218311471,10.611525353525739,0.09732790816352661,1
73.2480061135434,0.07542829487178622,4.911921342189798,0.9028259552908993,1
69.84543834597469,4.755966765459863,10.853867227989303,-0.15148377323891818,1
70.73560705255505,-0.004361090401785906,2.050838594901693,0.11951539249096779,1
70.44897987925178,0.8991110473337596,10.047394537763125,-6.72604234681101,1
70.91328273935686,-0.257830011520273,6.012444233687551,-0.4386141894031666,1
59.726095340259036,0.04910621045486204,9.503776387785965,-0.19122226729065592,1
67.39269098548661,-3.8259598439574654,10.62689153966651,-0.3532371947506063,1
69.42721352807132,0.20629554270026204,1.7512573009656336,-0.363681192508294,1
60.13597398711322,0.13736044045450463,11.257800089032132,-0.3879705026357669,1
68.58154941455459,0.7268222307692936,14.090229829650422,0.453935024927848,1
67.36398383414245,-3.8942369409410755,10.240002231366887,-0.2688484569299172,1
58.70056957422794,0.3372474929339199,9.80859503943062,0.046922609894123675,1
86.91122362665382,0.5562740299081748,8.965514464521679,0.0840950434227013,1
85.00319196778732,0.48823488552288247,8.323436932624102,-0.24406743605807116,1
68.4202378323754,-0.3793377123664154,11.050622816352899,-6.629481018943871,1
71.79716395272234,0.28147092947908703,3.1418917927909575,-0.19126449094123663,1
66.05740458253406,-0.3336893857555743,8.424272781439921,6.460592713392371,1
70.33076698559468,-0.0187178617117543,10.090819892397034,-6.307017685195163,1
70.02062799153134,0.25353105110022006,5.8352561430335275,-0.11342010074755038,1
76.8097162484814,0.16732989103796628,10.19436546571143,1.5387559247472722,1
71.37353827163426,0.34641981137135036,9.524680711937446,7.08672870116723,1
56.932578673113255,-0.10622882634891112,11.59997637303391,1.3549791721946132,1
70.9899484286569,0.7100335957630731,11.119810725788666,4.811715933625665,1
71.75404635944373,5.562667053595172,10.827377558017503,0.8940137643867377,1
73.11689511678709,4.240788164042515,10.276299449387729,0.7212876063325215,1
83.12472411262371,-0.4030987566501088,10.161928830363204,-0.8105901719170622,1
69.15868453941005,-0.7010945836920442,10.539056231417018,5.25811031898144,1
70.67677538202558,0.48080889498731133,9.548437787404437,6.431292123696151,1
69.04868756662896,0.25036306339466485,9.120730046887106,4.223735247077228,1
66.40951226276061,3.806908549340569,10.36745950704153,-0.7886042426676969,1
68.05426057102677,4.724845632917619,10.16408635895577,1.4340413135688739,1
68.71905017578963,0.6258650099357002,18.602216640886525,0.7284657065604494,1
58.52159971084845,0.5972474297103174,10.432072918349876,0.31937467991190044,1
69.0354468197499,-1.3669637860765298,15.579243315436125,0.16770977237201512,1
65.31366154880864,-6.228103152856028,9.741108356761623,0.006999233005694425,1
71.6127678573201,0.6255921693063206,3.6706485482375957,0.11621612736527309,1
71.86699348724382,-0.25315706023534745,7.441417265682809,-0.5788412461204099,1
70.7179562194004,-0.7110376678084301,8.293770272465835,5.486407109474279,1
55.90922349627608,-0.2492116763860037,9.046465379815624,-1.1314772184767135,1
71.20642863625092,0.04411294446518102,14.632739696824757,-0.5479928826525858,1
57.621022572275656,0.7815885382719705,10.295487295940488,0.09799305866385309,1
71.0529910068062,-4.7641488626110595,9.305719004175128,1.2258235492251328,1
61.18472012556616,0.6893880957155359,11.679498002979535,0.3881772495529119,1
73.08022360128146,-0.5384864301596527,1.861223384608886,0.3703614638927155,1
69.35131410956663,0.3336744680013933,3.4512539850755104,-0.031089235654347864,1
68.25122956821188,0.6439007263417603,9.740705250318221,5.600426158840045,1
70.15622626697295,0.34176360388883825,11.624037558985574,6.171456260460453,1
68.56992789691574,0.5431553769449926,11.525118195939594,-6.045931780073735,1
69.6218694898376,5.314029157888765,11.31598840949384,0.9580768867698048,1
68.26852539699163,-0.6963303918171275,16.65255249986802,-0.21808061392638067,1
71.16779943520659,4.923797349893107,12.362919164776018,-0.8512990087558454,1
70.90948408673319,-5.108628410528682,8.641379687851403,-1.5241684164731908,1
72.44464424359145,0.5122985289759064,11.579898764372581,-2.4929823977951266,1
68.01014229259832,-0.9121795697968376,9.340643983986272,-5.094953926333506,1
67.24486501057288,0.17083913730015005,8.513450929981135,-5.790121247621475,1
87.26757087870106,0.8328494816385346,11.112184082926808,-0.5008214536176542,1
72.89472849880181,-0.46031987390032286,11.216595300200494,6.532245466602015,1
70.12087020866456,0.46951337184113573,3.0402001572214434,1.0926867863240355,1
67.45027863953695,4.639871486148425,9.390341914457837,0.153886290323071,1
71.89544539629698,0.7737193063883904,9.624926068260384,6.406458867675269,1
70.71430317019923,4.02991176068793,9.067548337717792,-0.8320643339133915,1
78.61812890122594,-0.0650225228477258,10.540898027040171,1.1184478329838698,1
67.93577043133978,-0.45909500388530516,10.222413021880355,-2.1185019020228086,1
70.20386095053036,0.3423606944606299,8.923726743685858,6.352990835390293,1
69.36425828822426,-0.04106381589950679,15.9339665191209,0.6076567073460085,1
70.2327824299024,-2.4459758632935142,8.466166149433905,-0.3803826674779628,1
82.33553941661606,-0.22047196069099023,8.37076537832758,-1.4684027543546718,1
70.37671885908317,-0.6253126898518911,3.7186238139964267,0.999475392344985,1
75.70571549322872,0.6659966361665933,10.56350495800126,-0.9039177294455076,1
69.46982081019432,4.571013460744516,9.81191668088185,-0.8645254008240695,1
60.290518666641134,0.646300360734066,9.984233527255554,-1.123634263735857,1
61.721404936619905,-0.08267872378344464,10.8001684800055,0.02509819797964822,1
72.30025229947844,0.6220261597695216,10.537021166443152,4.67100042312112,1
70.89787820470285,-0.4967520312781981,7.4534906781379275,-0.06732263267915224,1
67.20312543323793,-3.459426268711388,8.633841281429202,0.04211241587401909,1
84.18986093665703,-0.28102319840866835,10.787665302107712,0.47918249461917733,1
70.88314681448577,-3.4398772704508493,9.868583053325976,0.4611908065106507,1
67.18773020891904,-0.37001636932415927,16.526340042665787,-0.4318220903289078,1
69.41791013584309,0.10888824340306849,18.67476423939074,-0.3052856028943092,1
78.67190836216375,-0.40742005223622435,9.720867701086602,0.6333919715823327,1
70.14595086034288,-4.573449310702521,10.365147087810893,0.8271736739656156,1
73.14688068875738,-0.33932954294860657,9.357569655901889,7.65759659851628,1
68.36302341711612,0.23277062269139973,9.226883726593178,5.137269102607139,1
71.5108971133227,0.3441866905227957,14.60432195697084,1.130538491322332,1
73.54302022385326,-0.46272358869622726,10.88440986655768,-4.624280261199591,1
72.69712602877202,4.930685039302444,9.057432775668286,0.45993569682838037,1
69.61074915060462,1.25251866099173,9.060023829018988,-6.353201160807179,1
69.23083946387887,-0.47381497417266255,17.343504777830233,0.08331179473095918,1
69.4928614482259,3.987109116086742,9.705230646168754,0.7976225485765563,1
72.72020518610553,-5.17871922880724,10.262102161712422,0.4493665305759098,1
68.85128188131537,4.983860910840999,10.65345563247191,-1.1672450947817872,1
74.07372432783411,-0.13474782232338467,10.77355634421692,-4.2757834357642945,1
83.67406585126041,-0.27203275294612994,8.698387016295777,0.23939050311224894,1
69.49042554126858,-0.23301426320078866,16.28417588734733,-0.41030238935275287,1
69.68689526140044,-4.6181145895478615,10.233457010454405,1.1157623121787055,1
67.4610475127592,-0.30102944143239535,3.1656906717107987,-0.6653501415491776,1
70.31422874142703,0.4558731550676763,14.679662775185244,-1.1524779087365962,1
68.98471471948898,-0.360073002384371,10.081358020452178,-4.128135952853989,1
59.44717779588187,0.009216570702247472,9.325401321592473,-0.2756879882362084,1
71.64734384857263,-0.32493640809508195,2.7682515669560166,1.5108480936750865,1
82.38543279493254,0.035159599411791545,9.21984898479966,-1.179776825256418,1
54.45743781338327,-0.3716567759506259,9.529835715632862,-0.5098401132117838,1
68.58129944997144,-0.3207292059490015,14.65745518257103,-0.07742044064672521,1
70.17958465723254,0.07932375703583501,17.19821351718462,0.13970539756936937,1
65.61754683311068,-5.820348184171629,9.336029949813627,0.35099514036277196,1
70.82032085898277,0.3967341120567298,9.764958129415753,6.3137375163327185,1
82.81815767526993,-0.4041494906112674,8.167638329986042,0.396001341144958,1
71.24457746622733,-0.5797071329858025,8.435033070810075,5.467496565691338,1
69.16417269529047,-0.12707725268425177,10.1206559696848,-7.920926841661122,1
70.60604363564467,-0.6194266393898374,15.36448446956788,0.7429199737214682,1
68.85217287322581,-0.07002877781323645,15.985127285983593,0.06567918806615029,1
71.56588961185021,3.826056245982616,10.256128866169542,-0.32830029402767724,1
68.25569980255935,-0.3086577430195654,5.218231560832402,0.12724888629792752,1
63.02080662067434,0.03714910804446205,10.283439621396878,1.450281462307129,1
68.23710014320564,0.49712913935711384,18.034791869709103,-1.0429305344473994,1
70.42925546439693,0.37370981369471895,9.953096036124382,7.3069656605867594,1
70.6973578239679,0.5416305133913276,8.907123957181986,5.384725600470006,1
84.20866724926348,0.6229942915028144,8.455258314183604,0.20726903768349395,1
60.361583908981984,-0.08072924706629452,10.318724637463642,-1.1949815488977322,1
70.23224056565279,-3.0622317457593793,9.318712291868268,1.0565184868696995,1
57.19511872907091,0.3001743380055932,11.892177761953505,0.8513339889263913,1
58.23551256872356,0.46631027981788786,10.142195549500904,-0.8222422915874766,1
70.16448614608785,-0.6908224406635591,11.159572869771878,-4.331943654788696,1
70.30068480088104,-3.773354595166652,9.447766930517682,-0.020807008415256414,1
68.27888049003646,-0.6669279362031365,16.374220300396782,-0.2983523733454336,1
55.06748929202765,0.19467776468486084,9.706323637056627,0.30982957557749324,1
69.10664324453239,-4.931645467465072,9.866512376251066,-0.10304179298034997,1
72.28060762763336,-4.924104839946839,8.43425096131116,0.011308427274609368,1
55.258506127443866,0.5805861558527182,9.875613062686304,0.6091797089773348,1
60.263548194678656,-0.6928329730732925,9.397208115359462,0.08262468793377531,1
70.04726127534619,-4.818359597087182,10.767779023179813,0.5430121191080718,1
85.89162113537695,0.5042169390868435,10.856143247303228,-0.8641142084372764,1
72.03485485810386,-0.0022718027495197946,14.895366187404536,0.38604007760603426,1
59.607547312063645,0.07428911106081973,10.308434095562868,0.28672140645209016,1
71.56289811702582,-0.6176618305772698,8.546880717216636,6.526516898533256,1
67.12494572768644,-5.062674966519639,11.166681383413286,0.9676191842436325,1
73.77345102906789,0.26655046015541206,16.7955182415427,0.3893338416435995,1
71.05134380527171,0.04512124567104653,14.264879299515316,-0.5961576319295004,1
68.16385948982847,0.58438305317838,14.419307399978623,-0.6353687727878653,1
68.89863964868258,0.0593792221888102,15.27421545190676,-0.15924532774731126,1
73.01041657784762,-0.039615241214319155,2.82850340129945,0.2439209171222786,1
83.2281288834797,-0.3301460843218964,9.071319175658171,1.4454594831264944,1
69.34262331673756,-0.44560753334739533,9.862794048528489,6.497720415064107,1
68.72460007304105,4.605219004171592,8.807359787522792,-0.06977388149044525,1
72.74154975963825,-0.7814699880813374,13.320010406572338,-1.085905444154759,1
57.90710125665722,0.09734876520929187,10.413043103450216,0.48790259835313965,1
69.19149287222213,-0.6630219636790577,9.22288544443162,-5.842809716420614,1
65.76879547862035,0.10070437559571799,11.166205604142911,7.238840871870511,1
69.99020561337903,0.28670867958969737,17.854977684070253,0.47858699681964867,1
59.88304901709953,-0.9555876437653987,9.646684424818103,-0.5760474931361015,1
70.93850965874026,0.2745194945105914,10.728715988812974,-4.792361173064828,1
72.31918605237273,-0.34782356564134975,1.1767548551581148,1.2287048233840079,1
85.4724565622303,-0.28875662153963116,10.213599534485857,1.7768334783295239,1
70.28885308367109,6.2257463115511475,10.029413300152006,0.01642094396060854,1
72.17470375627897,-6.020038344282624,8.575182966008551,1.4435102583797965,1
70.46290959064285,5.817199974901686,8.57264868532846,-0.8699514134985379,1
56.576427993129414,-0.16109867299670014,8.437337846453591,-0.05816796779209776,1
84.54774536833565,-0.6464718148995824,9.836945812250784,1.0187282814244676,1
69.23416400001697,-4.125263734850714,10.767592432887325,0.007986775525394393,1
68.05617043419738,0.77214376594352,17.123659039124462,0.6156432491554931,1
70.22131104754047,0.05717875776627957,12.165833213939404,-3.986898507948401,1
69.77672512130363,-5.272226015629437,8.796468035572456,-0.9829562345518252,1
58.257028091282436,-1.1778253154913374,9.529165262359722,0.09785656215352391,1
69.8956081534444,-0.03496119005361109,15.28434765801299,-0.1411927916789798,1
69.21453340093919,-5.231233859083843,10.089117554207464,1.0409951792993042,1
85.20388350502584,-0.12740150913603443,10.789028987620549,-0.42949548719052966,1
60.32227508860102,0.13097566701591085,12.302217070653892,1.5528516113961874,1
71.65783579043479,-4.331356540912221,9.555182400055893,-0.3491494073892449,1
79.18300412975469,0.7247300353022273,9.591376783107997,-0.08488330272931467,1
71.59837834857132,0.31701929787520305,2.6909323049096834,-0.21583936262810277,1
82.58345620286178,0.13051485067333857,11.64543867199053,-0.22138022968963098,1
86.87343330206073,0.6720944800400517,10.172052263281506,0.7820353234494339,1
74.77667336422087,0.7802249203054324,17.981894022151035,0.09580892845671234,1
68.29719724825428,0.07712103316461313,15.987378049647239,-0.9482634539309512,1
66.23447092321975,-5.532593634489208,8.639746249243823,0.34581873983017486,1
70.61209800716153,-0.45223588260533576,3.18135697459239,0.35807931344843597,1
56.78479794246764,0.8029640600861238,9.363608158230171,-0.1170104191152267,1
71.76321100548341,-0.07799627468441346,10.41498330426886,-5.945687533679655,1
73.06502150819544,-4.544443281672234,10.925650512064392,0.25467086257449834,1
73.39834030170088,0.20147047933095444,2.7033000281959483,-0.9048718775698106,1
70.75391604893412,3.7928519563342786,10.436734781475128,0.5484684955527647,1
68.58182982355306,0.012676094697024177,16.68432999078489,0.5042910520118504,1
79.60270070525198,0.4373936244861997,8.982568082958382,1.0493377811439417,1
64.44723492322026,5.775946497970198,9.962793403918791,0.8399595507475992,1
72.18549353636664,5.888038866978864,9.610766492281215,0.035692128281706335,1
59.6179496126018,0.46181378159466197,10.023889377199573,-1.8958364469803968,1
69.32745834153492,-4.540127238533574,10.153942324070933,-0.6095090592250456,1
68.0995389548662,-0.09808370946993425,10.05373752012553,4.450474114246829,1
69.16990589514182,-2.4000995812714514,8.849638314752692,-0.06705918018829796,1
71.77169365594285,0.13287882371817386,10.414273119360086,4.073414270163837,1
86.3957827818725,0.46642682392551255,9.820151104529367,-1.2021645924455107,1
71.84657880375893,0.014016651128371587,16.098026561653768,-0.5573323057658492,1
59.036909391684304,-0.49675211831553595,8.82473730435711,-0.29286673225367155,1
74.56005097212969,-0.9143440964712506,13.54396178756243,-1.5443413376337718,1
68.54356704112537,-0.40599337465051005,15.146110828243685,-0.8692263288129651,1
69.53677585286665,-1.1233678462507002,2.0995665484021178,-0.8528141580482439,1
70.56643683318049,0.5980533169424589,16.600993671536738,-0.6803119318802834,1
71.85054220798652,-0.4016917910157727,11.422234946368318,6.032347209312436,1
71.91430365025495,-0.31478858719382247,10.365579711742818,-5.643058842283015,1
80.50470916409253,0.0462809643318497,11.621241796906286,-1.5975633580873216,1
58.788223631474956,-0.8742072079218822,11.236610840808249,-0.6907178826999838,1
67.13657591388264,0.07977711607105215,9.133941810362783,-6.257411538573779,1
70.8998850280293,-4.136035186342551,10.129176441458014,0.013234656643088741,1
71.93845577234765,-0.5261657122183272,15.546323294524363,0.29152044628568685,1
76.08444310469547,0.6838762203242725,11.537896424818381,0.32877861496071875,1
59.233791885931694,0.1719068563034963,8.523396913308012,0.7775502141164115,1
71.41268518905903,0.5392339876499452,10.81116651110332,-4.758177548631812,1
67.6693641922109,1.090366555175954,8.67470822774774,-3.5567657709564884,1
74.92208099469225,0.3143171913077982,1.1795947827548563,0.4122080905367894,1
72.18576612370025,0.09698813401275812,8.986355438117474,5.62362074317512,1
66.93976283021897,0.11580035253525135,7.368434454567089,-6.601494950926272,1
67.40510280219657,-3.030586172123734,8.96840475936664,0.05016060295721926,1
82.84045034142142,-0.13573009070692124,11.56368925480514,-0.7708803317353364,1
80.5616595772307,-0.31117838422379657,10.642714376497851,0.21483034192569767,1
67.05196471152342,0.6810498719359102,9.062928029694717,-5.793548819296589,1
70.82836636548964,-0.8885474178106177,6.73697490220481,0.2399303999256367,1
70.00197529758361,-5.8884036906344495,11.156413331616928,0.8335416892019585,1
55.056560932291355,0.8769026649885167,12.205916334393525,0.40330580678135175,1
61.703216079347214,-0.6430028191313137,10.39745415912907,-1.247932423699019,1
71.8495398917332,-0.26996095172843076,8.869075137531649,-4.2226927718250895,1
79.2690083360493,0.418066875297464,11.571650869127602,0.7073864707885753,1
66.92138036396061,5.021867849626745,9.157363870258129,0.7862577250980354,1
68.02599031196857,-0.021313979534951906,1.8950585632185284,0.18450817252819346,1
73.46798450188638,0.10820267858388978,10.29349259963523,5.795675103018428,1
69.7812358838418,0.12392867008724705,10.44259509538038,-6.167435566107757,1
84.10663327694077,-0.6115746669602486,10.59081772692042,-1.7164139959691356,1
76.91713432194729,0.48895526508720305,8.926279483642688,1.25899484431725,1
68.55244964780213,-2.471918836582268,9.681629696854067,-0.35451755722520867,1
70.42480965125674,0.22363621725133834,15.13583182945902,0.16221087513056373,1
81.47185249019705,-1.0613774966922227,10.329832513709711,0.38118462361061356,1
67.86983059976825,3.875690297775006,10.47115527296916,0.03406871984735839,1
69.54607816029242,0.5933740814086466,10.59388846269828,6.4934304932823155,1
72.3515854455935,-0.3627086215871641,11.823731658284755,6.249349716189529,1
72.57871648443165,5.401332125342362,9.245469550447378,0.5208588523305834,1
70.88931624121324,0.4338805983233384,8.370061899740659,5.398552910504839,1
71.5088798876015,-0.5600249009508268,18.35578609634905,-0.6290876438433904,1
71.48270738397582,0.36151596022237387,10.58601335792661,5.993630199728593,1
67.4840166289181,-0.7406905050300784,15.636270052136986,-1.7426341496530477,1
60.33007309369905,0.9184267921874156,9.674883613344422,-0.28866778973122564,1
67.35853077158292,-0.008238017801153493,9.592222764377102,5.936351611847891,1
73.19851543714971,5.550100457118308,10.58692955842981,-1.2833291356657681,1
70.09605519250078,-0.6176767997711785,16.784626968382476,0.912520294923502,1
73.03278387346181,-0.09201258239463153,4.802044978966888,0.5358157358512793,1
80.69284148453508,-0.285399637277425,10.683249366208898,0.3977850333895761,1
67.18589790565741,0.860236823432691,4.2576530362144505,-0.3387142513539174,1
68.28466658679557,5.427570650657675,9.882548840449248,-0.5536412228899494,1
73.4366694122737,5.371298704292039,7.458193576325302,-0.30709484443566665,1
69.18882361752593,-0.37356441980898464,10.462555509449572,-7.1826873668138695,1
71.49881272420424,4.336380409959571,10.671467997823871,0.0024439007418100437,1
61.51679016534038,-0.19440418380700542,9.267031536442577,0.6615380061985964,1
70.70690437030242,-0.17310299743994406,4.914642795160965,0.6330939404100429,1
70.44345762779983,-2.8856785277948482,9.543235732878044,-0.30057435803212545,1
73.18028967940272,-0.7920366972466115,9.312077531248189,-4.235820475764495,1
71.39172055865878,-0.3247324542810921,9.268102776497887,-3.731869028506185,1
72.68448672589511,0.28719261727942963,4.382044772393954,-0.9117241323662942,1
69.90277500955293,0.08385866640232773,3.7424303341021083,0.7101754955066035,1
68.67230106151067,0.5540939546862402,10.872582309150307,-4.748687437214871,1
69.01740925627881,4.474648650649894,10.509340439719766,0.6886149493618641,1
69.68812910262656,-4.5928419328816785,9.851928793250433,0.3025382930549493,1
71.50218802990973,-4.285565882525893,11.200419914435946,-1.2667894903910315,1
73.0551288066255,-1.0439248607276432,1.700067733092041,0.7052890632357622,1
60.84627764501697,-0.7163699829439738,10.508180309622261,-1.230127727097312,1
68.65828306877046,-4.25218853306047,10.983281852788853,-0.5334535817906061,1
69.72417153705538,-0.2595965465855438,16.331170651490993,-0.26892534151124403,1
80.41099616605533,0.32199160413983374,9.257868723462774,0.09566235393187071,1
71.59181601079406,0.4433683728441924,1.8723511069141452,-0.7661165463007292,1
70.90290557098514,-0.5054914119114753,3.050954845115628,-0.7476713224196094,1
68.35764707461534,0.6481809814032968,16.03706055347423,0.1915848628558705,1
58.359464523384446,0.025001154243368785,9.152654547423683,-0.4395200176638685,1
68.33996013198818,0.14787352343726104,9.872765845346636,-5.626005326804976,1
69.27512049303293,-0.6020143954469165,9.608762129190287,6.061929826151641,1
70.14929797500865,-2.644644751858044,10.126693095791458,1.8394891234208934,1
68.14847890168905,-6.274264994592792,11.256944354427585,-0.3812134232731539,1
68.89899829120887,0.19915943508046152,6.213786353440639,-0.7725640332517283,1
71.03513126158141,0.39731341440175716,5.2863111959913756,-0.9105928845403961,1
57.256167430096866,-0.24870031273535348,9.52030680776776,0.13841054427366356,1
68.07279125163075,-0.18096594627820525,6.97090454596289,-0.9518109317118463,1
77.08238601425973,0.5558759015291506,9.52187048566182,0.9406913284597049,1
56.19453016077712,1.2189124791035015,10.520089903153998,-0.3714318204414573,1
70.33730349962714,-0.39518819645052305,6.054471875504037,-0.8372511621272767,1
69.59146783745275,-5.585902477425134,8.653306329076255,-0.901714559759202,1
71.30732127542481,-6.217915311741823,10.002147968871803,-0.015796975476219027,1
68.43791812128579,-0.6234468381377407,9.633089315922296,-6.979681415074342,1
69.07431030634763,0.02715151675674019,10.25404177835374,-2.9883861431201604,1
72.13976332381185,-0.6358098203254918,8.864076703633945,7.03911973219292,1
80.47257427026014,-0.655733401880077,11.257373226583226,-0.020124515920185854,1
69.46391740432112,0.5047003129296268,3.2561309283719853,-0.5293076511321281,1
86.42410789927371,0.2551847083415222,9.186769245114755,-0.7589958470742695,1
67.08369217007747,-4.519364876638833,10.23559251432256,0.13582350917437572,1
70.00161152383257,0.3623038331196961,9.651763871562256,6.900103910959906,1
69.28499197700276,-5.206734457425839,10.424776343654166,-0.7322552025612841,1
80.23488790379194,-0.6970798523125945,10.083422835489374,1.1110612287243782,1
66.98156669498557,-0.05304184298859416,6.702573300291335,-0.1987982288784772,1
67.87132368638709,-0.6926191727981202,10.672980339754172,4.967420966642479,1
70.89139178549553,-0.12200101132202804,11.637141801454131,5.500996727054267,1
71.22747959591143,-5.3635945081251535,10.101607145564625,-1.664053272646541,1
69.63685581728099,4.74412228064666,9.192831977700731,1.1317916922396982,1
69.44231408325398,0.09621229692279827,10.643156563395747,4.068478285484876,1
69.45707967121234,0.06629979481496057,8.91749948044315,4.806426445923858,1
69.49908315313138,-0.5121999823483985,16.48090730122372,-0.26551106209655456,1
72.22997045337702,-4.305555860359732,9.97681363219194,0.6359967224325641,1
72.74909577006972,0.2928650585403058,16.44679115171582,0.11746000075006358,1
67.61439687260659,-0.07681374803614256,10.326134592237173,5.175781855442086,1
80.60796344029589,-0.4284040266287561,9.95153004793296,-0.0918109162877464,1
67.51599981771021,-4.553436034648619,8.682751102285787,-0.691428414174581,1
52.70781992304467,-0.024484710393872237,10.354784242008542,1.5077272178316523,1
70.74311741979547,-0.18519990096297395,9.936785087252373,-5.365434346097877,1
66.818254491774,0.2224494837591955,17.055036888581515,0.12252470735932602,1
69.99608476863534,-0.2596477431076611,5.580632722859057,0.7917393936463964,1
70.46936213987364,4.218385251209103,10.539933150927743,-1.4527789729172842,1
81.99489629875349,0.045500158176441166,10.368691309636619,0.15663570616989206,1
71.32767905173054,5.324411169699655,9.593125244478488,-1.3822896600089152,1
71.08323865820266,-0.8315997989646674,9.224087478062248,6.187170988531867,1
73.6721602798371,0.3810041042686555,17.13793057460929,-0.48734692571167937,1
71.0694400199479,0.22188915147068575,3.401248585317319,0.310119072182762,1
68.71666457011767,-0.07129527203786826,5.05829951537371,0.31203287602750496,1
70.09302489443971,3.82697939307732,10.303256147951908,0.7744752392150662,1
72.88054428498572,-1.0517227988962898,8.987288231422548,5.598705750011827,1
69.48652501232982,0.3596269606998344,15.623685308026136,0.7510483202429239,1
70.82102547347498,6.03594169797048,9.572468172035462,0.6228759063613024,1
71.86131104453482,-0.966484629852225,4.221257288888234,0.4509727539562849,1
68.90471592021724,4.656918718429154,9.120918486013096,0.7174007632755095,1
66.71862174322719,-0.767055691111722,9.739976890599364,5.8447770895643885,1
67.69206239523922,0.07539853615166947,17.0345217213836,0.3377597694192606,1
69.67749504178416,6.420764196023253,10.946752918551365,0.12245616736451886,1
67.53530911683424,5.001133153539806,12.372134904329602,-0.3084388477672894,1
68.96936755103773,0.13786382433036332,17.204095172395796,-0.2298023667991272,1
86.81473682800252,-0.782364611452251,10.294595289526805,2.210651998929952,1
68.3435832476954,0.12272045622571902,11.64737763936997,5.504066823794908,1
72.71615681963661,-0.48036289084481937,10.090595628578201,-7.672561161133833,1
67.8937458511551,4.235036723433274,11.591771516467237,0.2860983993104582,1
66.99414503427637,-5.338955678425102,11.008742823746378,-0.44689631523822504,1
83.63019511591658,0.7168894700966233,9.075310771138028,0.3083625185843903,1
84.30935293983634,-0.4930573101480836,9.87452493298263,0.9485857588684348,1
67.6360804300073,-0.09723287363070107,9.341113852755484,7.334528118532668,1
67.4247398372252,0.1428787767604169,4.88248616358131,0.3397010873233567,1
67.49878083440989,0.3606542018533044,1.0384086297572708,-1.1982819888134464,1
72.04561149488336,0.35432637173011483,1.0433008068325407,-1.2694838249861966,1
67.55153736595689,-1.1236095287933034,8.461911125139855,5.424321441160856,1
55.65646628772975,1.1830125711293666,10.832181859002233,-0.2668852200084414,1
71.34476236310849,-0.19637034662019745,4.4398672755496955,0.7654718773154692,1
69.37176810364052,0.1592068391572423,10.242665599755972,-7.040723011185545,1
68.16100612720545,-0.3348616708754255,18.94253928186982,0.41295364910678156,1
59.2041873697465,-0.024166442267438422,10.54315279437801,-1.8582964153668486,1
73.24862766117103,0.2851366238526711,10.684388972403031,7.125376701180586,1
69.11871733705792,-6.458515330694138,9.175124367546788,0.4119768255676336,1
68.55821759482146,5.77088840557984,9.690321275735702,0.17059025360953756,1
56.47064891678255,0.27487616127361436,9.391058841369555,-0.8254048520524523,1
66.4570704345009,-0.34088866380898225,13.80198552005982,-0.4905746285261004,1
84.55989158999272,1.3020661711476675,11.150727789548538,0.3024650479190911,1
53.13139492047212,1.239843681048551,10.61033630352206,0.09167129802481122,1
71.99517127456274,0.1017023933499504,9.980048866832158,7.830460515770556,1
71.4890732184703,5.850792988333251,9.422745982847246,-0.5139580650254701,1
71.70693758757986,0.4209611058976739,11.627191677322031,3.524016554312813,1
83.30495487249618,-0.8733011660457934,8.076777288785607,0.3030135424775915,1
72.9951380624808,5.1595876350019765,8.830410080464597,0.029335716631502397,1
71.59456054325224,6.175809563226814,10.977562914376621,0.4751599611305755,1
69.15475219688909,-0.47884370612352845,10.487949860489387,-5.772143091764504,1
66.85124530666147,-0.47751592533922543,13.618167897460605,-0.5801751814466866,1
68.21422500917299,0.3591960306216082,9.810336534268123,5.85724681570041,1
70.3860432714088,-0.5262371430740784,11.16386319929447,-6.879530996928533,1
69.27758448923578,-0.5147715624437547,16.19823606433576,0.9469957807465064,1
56.235518362338965,-0.29602134279721626,10.521651647323152,1.158464153687207,1
73.98524548921803,0.006517555716888329,11.412890705487733,-4.519620334780393,1
68.14324641413202,-0.2454800713714815,10.427705507400024,5.094517909585657,1
70.02370055278318,-0.001966500339711217,16.693698867770923,-0.1077588025658802,1
80.76988610527052,0.42091262178049416,9.50970049532225,1.664087248613743,1
69.93431618916944,-0.2135702869131512,16.50437444083987,-0.9944699561061594,1
69.11155009463748,-0.6415555695686412,10.218246056708955,-5.694921977111955,1
71.2661102037303,-4.394693592250897,11.0718265197278,-0.3938052942212488,1
68.10349859062394,5.447484950592553,11.768787618412963,-0.10425962314641207,1
68.5342087210463,0.6902174162500004,7.648485120536733,-1.0067637083367849,1
69.66859064256826,-2.4324587935321222,9.954992926546295,0.1484550393892087,1
72.56809071027202,-2.2633502553442897,9.468075821433455,0.4495073251338367,1
69.49192907919009,0.3465820676883101,10.478888093744748,-6.954348870959771,1
67.75761143158023,0.5979669747865681,16.632063730130668,-0.45818583055969686,1
68.86884587028253,4.031432850265977,10.80107853432527,1.304336649130585,1
75.59540878379177,0.021455366363264717,10.870616111853382,-4.456532848337716,1
80.94647971313532,0.10423477715706826,9.305400021817825,1.2595894350907388,1
69.1704362352244,-0.3061694582992484,9.207910727157937,5.3302217308619335,1
70.10130947483296,-5.269263993310339,10.344904381175054,0.9083953069889713,1
68.70393592299403,-0.11416533634075457,9.80931177550211,-5.8286498983503785,1
56.953264405849694,-0.08632078064595972,10.732687181257788,-0.6198698080295775,1
68.08641132756485,0.6708530304851996,10.000908145786315,-5.219652019409098,1
70.3041618254341,0.7026993445660632,10.882710882640335,-4.34903155993686,1
72.39094706426633,-0.3112996425637095,2.9335962568351244,0.10086324573153847,1
66.8354037875553,3.8588253446853216,9.309663210633634,-0.498109189951379,1
67.63099307464738,-3.9639168366039064,10.170395765025068,0.315552318869206,1
64.57673567749858,0.37633625477027444,10.432416215308248,5.952982087093383,1
69.30781359367101,-4.62353987188359,9.633727886975077,-0.06120811602717289,1
69.80342693372882,0.5280374495296308,11.24174787636173,-4.977019865396262,1
70.49574530897665,0.5633080600067174,15.574331328987794,0.22395028940067552,1
82.86430296983804,0.12480612159535788,11.668461124976167,1.8721938639980338,1
68.55688122502907,0.4953652400180512,9.79723425180379,7.342118048757829,1
85.43395983656121,0.6396779029989514,10.73100998972303,0.07925404188132788,1
69.81635420791126,5.802177811354182,10.361367142002097,0.9698452732283885,1
68.70206144206011,-0.5150196445822635,11.092386462653614,6.723051015824399,1
65.9850580948102,-0.1568481121186581,17.04825964862587,0.054773714136606214,1
71.16186151184705,3.7365290860746594,8.74516003107181,-1.2920509629337376,1
71.44840342809307,0.15614435387801331,18.15425827235568,0.16974204831304576,1
69.57843700572104,-0.5686716671023246,14.662835131390956,1.5059327857070572,1
71.50085554827402,-0.5841206301138465,8.766703547262471,6.296501119388971,1
68.90402876924502,0.07676389269904081,10.667971559301831,6.848909013501744,1
61.034609824129625,-0.44192883768993235,10.123535235463272,1.9544165139459253,1
86.1683904631366,0.6508688443279969,9.902933404277583,-1.5732555184701318,1
70.26967781766132,-0.7653102778816269,9.741781116428033,-7.251776755219755,1
61.16091388819038,0.3706806886710294,8.635565054520896,-0.3859391738882215,1
65.9586768686668,-0.10012870344109125,11.40857010681699,-3.8370100544514285,1
57.25487584259959,0.1708930467107302,11.368612056221377,-1.3462133137485588,1
65.49990476794709,-0.2127244661772343,3.1725365509488723,-0.2460839529095291,1
69.92767201917216,0.46865844494414083,4.90651005822961,0.19852687404673386,1
69.89205760985772,-0.6191096663126361,4.634424079117055,-0.42860407376634646,1
67.5551626344048,-0.9110681339503122,1.1441706342626663,0.6250961728540188,1
68.34518588864302,-4.584000271959809,8.849824289241486,-0.5348390436358783,1
69.7746487182883,-0.7462998388617633,5.065862814782276,0.30349567034866387,1
70.5998330686702,-0.30745974678856497,11.191744279832008,-7.085077812272786,1
69.19878086183284,0.7550849364412932,9.510175893544643,6.476195157152092,1
60.49989115245473,-0.605664335703857,8.477754921292759,-0.8980467237112741,1
71.45292967869376,0.3983604303322532,15.75043825901627,-0.00498934960189139,1
72.8625708957221,-3.190651582524004,9.677601604675724,-0.0882969178363298,1
71.88021009667308,0.14407317414158372,5.933980825263758,0.6035658836713219,1
69.61947481185928,3.842286260169859,9.624241606184015,-0.9598180201416375,1
56.67338809005082,-0.11812790597205199,11.303669423372664,-0.2585037204725278,1
68.96375596651639,0.34185517530107795,11.555869123757283,6.504233860035875,1
77.51743874947908,-0.44596591201335634,9.146984677736947,-0.04443218791460614,1
68.95549116310049,0.24348238907316835,11.433498673559045,-7.925126943410878,1
72.64976740714022,-0.01420258000515183,10.79717408212626,6.611895716772611,1
70.90340310416485,0.014940697497013641,3.5028369878068695,-1.474717273666086,1
53.63448488512664,0.35029037452175643,10.677514382048843,-0.6572371670446547,1
71.82191760386362,0.08420231106744007,17.762163691240087,0.12488221379568572,1
67.92736544763129,0.25102749302029886,10.536576740622184,5.369603233204433,1
66.04420266094742,2.882401171718074,9.717593013782848,0.5880106409789827,1
83.16028608650264,-0.4261462350078408,10.885526660288761,1.0067195795693618,1
81.08919067985246,-0.0641086430653098,7.907137425725919,0.4799415253606921,1
71.1520346109308,0.6927506656599794,2.8031927920624273,0.3249311339718008,1
83.1184562874875,0.5291183581049415,10.040063352832396,-0.427342856630634,1
62.311901925803014,-1.1915879955883697,10.029542401664388,-0.09484258990941381,1
69.18473130936738,0.21705758666680877,2.9194345985784054,0.10458759041561441,1
70.2731025584039,0.323218978613991,10.88748636168552,5.249559314020116,1
68.23841088780222,0.2536020459517627,18.062271076122535,-0.6020344626935891,1
56.92532251219788,-1.2609565271439367,10.252873601806717,-0.11094455296952191,1
72.7249073078446,-0.37036445259155687,17.436269202218973,0.387533903815112,1
84.52383606276253,-0.509883826929964,9.813778867471951,1.206153081148763,1
81.74284281675418,-0.058373475825067946,8.617047614791792,0.133515928704774,1
60.817573313362615,-0.9808385449741246,12.008898988727019,-0.2043450835779968,1
81.29559190992771,-0.11053067781227913,8.257328630773685,0.9303563501979952,1
70.14407206761196,0.0238878891259903,11.147278854029212,4.990741304869266,1
68.0806053868292,0.3924733709288643,8.724249958418161,7.203193531548762,1
70.48348400891393,3.5783470794015146,9.054872686532823,0.5563036792907816,1
66.67516889179558,-0.6404993726204912,4.673038763880978,-0.1652924324203079,1
70.38398884143479,-3.248716310510735,10.845968258241117,0.5066906899539682,1
68.28164438616488,-0.02803626216664435,13.644793889284603,-0.7775396555491435,1
71.9079573313231,-0.41262107935547904,10.071696406965449,6.170465563415176,1
55.78709541839011,-0.702608712443517,10.446140570536292,1.1166729787123764,1
83.69448549454532,-0.29746620491372927,8.332408526659306,0.617829724589221,1
68.35352674632207,-4.298317121140002,10.326760751574156,0.6328913883593926,1
70.40683265562039,3.9170719487991463,10.16751454725358,-0.36270428533781773,1
66.13940165610212,-0.36515143615851686,9.285236578011395,6.811988429412869,1
80.80381566294977,0.7631309665862722,9.4072045533893,1.1133305813140149,1
69.4349362453821,0.37424132626112694,10.436751836844383,4.059410022171395,1
71.8319066782282,0.35227518983103673,9.101580190695632,-4.681351814052444,1
69.90956996520795,-5.1815274136046705,9.798091963928929,0.299123482908949,1
69.59538646849036,0.17416653750253858,15.598808140140996,-0.7056115560077392,1
67.88088470730078,-5.9346948110344035,9.714392895357864,0.5638345834600208,1
81.9487166815843,-0.13776068355615545,10.73116626242956,-1.033092426200606,1
83.30839142448166,0.4181031519875076,11.164270116142538,-0.003917892477692742,1
60.89477120977922,0.2686028210301474,9.390464986365519,-0.41924936603342094,1
71.85730033941775,-0.01829907334231985,16.945871505225167,0.08380629993878251,1
72.77592584392359,0.03144129057750033,16.14280704030581,0.2944467190952322,1
55.703287747427694,-0.3918490615155007,8.974401834312246,-0.41058704763412746,1
70.76140665647733,-0.13179949202378352,14.91223187926915,-0.1813844815826835,1
66.19289852118916,3.2632749385247957,9.797586648946297,0.14520167206590395,1
69.2793238513093,0.08989852737360493,10.216834982923336,4.536531038644848,1
53.29973901678635,0.41953037960860806,8.059356701903878,-0.2907316038876146,1
84.27253999907646,-0.6099997666026519,9.819404985740318,0.041310674546917406,1
69.70922472685584,0.4502945944523208,10.12862477770076,7.190124584558988,1
67.9924137711724,0.6255215395312573,2.0113089256390513,-0.9814914754584007,1
70.079361771758,0.16342404441996392,10.628491536070982,5.741365944790342,1
70.78475556975678,-6.014717512057225,10.876154017287655,1.2080838721435787,1
73.51385223975568,0.3430316884816375,5.550864034665397,0.9197620776021508,1
58.976723099211426,0.3641531403816543,10.468950196126361,1.4940104164213714,1
69.91319532122108,0.3389460860318723,19.24192155809081,-0.3182034250827146,1
72.61866607792459,-0.5511748749623416,10.249695308956337,6.127957097102871,1
69.40452341014559,0.5008991530769785,8.753860823514714,-6.9390848309365945,1
70.8523935647617,0.31929407457346065,10.866519396895407,6.012474937539486,1
72.94381237142933,-4.459253025932313,9.54954374250726,1.3691769927327682,1
68.8418869824426,0.3194470225295104,11.362866905140068,-5.744823938091596,1
70.92678696534836,-0.203700703446997,6.329173364989192,0.20890104899847844,1
71.12052414095811,0.9344617656737881,16.62478127287268,-0.701337098136365,1
67.08585782173508,0.8028494438454685,2.90268166142706,-0.18541398665181832,1
71.18432897838925,-0.3266483730438571,14.274112244719156,-0.636412182235748,1
69.52930087332156,0.2734156043677265,19.015279082732565,-1.2012376973827914,1
67.93956697858711,3.0558992195437407,9.227193101332485,0.404216833382566,1
57.41692145453602,-0.20100630248870696,10.267627284751919,0.2212702434180169,1
69.1480730712024,0.26951287341180297,10.296425130804431,-5.603935003865448,1
69.88742518728576,-0.34628588470510013,17.237112228425392,-0.6364160750805251,1
69.43005940478764,0.5768833982268947,9.829292914868333,6.0930890504279125,1
69.0347464655159,-3.2066938897899515,11.174909211118987,1.3055823673072424,1
72.83040022308735,-4.345196495146123,10.829014898820807,-0.30212386512251826,1
71.93957194925648,1.365470850753084,10.257998994489089,-7.630052083793143,1
73.0683586884017,-0.23411795481857778,8.842617282478178,-8.040197664743374,1
64.96461053160002,0.2383729919759885,5.061647795094007,0.10649515849104702,1
60.33400366637052,-0.17174778834339935,10.580656239445359,-1.4049398068458399,1
61.031217534309576,-0.33506983225894243,9.499618124932011,0.6463726374605101,1
68.8272056351154,-0.202810488023386,10.461099765678481,5.245754688757357,1
71.88582352202732,-3.543708858561069,10.064717460281317,0.424362378308081,1
68.15190208154048,0.9910741852957308,16.418295313779097,0.7146381217708359,1
66.03086061860294,0.07182707775019676,8.823429705672705,-6.260319715777073,1
57.80930007956124,-0.6437700992190575,10.03337386212703,-0.3670755341901773,1
71.69847441130483,1.001946130749604,15.150065846189808,-0.7696967611439849,1
67.40420227232946,0.38642867645109996,6.0720201066990835,1.226786595248411,1
67.56651794903344,0.221484056087038,4.595136118909321,0.534742292792543,1
68.83794024489815,0.46715491975912343,17.024473754980374,-0.07711229767043762,1
69.84248247446438,3.810611256861898,10.287925386344613,0.5071803953255002,1
72.74045153454611,-4.736343592346299,9.204327854252773,-0.5678213768670045,1
73.07637050246306,0.06028977055729262,14.104332325652159,0.7314987238770667,1
67.57901560001031,-6.72779677490384,13.553524467709043,-0.025370416496268575,1
66.58404638309906,-0.3503412309359093,4.975843159980945,-0.5812220298080095,1
77.95943395705545,-0.42779132321907126,10.80487861236152,0.14868132892264,1
71.0285673253086,-0.3630241814380407,10.143735778093465,2.896219433316933,1
71.20498264200133,5.208817895501056,11.158035203508573,0.20256649873966712,1
66.35932457806588,-0.009279399585014234,10.881197318821425,4.333679493561525,1
77.15641695313882,0.7309729435643868,11.389011080768654,0.4349010763732202,1
82.20636793315033,0.6511068353108473,10.37321586924768,-0.455319781516298,1
69.99519185059401,-0.20173439248076705,2.7723622063049262,0.7264537485644365,1
66.97376949489801,1.5081480301746077,10.156916012584126,-0.8804606444089093,1
67.37992569335843,-0.20378973886860072,12.484118182574203,-1.5018353323875668,1
70.5886538160753,-3.1458090052324925,9.850515570035245,0.7105389867993558,1
71.04982370587102,0.0769194417159883,10.097183957128472,-5.670040620346506,1
72.49689181913409,0.19311496564221883,5.828956267780049,-0.9490136713303059,1
69.94943294661283,-0.41516481033971203,13.83656461383691,0.21799203031002112,1
54.35463856485068,-0.7181056308145467,9.208688703111282,0.08321178635183825,1
72.94119754592322,-0.4739662156802092,9.938640678051788,-4.734498621396069,1
68.32115095936273,0.12988622004471745,4.7837366774116585,0.5596068502999094,1
67.40056168968879,2.6082086596800704,10.823533003661106,0.05439854917262108,1
52.49153882856058,0.2256841477241941,9.841704649779393,0.7550635790214204,1
68.2132157367289,-0.07918343433541315,9.22783494709518,4.885821001507695,1
70.90129065355569,-3.8927223631440158,9.721371084798571,-0.29694234248166385,1
66.39301929651606,0.7478706727871133,11.294775713468853,-6.744417335872245,1
70.25364350747891,0.0006379507592075067,10.08357653051581,-6.718547549931506,1
67.2213626394804,-2.362314836915736,10.742079116192523,-1.0636938417588735,1
69.13347163587653,-0.2957874738192264,17.08012390533928,0.15912898872062675,1
67.73312515916052,-4.399067006305097,9.681331405482482,-0.05093272493642906,1
72.22371942864693,-0.3009559909490494,10.407359435324713,4.95259908240019,1
70.9635289720209,-3.5444906416978017,10.088109575567302,0.5699750748541463,1
68.98219580607655,5.710641743369683,10.884700490713104,-0.4323208943727477,1
59.41649897506896,1.013604218514431,10.41628871256055,0.1565810671320489,1
65.46590029999352,-4.36304108200227,10.00541768503345,-1.2283528141203122,1
70.62059459180038,0.45312926260561676,10.140106331705326,-7.0913646985162835,1
69.64019637163774,-0.23325144375978912,16.43086252870795,0.6825584690762345,1
69.21869073088848,0.08878089241716242,9.153692620891286,-4.5002775184623856,1
69.42267599466777,0.284053732583231,2.4910998029779066,-0.43180336784643725,1
71.16285523907365,4.763573192029456,9.722419770628576,0.4643555032450344,1
69.36364455330693,3.2916574057344263,7.758449213903335,1.1969052311118988,1
71.4141783056783,2.997088600671128,10.66441075711775,1.0643270713175932,1
68.63639940811568,1.1957875216006877,9.866840907134856,-4.5377576270055,1
85.10015403674241,0.3226176840045297,9.344812689982122,0.13381055494251534,1
58.48057503486669,0.20625528350996955,9.79432349842526,0.002637735764072549,1
79.33926481656155,1.0016962356618992,9.767224800617644,-0.3698414222287237,1
71.108078412222,-0.12124368466007518,11.475861080238676,-7.266189793795599,1
71.47237133039678,-0.1267867710040097,9.682844196870558,6.063373903518459,1
68.36743469056789,-0.34286936816600777,9.46269330483166,-5.828275252484833,1
69.95049486139732,-0.047283715104265905,10.361893767848573,-5.853053755795459,1
68.07564449841645,-0.42440066352894973,10.515208747689522,-7.641140143043132,1
72.86262285574432,0.00524695597144541,8.277400942225642,-5.0176797966657585,1
73.56194801283576,0.422529167819083,9.90819971160188,4.706730034941605,1
66.99827192349821,0.9713941089765432,11.618371624357778,-5.841967358865638,1
71.12680043703485,-0.045190780042058155,3.6614188491142556,0.15228843210656384,1
67.11951309965441,-0.318682795590843,11.56378664892793,-5.092400434526339,1
67.78953747779236,0.5026118451152513,9.58638614825919,-4.115483853466853,1
72.09872004976297,-0.15894788356523515,15.400164827634423,-1.02643875280195,1
59.69309717964417,0.040073489453926296,11.467531197979401,0.42139643491090145,1
69.69200822688425,-0.9199631036019865,11.577899858829678,-4.873989152277493,1
69.56294200014719,-5.598070103680786,10.301716905690427,-0.3650562183982606,1
67.56188562764781,-0.7221888683743858,3.081586171435111,-1.4171745853259123,1
70.53177234065627,-3.743048713934438,10.381066733945298,0.4334739722449997,1
70.44923240620099,-4.450615877671588,9.301142559249584,-0.5073651321184102,1
65.65289928920187,4.65093696256894,8.526162149496365,-0.6731527119721128,1
67.15408249986241,3.9822580562828174,9.136583370079215,-0.5126221931777891,1
73.47128672171218,-0.3298782228538932,10.003228521268156,4.646395317669616,1
71.23638296364457,-0.783456186459012,10.460131565236559,4.154606285865527,1
70.55726313362352,-0.4658724838328778,13.97806665686025,0.13373277236754771,1
83.12702757263322,0.12328529105660493,8.79018563636927,-1.9275140144582676,1
58.90312728653623,-0.4075485934941459,10.389436961515123,0.3825530848636126,1
55.14181815197108,-0.6028246784574952,10.112156309811056,1.1508086065770926,1
79.91615505780295,-0.3015041559964161,10.011939277022607,-0.31676406105061616,1
70.3232189427316,5.194657412447759,9.973318954110306,0.034778814971073005,1
68.35819010008065,-0.19776191218485317,4.78668003793579,-0.481115944095152,1
66.22653378243773,5.482712941277601,10.540088757351327,-0.09732779034485778,1
70.07438755960557,-0.24238533057151374,16.457994299815258,-0.3324652023169028,1
70.5777512391842,-0.3722329960447739,11.534935633816335,7.415580599857695,1
63.37035811007923,-0.24941833681323,9.520268236892505,0.18698858158489579,1
64.97261189901535,-0.1077341095040972,8.530254199776024,0.12772820008692537,1
69.00349587024907,0.15608019353098235,8.611501532488827,5.029151034044168,1
73.19587060814604,0.8362508223764903,14.530876200482108,-0.5269077315678131,1
70.23006202015588,0.5799842409543177,11.604715047132817,5.485260622432778,1
69.5458798342523,-0.5013850251258468,0.8968292772543887,-0.003931918416134478,1
68.88943172357902,-6.299595788230597,10.120877621614948,-0.35520598919122337,1
85.052987466601,-0.22380313547060185,11.248711345039863,-1.2214549016091263,1
59.0250272313792,-0.19203525527423215,11.61557594573948,-0.7567055196737686,1
71.25015849964136,0.09216988027722164,9.978764284883322,5.29498104345196,1
67.61440107540939,-0.03516018487717689,11.744749935171168,-5.483857957830612,1
69.36753205806787,5.026367268828389,10.057344493259723,0.32684034724946637,1
72.09331373420531,0.16664609313442708,8.944589344399256,6.22376781771702,1
71.65036142541577,-0.43484254152102747,3.3871230985969616,-0.8180017099665653,1
71.36885947434799,4.729359780905535,9.476888394310839,1.1144473976548968,1
70.31482156919452,-0.012548012676416365,16.579937767272998,-1.1983722840236462,1
63.0300435502362,-0.04050258838947878,10.480922210185634,0.8853793867133615,1
54.93988869497416,-0.9029468839380396,10.657455850413795,0.9963878464398093,1
69.9689396930982,-0.10249506062167632,16.185422096767475,-0.6865836491073111,1
71.07728228266257,0.3548969521225078,2.2359226621650734,0.3525498436184316,1
58.30594983262855,-0.2816063731981992,9.744022321511117,-1.0771489265527232,1
58.461485680835864,0.08787164728689184,9.026587923934496,0.8942176993091926,1
73.41267217341418,-4.018840841308858,10.241804889407437,-0.2370793956979519,1
77.73440786091514,0.5196074938194616,9.25970041344062,-0.21894812426100302,1
71.53627517732886,-5.88699746534028,11.10335718524118,-0.4077318326195588,1
54.06823760376285,-0.046148403999523,8.783112016294174,-0.4890629628618304,1
70.5399058775799,-0.10229788216264794,15.6150269886132,0.3232046846709767,1
71.68248779773444,0.7781405020242653,10.195780213637414,-6.7570221418894185,1
71.79885752105318,0.6417403107366587,9.111614857799514,5.344852039761256,1
72.17514681963408,-0.16866508231738547,1.8152644928460226,-1.5230837919027884,1
80.32612095414756,0.06493153375416179,10.335993742509077,-0.7954238854308033,1
72.05746416704991,0.5773703909741258,10.477344672656626,-7.880332071679957,1
69.33837500123373,-1.1191242600386018,14.908657204756963,-1.2006711322239731,1
69.70269440483153,-0.20180932334827378,15.73810254893976,-0.2856981139693346,1
66.74776655243512,0.7250328829772043,15.313289295006545,1.1896438724347378,1
68.25674536932996,0.11907658082094347,10.34729062299758,-8.370705303167282,1
72.26528802580748,-4.936213100638081,11.209806802410036,0.7465249255041548,1
70.24772842850327,-6.058365299765196,8.667574040250347,0.06348005767945483,1
71.31732501353753,0.728421455940282,9.511447068619868,4.858416442917266,1
83.03463785614206,-1.0794550538684689,10.734479154748948,-0.04544716724166655,1
66.2629550238861,-0.2119934964285778,1.962955882134259,0.46786243273925826,1
71.40867742375663,1.1885687548367532,16.88140327268144,0.9218651873504969,1
72.7401824642904,-2.920296456015271,9.970311612559712,-0.06103821826601237,1
70.33148095375702,4.039091157441535,10.752931100116616,0.027865745464581166,1
72.25593092262709,-0.9715915370260598,4.758815254267423,-0.9792260738991116,1
71.75621147075765,0.11975863723993722,15.786268426137346,0.01974893665528701,1
73.1901112619823,0.19028172399169418,10.096899371182591,5.597527302829914,1
69.08116173792315,3.072541525521813,9.905359876860908,-0.05637407169133915,1
57.20974993179078,-0.8352156635901206,11.019258472452051,-0.514645478534952,1
71.8025693965277,-0.41845474082611334,9.053511148849283,5.561861349244233,1
72.72586579303697,0.3719926032088897,9.168781705203005,7.214635079819985,1
71.9196618334428,-0.2750336925577658,10.407378240695223,7.5560399937859675,1
68.95459258924747,5.127979788411109,9.501670513211588,0.49751401961234837,1
55.693807550988026,-0.3455570777698101,9.716434710105982,-0.5746230886930471,1
70.54421474890167,0.03081299573226917,7.349927443502759,6.3469826325963785,1
57.673389820014556,0.26821249162759536,9.477470860833504,1.4290471026832945,1
65.24244738302303,0.4545305053580323,9.571981050243958,-6.237949338834266,1
85.03976867199222,-0.1610588377359391,8.957648337232834,0.20685331889933273,1
79.11610013703087,0.28933056453833017,10.64719406843234,0.38233161275171723,1
66.7399222939831,-4.120270528674024,11.899964889706009,0.7763994812883106,1
69.06331788188105,6.092863136280791,9.746548759828173,-0.488014992694387,1
70.6316635739725,-3.784101676925733,9.286808991414635,0.06654155280340805,1
83.71350569775156,0.43730746115137353,9.709096592362764,0.7699483365405281,1
71.22311323418192,-5.665803695195684,11.531155448565187,0.5104542045732042,1
69.2283243762869,0.6500523213800585,16.780342005192185,-0.14100522635028606,1
74.04041302570484,-4.705459709203745,9.929310313890149,-0.02501195953266356,1
68.3378485617804,0.3148818462622228,13.156547947051871,0.2327248904123872,1
82.20319080923248,0.9346209908679095,7.824139573733854,1.1995445295602882,1
70.45854869491022,0.12677408383350414,11.40163184684375,-4.459078887243746,1
78.69606554404179,0.6923865975885096,11.732105516193618,-1.6578848273954252,1
85.09619057953101,-0.8023450912197031,9.884200525359303,0.29901414395053466,1
69.75252216835125,-0.13130664760859356,11.347239661720224,-6.19807708540827,1
72.339956046058,0.8579611926262253,10.143881895192536,-5.475021241987515,1
71.1278236737251,-4.955115011592775,9.806643777422448,-0.06630578754064957,1
55.13069556642667,-0.716272079336676,9.602039571726877,-1.2041787949173157,1
71.19015857039105,0.6844665068299921,10.439401296580883,7.205632680493026,1
70.53613703581509,5.50909619950706,8.74126146144005,-1.3509037317492991,1
67.25429084461857,0.036551560408906586,9.872389367749234,5.383589849420797,1
69.10632821916465,6.2389736819951676,9.779671520727028,0.6281843232917717,1
82.70157571885167,-0.35036495578883736,8.598738864683202,0.16849746261948007,1
67.04627593587487,-0.13920740887926875,14.572604546821541,0.2884841538499206,1
69.63113381933775,-5.004795706406002,10.0491466629046,0.789061905149583,1
71.54836475033703,0.24977287153507285,5.1870189729203915,0.887830204043023,1
57.91023879172359,-0.17946267992956155,9.392482487236206,0.385346453147327,1
68.90305158645712,-0.46463166609059126,9.037331627425177,-5.475009913411641,1
90.64084772503008,-0.495831740883123,10.425126219182754,0.9133369923218573,1
65.93228930493838,5.019314735512169,12.497172348426979,-0.6636227243650977,1
67.06956034135054,0.3002561358069404,9.541853896638866,-3.2342156885604814,1
77.26786150357205,-0.8248447944282822,7.4218077742269815,0.38452457213455044,1
82.71248414952292,0.21850057334958436,9.632264941847179,0.1946654578106468,1
56.532515579864636,0.17440549103323838,11.943840133335515,0.6576855918771034,1
68.36902878407616,4.556034771240688,10.761932132512726,-0.9374945114791045,1
69.6205716039527,0.21948077315294168,9.311902165912326,5.766334002139089,1
77.6567331972658,0.03298597235236593,9.902309493496467,-1.0316528284926436,1
64.38398946542371,-0.024543288109102234,9.220647409864416,1.057681901071211,1
70.94598234997625,0.12587856838645295,17.844904429795594,-0.06436694362470834,1
69.49145906630609,-0.6290729073608492,4.886812838109055,-0.44521903300431875,1
55.34090940677923,0.25368465109384186,11.839511269945206,0.05258584171265023,1
69.82706212226654,-0.2029900893926245,9.322567628871575,-5.200589765002458,1
69.47569022502225,-0.09619272900441717,15.258042185831886,-2.139352710442987,1
70.720270670396,-0.41225970435614906,15.657270707038993,0.30358355298395895,1
70.74374054537036,-5.727914246699443,10.279697304665369,-0.20118125391040065,1
78.82272607250135,-0.2865490479207187,10.055935700265218,0.7944641455032575,1
68.49030755860615,4.085056673572727,10.794466784309698,0.03971460025106498,1
71.86613333448233,-0.37350578513701166,10.046056587053389,3.477631126984037,1
67.26111894880474,4.190539376327417,9.950148906781905,0.672952981405113,1
79.70437132594311,-0.29186433006864704,10.216015989226213,-0.08132816563552908,1
73.6318877665793,4.064718576256685,11.162944398021216,1.231757512132244,1
67.53587884545796,-0.007883016285161129,0.894749677249008,-0.41042533194168834,1
70.11398144347275,-0.4953647520193243,3.809053293910436,-0.15247559788026976,1
70.88191796109295,-0.729859845546009,17.558111743234846,0.515866520404413,1
68.52189886149567,-4.290699738926144,9.627317523019192,-0.18630853160094674,1
58.872052987547576,0.7590670341479281,9.755867525202587,0.30254098622490866,1
71.73339166813547,0.23212337070842062,2.9797215983590783,0.6972528769667483,1
70.73461505409392,0.3113003327580863,17.695928999844583,0.06727026132126013,1
70.58901363255002,0.07773881756255226,14.702310280868572,0.14255781777999604,1
69.06655042020859,-3.2911234510466034,9.179044519515731,-0.03915490311823514,1
71.25977033678336,-0.2933198001110226,2.6969062429198036,1.1260691930552642,1
73.6677294068144,6.546040734657227,8.581080945914062,-0.32792301894762166,1
67.98309006947481,4.819804943484543,10.563780130919586,-0.37595045588362375,1
71.855255955033,4.88088364848848,9.932258723808683,-1.3545359078916053,1
69.88122590598407,-3.2286318301483137,10.970109245325103,0.8936930547935639,1
72.20626164123888,-0.21017278898431754,1.6244115572929072,-0.16106389508663888,1
80.27296081282995,0.0360338179412143,11.735685775603367,1.1644871226951492,1
69.33886970298374,0.05309324832948146,8.609400750776153,-6.5124957023824255,1
69.92739131293646,0.7896800212690449,14.398373150036573,1.08673283911265,1
71.312505968948,0.15289779163525188,11.399132921143627,7.329300354742767,1
70.7282367763465,0.7259060507641503,10.39912716743929,5.294124440263226,1
71.96537007320745,-0.4275177612557866,9.80369940150028,5.943654061492671,1
69.06948332510397,3.787100799134729,10.053254673309864,-0.13023995468060606,1
67.72595863582374,-0.012235647438638579,14.310547257762744,0.8390846671745722,1
69.23399202750784,-5.226712900706768,10.481853949006167,0.5642731269050033,1
70.32091382435127,-3.597819694463845,10.902285126044186,-1.694384699991989,1
74.60665935348366,-0.1760405394166864,11.224624473250207,4.905622065665042,1
72.79327879389541,0.18800679384998106,10.592061257753244,-7.123826336741395,1
57.7030495446737,-0.19694975816600196,9.462477588405434,-0.4613406646075503,1
70.67446573310244,-5.168654591335986,10.384321513129409,0.05190950639278466,1
70.60070548526478,0.005068751537471118,11.241586908817963,-4.5106010004365515,1
57.298118174806916,0.20549034067917563,10.623694205843126,0.8660237500002652,1
67.46343827701563,0.5699170835348487,14.493193431550857,-0.17855207474112167,1
81.87275191379825,-0.202016479487656,11.166850094802237,-1.2988256310917112,1
69.80940670639089,-4.749041456226799,9.225364662849671,0.8259608498235892,1
70.21571445254851,0.1399294653373506,9.310268972657209,5.988654578618983,1
67.9406625662644,0.1251473139072369,6.600787476876544,0.21555086522525096,1
78.5314904613705,1.4743029054642929,11.44321525895502,0.4010000948623919,1
71.56069851212746,3.861768525672375,10.180866036281735,-0.24362672880886632,1
72.53117818244466,-0.37483690363840166,18.39635320344373,-0.3792990764026545,1
68.46654967291329,0.1766742406776731,16.14308643143641,-0.17921315994043063,1
66.64718162501629,0.5192104182175777,14.472129938061958,0.3300114655191877,1
83.32408561648933,-0.3796808008180576,10.250355473701067,-0.32966009029891175,1
67.68720748495555,-0.038491354162958964,11.377311754927067,-4.7472775621443475,1
70.46094918252574,-3.375984294157739,9.270938898251444,1.142577575952004,1
70.82105322997718,-1.0617538707018541,9.654087740913258,-6.506111383879313,1
69.52511969868952,0.21755903508912125,15.293249989616058,0.8904630018894326,1
72.14400851629097,-0.004412193623854441,11.400977620614341,-3.7518966455165073,1
66.81245083175422,-0.5672466090415765,4.954614037901785,1.1882008063531868,1
66.65940032146496,0.002215953425379387,1.1692375050360155,-0.783555284164213,1
84.51669176738224,0.2557497247163995,11.409095098064762,-0.2112231098010638,1
71.50522870437186,-4.7191153416214116,9.556472463241956,-1.0762983961792523,1
67.63620359505036,0.6250556935876804,9.558224299495286,-4.240391983629151,1
69.76793676337475,3.193268836757142,11.074625607965139,-0.3547138731061896,1
67.22071075066158,-0.1598724676247854,11.476247935304533,-4.610568152070084,1
69.04920119934826,-1.0605856151573354,14.564084778251466,0.3670221621641767,1
71.07934035339656,-2.7669854131739506,9.835397891473008,0.6944832319051302,1
70.0095499601522,0.9588140644487988,9.72249591803715,-5.248748953633327,1
68.49785347995784,3.5157706175553716,10.464542212269269,-1.4497834927186881,1
69.2830976451292,-0.0950443830216752,10.565427828120951,4.605384151686354,1
67.96001186132999,0.10435368090932674,10.2480598722688,-6.577121700236771,1
79.94656646710507,0.5635031012857338,9.261519716478748,-0.5290738325173457,1
58.769441647718835,0.4157476637038894,8.812960520169835,-0.3494919074722583,1
63.5714310458413,-0.03535366452741142,9.36174640444544,0.23725174548966343,1
67.39151749386684,1.3466241092244755,9.759453384121366,5.239018596698535,1
67.32303854791921,3.3535214453889264,10.44427578084617,-0.025744608818431044,1
69.1494059742079,0.45364149665408504,9.309163306653328,6.230478419511787,1
72.73336538480197,-0.28914989370613525,10.116715190392267,-4.846205889241799,1
68.54021624214197,-0.06655328885145186,17.92809920061803,0.09767910781069726,1
68.10157802631382,0.5167431809326123,10.733696117532224,5.676698825738641,1
53.70291408684854,-0.02020827524203065,10.308814011660475,2.2389347178693986,1
64.43197225839637,5.0627675288269005,11.777950659211314,-0.6072254808186165,1
69.43778086235531,-2.844259998068607,10.716650035260423,-0.9650097417947558,1
81.96372848216986,-0.08086919319697192,9.777580905710932,-0.2889288224420767,1
85.15028140220898,0.24363701192474072,10.318621485210626,0.07138689925924498,1
71.57946935107476,0.17397308773889736,6.908111242401967,-4.702618651991027,1
53.884195179301415,-0.00883382784143549,11.772052037243952,0.05137765700985384,1
60.16355542864886,0.17262961982090594,10.750252312259494,-0.9700679370843615,1
56.14897356266553,0.0634452096372281,11.542836176107546,0.8236215473184463,1
72.27753277736464,-4.27596782177696,8.49743876170899,-0.4634987113133229,1
70.52977908431973,-1.175251720799789,9.921220993641986,6.735303488807318,1
69.65223770101018,0.17802369122788975,15.513603262997599,-1.3072580316480744,1
53.47909683767352,0.5455495596983344,8.197640239720627,-0.4222181892339416,1
68.43212819138175,-0.3729230303037609,4.533225426925413,0.019108814167564762,1
69.84920982687943,-0.7618132992001413,8.768065293061357,-7.344450285031405,1
70.41367965178013,4.864979352391008,11.123182300503052,0.9726954775369436,1
66.47869255121519,-0.19498753588303477,8.905121140502379,-4.89305059637028,1
67.64732892222365,0.36589724545912977,11.19164977372334,-5.311193263604567,1
72.04029302888618,-0.5480342168285072,9.464113069953067,5.245770928011266,1
67.24140840419825,0.8880802040619522,10.585389019351386,3.347399523119682,1
65.36746417229475,0.43915268848219535,8.22980380156482,4.265847357641393,1
68.73342903113794,3.1263299932775026,9.875624725440092,-0.10159625328973117,1
68.70892000675418,-0.05003729963094024,9.79264741261858,-7.896540300264302,1
68.51900062062685,-4.464813055223456,10.214368191910458,-1.21437967518367,1
70.87854479438569,-0.49958620162796163,8.641008597556535,5.162464202304424,1
73.2983128567703,0.01565164386865356,9.738598843339833,7.239701857898765,1
70.99773301097855,5.325315665670033,10.898581927000787,0.013695092169275856,1
70.72058136369003,-5.332808270459303,12.17009034547079,-1.487203756199998,1
68.3243835489101,0.7220486606382013,6.191117354983094,-0.7360949978162964,1
66.96573998389249,-5.488868342499053,8.49648721850285,0.48818163314537055,1
78.45162042470179,0.1601986902459363,9.781753828769872,-0.28385524117359606,1
69.7808628172251,0.19494360878404837,14.41139709891992,-0.6111468722700075,1
68.05549324689703,-0.12884145975096298,5.936233578650875,0.8764778356287357,1
70.92386937312763,-0.428210331469022,2.080161874835566,0.8376959709346482,1
73.69058605532884,0.709840508380218,16.67482681680353,-1.0206432567377144,1
69.76185567030078,3.760763678872374,9.069476489760108,0.7040299393601589,1
70.57637508896224,3.3658656660570325,10.71051301640274,-0.5716572190995052,1
82.00727939359653,-0.017065865725694802,10.604504826432825,0.40625294675313894,1
69.87280319838834,-3.598035079494015,10.807604220697188,-1.63264751792305,1
78.54693135929037,1.5597285486275652,9.125850430904642,-0.399598165608628,1
66.98418263195855,0.666480483748994,13.604951260109843,-0.6760919622390574,1
71.24151351421625,-0.2281125885601572,10.87100082163153,5.522607864696544,1
75.01657442327155,0.7512074900724032,17.369967128309145,-0.4101187124977451,1
77.48658426494458,0.7543857008629038,9.556247023288515,1.054261661965758,1
71.06639842878873,0.7175838080827137,9.463686653282938,6.538588334338369,1
69.66723805705445,0.14526694857977315,10.719539708270416,4.298554918578382,1
70.06157410828555,-0.021988391016345383,15.349738789295698,-0.03734622417183108,1
66.4800935617068,0.2198749777331445,15.140518827178454,-0.8974097461263562,1
60.68071754866529,-0.30684093399308027,11.64050325578993,0.5631015232152354,1
67.96324326211558,-0.15684787616558443,14.912183922581841,-0.2903854490400913,1
53.4818873195915,-0.3195497041602179,10.307719248725606,0.7022025407409402,1
74.05180780023754,0.2551806984959616,17.798523423390833,-0.40907395034828165,1
67.71615872585865,0.6559710715995423,10.63065728337267,-2.4328584295527835,1
68.05210618360053,-0.4472246359657298,18.620490335932644,-0.6333398791912532,1
71.53463847741703,-4.810879021551428,9.774540875106906,0.03200685346361235,1
68.85708226516637,5.197843920699571,10.404215519703412,-0.1526173099569081,1
67.02334031964888,3.0505620903791186,10.434167644772387,0.48701280004858116,1
71.68783424663695,-2.860198961220652,8.933067581566805,1.014680058877724,1
68.56298015311135,-4.346936287176237,9.976757791583104,-0.4389813268685429,1
51.98414906194474,0.4445318696942091,10.02503761502836,-0.3906593271226315,1
69.88637496072285,4.446534086364854,9.567837056047715,0.013320018773571824,1
72.77944792641685,0.0343880641623613,10.971919907441249,-4.249086191360597,1
68.61125106829472,-0.15024256296158575,15.159782750541208,0.5263064185282943,1
71.65923928207161,0.7279687962716531,11.002851257397518,5.953064947602328,1
79.15220881947046,-0.7891913573864582,11.53460639149381,-0.020612064453822562,1
69.55829195102501,-0.18706371243865,10.627454543833208,-5.1111170700737025,1
69.50590116994661,4.062058284797927,11.184215412265287,1.5147861472270494,1
69.85543793764252,4.9060382185395754,8.061571655751465,-0.2275151692176733,1
70.79653656967328,-0.1914057600154509,9.854190058948939,-7.422330713454382,1
71.15569049651457,0.4472608624970529,2.493872208054995,0.4709941955783212,1
85.41683584692865,0.3193854987061174,8.977332792481178,2.9107850271569653,1
67.28066936053843,0.09973985023180174,4.036230072666154,0.8822139208117851,1
70.34691901692281,0.38606773766816516,17.777838463799178,0.01945793498988366,1
56.241200367010606,0.28779379924301907,10.024869923777164,-0.5591080520958104,1
69.52150064278541,0.37696271517479163,13.76851209839889,-0.13604295417903278,1
69.91424081861176,0.04612140617295557,14.461238387248931,-0.3831786603216373,1
66.82438013158114,0.02944433486463217,14.462137120905014,-1.2900948723116297,1
68.36479667601945,0.21311419610664065,9.892892532254454,6.45250914553703,1
71.30009981009519,-3.7229885358756456,10.537897654154763,-0.7517443810501429,1
67.82884030269135,-0.16864029360504426,4.130959346821245,0.5952297024220758,1
71.1401061096275,0.5334272466348254,6.0882269012259265,-2.209333255577986,1
66.92718482722141,-0.2471797780398569,10.816798751581105,-6.315400770262521,1
60.34691882722393,-0.7069281961537826,10.814181583235094,-0.8540764900291058,1
82.44945236323971,-0.12719006626004417,10.219053204421298,0.3545289286761537,1
68.00986604708424,-5.755136114015888,9.586983917977124,0.018466584959311538,1
71.74862896973644,-0.493851555829646,7.842114476915742,-5.560161322068791,1
59.61818608306527,0.12686073281157598,10.521743408625404,-0.25163590170139555,1
66.8253400484933,-0.38681072447047316,11.01363455808874,-6.5131445995364246,1
71.09518388874109,-0.1322915576526379,4.981557494598207,-0.5631677344832683,1
84.78966912854791,-0.4422503936684766,9.900117739630412,-0.09889167330804538,1
75.52773950109092,0.05124684098320615,10.931065782608169,0.23800346423685417,1
72.38061530334676,0.05061648135346725,11.783542433835501,6.454179725997077,1
70.61550978171586,-5.386459663067125,8.881757574021321,1.7138711320196756,1
68.54864227196269,-6.365775462973834,12.215635065233442,-1.027542326689897,1
71.61836363642401,-0.08589809275841541,9.907756891695348,4.708266952669214,1
58.86200159966053,0.4167257017444401,11.404720711352477,-0.6079074042697177,1
67.2812714470966,-0.5891852351629121,5.021135612966125,-1.3218604650903343,1
67.5747199033723,-0.02340181573097679,10.48400696659279,-5.6623958482834915,1
67.15766477331327,-0.18711199147550758,9.728485403716492,6.705962275489064,1
71.18468752282791,4.263854338896544,8.45201402044265,-0.5543332871494866,1
70.27093272589717,-0.1950366919404214,13.268792142867353,-0.4217996399138764,1
72.69596410000432,-0.064200545715026,11.244460395664698,-4.120679606255782,1
70.71207054391803,-3.97578030613039,11.145639768038382,-0.6421081433501472,1
70.67337486894647,0.3550823500037677,11.614226459449718,-5.470400759533807,1
66.75945659707224,0.44229923922349035,11.12829716245418,6.748964537609507,1
70.90502857299109,0.08382794447059672,9.690771524032058,-3.9624709787837165,1
67.94102758363353,-0.43584136872060014,16.403171861229403,-0.6887769149700556,1
71.00226705259327,0.22826434852389807,15.41341703800515,0.4917821801179956,1
70.23655421505303,0.3456219401891165,2.4549633473566974,0.19143938229724655,1
63.621409900554,-0.593171088273149,11.026561487916455,0.024776104650149688,1
70.1829149854008,0.49042752167276477,14.695582681515045,-2.0526502773996405,1
77.00167004446321,-0.44918816917555365,9.491652814823995,-0.5898061188023861,1
68.49517341940124,-0.2665781461910468,10.70428064777948,-7.258822526505813,1
69.66429965181152,-2.4119338642127595,9.897134242359721,1.9935548415688296,1
69.52780191651792,-0.10676548390992853,4.141446751838426,0.47487220232908245,1
68.26807971264348,-0.2618163698793936,8.685651083542368,-4.841183036833868,1
71.93616465165773,4.153577326750163,10.587781255732484,-0.12245119517023242,1
69.42712022479421,-5.491462635277939,11.288150044264306,0.0188710673629212,1
69.57702992252096,0.5929101775829991,11.012225767408136,-5.40397873630874,1
68.63184005934326,-0.3371201099599731,11.79549670003735,5.975955763535051,1
78.75018530242988,-0.11173834212646212,9.867244754756737,-0.6525740754115418,1
69.6942556507465,-0.3210119312675885,16.002926231173994,0.9038055031252314,1
69.9013977722344,0.6444006423923482,2.887400589702203,1.7914970941881059,1
67.6115645766357,-0.06482141528006842,10.799495756986882,7.613056422129165,1
70.36916548836544,-2.885124915934269,8.628482831410755,0.24995764585555943,1
78.3005525711145,0.1169931566815834,10.004197689719517,1.273539549150691,1
59.665502152788264,0.4175082068349678,10.735734715777125,-0.9991786756107477,1
66.3890128809425,0.506500688297746,10.746377081281961,6.184454164604504,1
69.4148313110724,0.3624329737120753,4.041622156120386,0.27680964087475113,1
70.61775079339664,2.8439495152843293,9.0341993304032,0.2849665719903764,1
69.83047999577735,1.0178303845590315,14.556884464722232,-0.39938598046433743,1
71.69672567633357,0.260756282092213,2.066214022863212,1.5681339121505877,1
62.58090524997664,-0.06280118590319624,9.858951428858406,1.2237772429440406,1
69.0223739966599,0.6032883105199527,15.373793876715471,1.1563749269711694,1
55.11880032736293,0.17900303451192207,11.134244935603679,-0.6312484530953772,1
54.11043809128962,0.13420059713475532,9.949525987925183,-0.9221799657254055,1
72.17609808885888,1.1896211022737757,16.035724590684524,1.5231063627558024,1
74.49972929871124,0.06407110209229401,9.268018653652739,-6.156972892788926,1
69.5290112642401,0.12734754631727563,13.648485534544571,0.17210553420719027,1
56.75790829046749,-0.6242760176285366,9.970088483756243,-0.2519537077208299,1
66.71052012433543,-3.8605851496569636,9.465668999823293,0.2404541330952058,1
72.22389154078033,0.004272074917152542,9.2505907405284,4.397600781248844,1
60.360345530757144,-0.2875841126268168,10.284808197791214,-0.8233937531185419,1
73.45260969692623,-0.35590632989449106,5.129045251102814,-0.7932686437190503,1
70.64946996547931,-2.452439224461683,10.828374802516512,-0.9389150990789471,1
71.9679966048784,-0.5779648557505677,17.698161705063473,0.40277625899967257,1
72.18483363974251,0.05882057243981968,13.230066864441902,-0.3794465748664829,1
84.06743281098485,-0.45497445052138785,9.66801620354223,0.9137649164535775,1
74.49913718016043,-5.417585059863387,8.955642325535953,-0.3040459968556934,1
65.51458984616143,-0.3099991708774706,5.63780484794161,0.7778286913211854,1
71.73308443899711,4.341647852610798,9.346707291741705,-0.3176853836551139,1
67.83983757764821,0.482185410388141,10.078726766467062,-4.242431391373875,1
70.12987575813061,-0.6328642060058259,10.060501367239038,-4.528614288463935,1
70.56984880374468,3.8556828527344957,9.349842258968787,-1.6279913460421174,1
73.65329111859513,-0.1808158785003665,14.858609110817037,0.22433479535124534,1
54.76684208024797,-0.09015638472965311,10.500996963558741,-0.34213931109526124,1
79.30406724618368,0.15219345420859173,9.28941808919092,-0.37541166412851723,1
72.58870012285557,-0.4987190104035417,11.508650997823535,3.864477657823109,1
66.79121506871851,-2.6273991289597713,10.409589034664556,0.24575870182422854,1
73.02364560153536,-0.11888047694217475,14.57907275044371,0.08100366675352876,1
73.61581262403689,-0.11713740425136865,5.699626842276849,-0.48456146845441944,1
72.19763983306787,4.542449582901205,11.806532661782231,1.5210014040873872,1
67.77063007020534,1.37940695758369,9.656699167362781,6.302876293109339,1
69.17524061731478,-0.21112478234591897,10.345872929431167,-6.7550706959935995,1
66.39473355619359,-4.832037606336595,11.420091958797164,-1.8296756949147157,1
70.80213063459149,-0.48983466880045423,9.986945722473846,-5.933810957033285,1
58.34313177838149,0.007088698962512563,8.718826227372887,-2.75906756020485,1
77.50048892983752,-0.16037133471492895,11.63887157831602,-0.3742089477788554,1
71.77642755956803,1.04312317695855,17.250963173672623,0.6762941785293697,1
69.78566345818092,-0.20905833730462972,10.590777528684555,6.093637826731403,1
72.26864153709168,-4.56641443429238,10.13039942662467,-0.5690556894416202,1
60.325377633103344,0.7637278985948339,10.329994149525843,0.5739224574287682,1
67.38278549977238,-0.4664502187196322,8.975148514977546,5.293817400715024,1
65.38543323224528,-4.32762455468584,11.220471787929007,-0.28385896986918885,1
70.0951008350018,-4.0780250728935705,9.534754290672698,-0.5565191613364074,1
67.37089615562445,-0.3719848434681599,4.629679203139485,-0.21371044351072924,1
69.03466014949412,-0.5049365478417908,5.2062161978954595,-0.3676500697844991,1
69.01852609538443,3.5274029831125064,9.828170305683301,1.0345445512725007,1
67.6204510705943,-0.13638315370214088,15.424578677804423,-0.7826274632274404,1
71.36583489398137,0.18877029216908311,4.223724929401719,0.5177377910195156,1
56.39238192928143,0.48799194191289574,10.342441629196733,0.0995162328444149,1
82.10467222231232,1.0729515713274864,10.697190136505233,0.5913186676447857,1
81.56355879803411,-0.09521282474274788,9.902849673709786,-0.7406140704138657,1
72.55341334955688,3.031655960118531,10.336069930428899,-1.4971765988075798,1
63.174095787595846,-0.7941467867945876,8.147519248401483,0.5717307238845157,1
68.62408073697867,-0.1403009582530676,8.772132637566052,4.372285429024249,1
71.6814827057002,0.6707519517728336,8.653601520043372,-4.075525859277329,1
58.61732966991034,-0.8722485199602424,9.434980349682505,-0.25667891172196605,1
55.71281759026464,-0.05060642070181076,11.1914989494585,-0.8580436724667442,1
65.36177646130369,-0.23801127943139005,15.530015541521252,0.642477968174551,1
70.70747858968203,0.11845954491650959,14.62646621279182,0.45484590543276504,1
71.19419357471784,0.4773015855431785,11.549687988367507,-6.530434168345202,1
68.64602754716822,4.666084622542959,11.189716754452549,-1.7785824084179607,1
66.84997930323605,0.5030014074204615,15.439686005905251,1.0133647437825297,1
68.40159521954139,0.6045727203677073,10.702164003952081,-4.469342300035253,1
69.29064612695073,0.3681460828740774,5.573715536831547,-0.32920119061106645,1
68.74172745286313,-0.12418790816384073,17.73416890133903,0.19156517134209428,1
72.45293556868235,-4.736405305297226,9.460092098137304,-0.39369184941869156,1
70.32964731804277,-5.312471741015833,9.54084943848321,-1.7726978320638644,1
67.0793769451546,0.4793943794980535,8.283590725013607,7.169377286957799,1
69.61357284308463,3.5907334744698622,10.801257228599464,1.0782204875384969,1
58.34877560793866,-0.5839308573548351,11.142034479333276,-0.06647785901723023,1
68.20313120725923,-0.2481990817936448,15.118664240245582,1.1258967539852962,1
61.75242683691028,0.27130780427546475,9.679686474195625,0.4498063022248826,1
69.89662786687225,6.401099098965025,9.296895483574133,0.2575896866255064,1
72.10460304409187,0.21421300751381198,9.49572807443346,4.821813372060131,1
84.2288762526165,0.308656188506174,11.016325842355878,0.7589239218063857,1
73.20430335998908,-0.24654926580297729,15.305184805287155,0.0060893416016839196,1
71.04805026205284,6.066606857503723,11.6014770917966,-0.25191946653449515,1
69.52571062025086,0.2638858801955721,14.656942379853293,-0.9630919010655719,1
69.90533733411687,5.1805694819647625,11.572384409730844,1.9543117288431475,1
72.55499395809117,5.469107267928737,10.503031609321468,-1.4418731367879976,1
59.93869896338873,0.2917450152866894,8.96674715183108,-1.7119325436472974,1
73.12706430541255,-0.22684753131826607,3.6199638925154467,0.09896732104871253,1
71.22186253525385,0.23151353851161072,10.423194507628713,-6.076129889588722,1
60.53230097161718,0.07298437672929671,11.331616250250786,-0.6555161624929693,1
72.73853034824502,0.23653745629182632,15.802955460353724,1.3528838259639366,1
68.26690922357828,-3.4650685409503494,9.881082054672083,-0.9543821576172585,1
67.34815304983111,-0.03258964161765729,4.628195068622041,-0.5198695791805602,1
71.78316360808618,0.8188952553811879,15.510260948033334,-0.3008288536544588,1
71.35585054791298,0.2620733360239003,16.712544234482483,-0.12470176727281297,1
70.46035378198202,-0.16462711438636735,5.140869237587012,-0.7667752541491231,1
60.438881481263344,-0.13245450510138437,9.10691763004104,-0.7791203829209943,1
69.21389776289598,-0.3815398809746032,4.07392592933597,0.1136872663262265,1
67.18431278055807,0.12994462188845674,16.993979247029262,0.21877028158630973,1
70.4524317043865,3.4263324665778025,9.6399585246285,0.8503535914084538,1
69.62470648676732,0.5246619396631331,10.054412146261068,7.071468051999805,1
66.47974340543537,-0.32191840671612604,10.295573134729812,5.722558234682204,1
75.20643964731447,0.5932643237429599,11.899577536031869,7.078029260251469,1
71.08914302963899,-0.016147311769220858,17.14236620122562,0.4023096073503181,1
68.80520898488795,0.01749261015661713,4.677686471412093,0.3339431467393399,1
61.04659371601843,0.0617928427134105,11.443795830455297,0.19836982230004482,1
66.89796759372634,-0.374567580375167,2.9927243645691153,0.2625364510933753,1
56.03842360787491,-0.6763302164125424,10.427911194299927,-0.830197739492069,1
69.18165692192174,-0.0941811749615868,8.446406927339735,-5.333921929091249,1
60.454201943103364,0.17237898205193347,9.91440164611045,1.4418997519268455,1
69.99297737675838,-0.5963014798410529,11.159560016618407,-5.2366516525805125,1
66.92095709813103,0.257539936941176,14.402752968374264,0.35436384299106366,1
69.69425326224886,-0.15967850494707408,4.13983561240093,0.9887265589370927,1
68.27938939632435,0.31882583708868534,2.476845925530654,-1.2841059634500533,1
68.97681280902881,-5.284252731918255,10.36234149190123,-1.3485074961630608,1
72.35842496902103,-0.08825693508702186,8.702430911311154,-5.8267744939168225,1
70.04960490613672,-0.4022082301363309,17.627484327202765,0.8543848402858485,1
78.25058198727997,-0.1964965439788511,9.135173964827265,-1.0065039841801025,1
61.30215127549999,-0.1727373446231519,9.585410692259998,1.8321871569442096,1
69.06822893461076,4.982101435784528,8.09041267455995,1.4612574347757414,1
73.16460311099938,0.6444484122731723,17.734408988988783,-0.9831550467549621,1
69.59760108104108,0.4328314870132807,3.1883376285482328,1.39948056276794,1
61.354969443449185,-0.454669983824078,11.361120648581373,-0.8348779716400352,1
73.02389600345067,4.663143304090316,11.417291519750172,0.09848766396320138,1
67.90150332049241,-0.6171090333450208,8.672699449628002,4.580364642232473,1
70.80610159423938,0.6555178461780756,6.949926485848817,1.5926274709993964,1
56.254458818864435,0.06103841234662848,10.244374664794693,-0.6751999626645554,1
69.76496179203468,3.4987450565303546,10.279194433391199,0.38547549931587116,1
73.08634080264738,0.37142881060335087,3.5064299090259254,0.173514853995692,1
54.99696995024191,0.6257444776747039,9.525350468072597,-0.5103363500287441,1
71.10054463507959,5.4919475575450045,10.825043444316218,0.6760188251911583,1
71.9362837882542,0.45150047522152226,9.713383990497972,-6.215227970126522,1
71.54131115034728,1.1096612474625176,10.617790298169018,-5.665117911044264,1
69.35317739218674,-0.7382546842344505,17.402094424298284,1.2526794631108547,1
69.950991338806,0.264927121494413,16.39394287138238,0.17391642513012134,1
71.10704722045331,-0.8143733004019397,10.3148451154527,6.267681997729425,1
70.42847078761748,0.3342424027136066,9.961825112120993,7.528412805146942,1
70.44580043204512,-5.780312622667719,9.916308299225314,0.5633442343939292,1
57.373980904663526,0.027660355372114538,9.244364114360142,-0.8116368746832943,1
65.0358173425336,0.09758210504091099,9.979450469157888,6.078418090925809,1
68.11782480764897,-0.2647196482982559,15.429410925863092,0.029995060610658444,1
70.26690424267309,-3.108544884265648,10.119142438976867,0.5437612279008331,1
70.13281568738947,-0.16649898546205535,14.02390446550346,0.501526823006842,1
62.087316352566596,-0.09040490860843964,11.933961514620124,-0.6225751059414522,1
76.3626951535175,0.16971399218959513,10.703076392816833,0.8247872116786472,1
68.15161674094006,-0.6988798864551293,16.63370492997766,0.3505760018681601,1
70.47144438600589,0.16488186148215617,10.912196899686533,-5.1810435624562166,1
69.22575172493848,0.40355214462161443,9.61745828541355,4.613617705971681,1
73.2053959799857,0.6790462593186483,14.227262369587278,0.19687370714228147,1
82.149544272556,-0.5666554674444279,10.715439035304463,0.5685164060631046,1
60.80833432509674,0.9073582419133625,12.849268156790668,-0.33060634313620374,1
83.91438577291484,-0.00949851945078415,10.188323093786364,0.6623365141764022,1
58.256257013056114,-0.7699690908176525,10.047743311129864,-0.1487273624504833,1
73.60541097130732,-3.2480672516033002,8.03465618882741,-0.09448193303051922,1
69.88477712193621,0.234257966711531,6.512962356128456,-0.40810815264631456,1
70.13789176834167,-0.1159430939451841,3.1126702014018193,-0.9997715818717371,1
69.22972278178045,-0.61587012058698,11.111564835055454,-6.144310756056099,1
71.61717455176128,-6.0531649371677405,11.29625783128982,0.25928255394347766,1
70.64268045952082,0.6367927725887644,9.281590200831388,-5.434235197611736,1
71.24454072720054,-0.561896822409873,11.848303482469799,-6.558497925955297,1
66.10809535925377,-0.5253853603940745,10.035967833308353,3.1131883383895027,1
68.44919855926776,-1.1564755405963254,9.997359424107238,3.2682619111410363,1
69.13479038483999,-0.1308825761989564,14.876542146784065,0.1893105055088353,1
65.02592966200307,-2.5550290294526783,9.074619191425679,1.5008881944609929,1
82.53895419244998,-0.042214905610032376,9.46708485621161,-0.06870209921959845,1
71.18014142202455,-4.423686993439113,9.73759852375695,-1.820629971686286,1
71.66244248576892,0.6390907145135354,5.367781376685291,-0.4054222955049759,1
57.7765491723096,-0.3373234677969632,10.89958970693412,0.3265150899324509,1
66.73077391059176,0.19886677258949473,10.297614285678812,4.495457163961546,1
55.72343776706971,-0.4899888528059436,9.963538698363838,0.1833414586322994,1
74.28214891776155,-0.32828811352409215,16.521514586523274,1.5186656628899997,1
80.79059772525599,-0.581096447823731,10.170328258302973,1.2179100389597401,1
72.5617618988855,0.4285037696117176,10.042192829231785,-6.6513808657164235,1
79.88077215572143,-0.5700578213700825,10.599323828530178,1.2818454354257973,1
67.01468237859322,-0.7757368948537886,10.356674196315867,-0.18119798844098933,1
71.32234207739668,-0.4571562207953903,10.174101388632163,-4.5646423868537,1
68.49881733935645,-3.567747820628772,9.015703790729384,-0.47802919522416476,1
70.26720002569795,-4.71797169280649,8.606757403209992,-0.10682343667835825,1
72.85176552605682,4.932803206383924,9.957306808729374,0.6627241764421636,1
69.75940147223127,-0.40390017374001896,3.9876585686972694,0.8979754834026266,1
69.03062423583805,-0.9200368609843916,9.554039313501503,8.150085932509032,1
81.55778609522474,0.030172423435909746,11.140139238659547,-0.4618017655594739,1
70.15112316248236,0.038099075604213384,15.785636328711433,-0.40178672277782523,1
70.70266529857037,-5.283362496953119,10.232127971333348,-0.38093718908451013,1
66.58523090867402,-0.09582216108842805,8.753150436577883,-5.923084035760855,1
83.95735602536452,0.18551713454794327,10.539401558923197,0.6929461316416524,1
77.68718225338903,0.42701196178135914,12.481546064821421,0.4254855537285246,1
70.12186525162822,-0.8155906370009594,14.013393242310878,-0.32747242636385543,1
69.41653267425485,0.5592235704706433,14.62024699116808,0.912080724545472,1
80.97452746947904,-0.34727624992725914,9.88693399429859,-0.26230019101678675,1
60.22395741750356,-0.07267659824579896,10.937734066796395,1.1288088293850869,1
71.72771245766499,-0.25814295659787717,8.076682977892698,6.398896367036471,1
58.01371710047846,0.21200975730207114,10.801906316893321,1.1581310214926406,1
71.61236944595251,4.191037053760876,11.01097996895043,0.44709144049361305,1
69.92312740534419,-0.23078409831653454,2.9653501644514577,-0.4421435595374523,1
71.04946844907155,0.12002369762874761,12.592068725001582,-0.12369549919137623,1
72.1834140685234,0.3521427663601776,19.289934799697853,0.4576038664256099,1
67.05021356619332,-0.824126165816693,3.1416581311986507,-1.0073837060637287,1
81.28198241106008,0.16200987776783846,10.831704334235031,-0.7589256682542649,1
66.81748418551567,0.13836234000748313,4.571291240737134,-0.239978700901164,1
72.87981941265019,-6.439059948867319,8.906217825367538,-1.4196758852392897,1
67.12654835868553,6.526125068178883,9.42797718622076,-0.9333616928571473,1
79.76517703200021,0.08199242609657921,8.886164111174828,-0.4651541040783503,1
67.88491707165613,0.10288745292912073,10.074757687980938,6.334022674909121,1
60.89401978464529,-0.10957976572983129,10.586970904702124,0.2600423052465199,1
68.10575996369334,-4.05225024583032,10.142887706182023,-0.060930756289930214,1
69.77325634939365,-0.2997464502557716,10.472754554932305,4.732736479296634,1
79.90910527381294,0.18503081468294424,8.862287693537368,-1.024809150442208,1
66.34710767249653,-5.617302496910935,9.249362617989066,-0.5060562055793862,1
69.97406378878081,-0.4058935677817638,15.400479500977701,2.1373051580470395,1
66.29669936917165,-3.6282545184418136,9.93964524116717,-0.20463034319127005,1
74.26600694186442,5.469293835074501,11.006272762634625,0.45588122018309546,1
71.03652583788624,0.6471586392325986,11.455501934577905,5.029003405665465,1
72.20988152874945,-0.12864273322253025,9.058081592277388,3.480614212420237,1
53.11813955449371,0.055989637359588236,10.517663362413641,0.2289761574022219,1
53.107646573886214,-0.2380887266018139,9.689882413414036,0.4750210260850503,1
67.47103131169195,0.2193236627654471,13.981898668821437,0.8221642879247911,1
68.84700809649365,0.3477131208511888,10.258708583910318,5.287551717447123,1
74.6489532735102,-0.04173867610872065,10.55961855047991,4.8308954935042845,1
78.72627853175958,-0.3142179113460507,10.997956768702956,0.6183752203344686,1
69.63495214427483,-0.31558586480784834,18.455148693850393,0.8230640183617686,1
69.40115880967339,0.5356836553146758,15.889025087670086,-1.1088090292591815,1
56.990085247657476,-0.09336867068404503,9.503173880636261,0.610331551250535,1
71.05553283395052,-0.311621679866522,3.267458310026546,-0.1998256295989531,1
68.06736687312348,1.2623677556828026,17.13842048783985,0.6431812647495793,1
65.75836624777354,0.31572966108704814,10.832254052976234,4.17428154665021,1
72.1298753853704,-0.45334772917575095,8.78898899226962,4.143050717644047,1
72.52122427044189,-4.161124325717153,9.977563176204864,0.5897988110812488,1
74.15954381563584,-0.47115643369083604,19.179607308465037,0.5293952158854307,1
70.95645905515548,-4.827187277908358,9.218289181799895,1.061530280538747,1
69.78276511119478,-5.3053088524161325,9.55612445486926,-0.5150229426665153,1
71.41800473160244,-0.4819191699745261,4.399675904691678,-0.5110454383232236,1
68.40671845903798,0.18854728044677896,9.925060571759412,-3.0078729996365334,1
64.3854126427847,0.12951156450242346,10.014148033934474,-0.005086606033126062,1
69.96836385893296,-5.029039288950684,10.653640075777332,-0.728538453171442,1
70.4911923159398,-0.4114897416419848,8.896028032428532,-6.057021003962419,1
72.95002886927833,-5.813190843674008,10.162110526505188,-0.7253387556197225,1
71.08705588383656,-0.11998873132691697,3.13773120628983,0.1289612851123193,1
54.301691558414454,0.2562272223121754,10.260618951900113,0.6817246393611112,1
61.527976096452306,-0.14242096077075003,9.208153667352342,0.4905327659274106,1
72.18920365701577,0.6310893733913766,3.172465436811505,0.9145626512740993,1
83.4785754734536,-0.5649674945565393,9.795062983356214,-0.36101089293317234,1
69.85650906884388,0.09314580204201973,15.614032364339955,2.403889665503725,1
59.57141780161774,0.03504141512648535,8.377637337244755,0.37028777165286786,1
71.37577779797992,-3.9054320942289977,11.219236933120792,-1.2286152120555405,1
69.33089055761431,0.16247882876814124,9.615547530377613,-6.499809969340356,1
69.10141289479886,5.153242807738526,10.636193702311505,0.40224407255916755,1
71.13176535296765,-6.018169056812886,9.702189954793258,-1.1738032475614746,1
68.11823324344464,3.814870352343667,10.658638040583297,0.8229717661049621,1
68.74754524893433,0.34904461039684265,5.642171068792454,-0.12739185066185008,1
79.10251840234147,0.7491049860750846,9.797605789289536,-0.7219997103131603,1
68.69763911445064,-0.17027948618689515,17.181220510821877,0.06541000523819364,1
73.30881723172595,0.31605280262971674,9.40951309300078,4.618611121106839,1
57.4511921311087,0.28226480706861085,10.086105034368689,-0.032532618973291266,1
67.03830990743243,-5.532383413430033,11.096804479144222,0.009066747256636023,1
71.63260075665349,0.05723241132597665,10.37408669553694,-6.089029025142018,1
63.433219136408944,0.10806987239707071,8.875528213466922,0.08425628621338643,1
80.45586312094338,-0.10397884828505233,9.758029947166595,0.45741432119359715,1
70.48823190819509,-0.29333628536525697,8.170900573251359,5.09180558701731,1
70.7703728803893,-0.5205669476967517,18.547926116578687,0.22821488176534196,1
67.74463395275441,-4.926724576447495,10.369059384197556,-0.7690481092074638,1
60.41863240179854,-0.3295050952831189,8.841491749472498,-0.09555550549365374,1
72.67512015859828,3.0164865532629688,8.146481295509275,-0.7647239366590703,1
69.55983012223949,-0.1258950645059018,15.872866466678424,0.03819285246165488,1
58.62866223960005,-0.5020260801441606,11.399072943317329,1.1882636855483737,1
67.87235153787614,-3.626722803355738,9.911628970635268,-0.5535996494858865,1
70.09378193004363,-0.29562845845725516,10.241387260975287,-4.712971279911908,1
65.86230066968871,-5.273237705640556,9.76937609951232,-0.39305144591652963,1
59.948853676218505,1.2169134554731231,9.952318455118913,0.9177953171447522,1
59.71528704050258,-1.3279368248369792,9.860713980672525,-1.7100938044602831,1
72.4550852733525,-4.825809247677155,10.235839553559831,0.1465795162187952,1
57.651865810528214,0.3916415629054531,10.19093738719921,0.74503076768878,1
58.451783094940964,-0.6062079251164012,10.602303743433037,-1.4008543457059253,1
69.77992016591313,-0.15866683911093496,8.874117178282473,5.345387369546608,1
68.29895775033901,0.43314836777737536,9.804528495910384,-6.098095163195387,1
68.56424013437204,0.29637470485316947,9.212823360685723,5.991328389184396,1
67.9628901299292,-3.724771937609857,9.7692950305713,0.2857336823914598,1
71.39686301392497,0.3741906010671122,1.2881538778105854,0.39616221289230635,1
71.66497715500188,-3.3079028482614614,8.403325306838966,-1.0994928975705924,1
59.481798233007964,-0.10499066292616391,8.546103219259265,0.37729672187019603,1
68.8702632830086,-4.004932029196028,8.603594162137918,0.00884353139236733,1
78.65357560592057,0.36347145911386947,8.074039652323057,1.388733580265668,1
74.49118712067731,-5.2315524305431245,9.51179319786882,0.6334450658348117,1
67.01014567800149,-4.000525067990331,11.440891260637745,-0.12521482328733152,1
68.94028713135225,0.5604309600292167,8.90168074137131,6.922533821481283,1
72.50117386120185,-0.3246259015346633,2.6177016710042347,1.3520404520083251,1
70.09286641037693,0.11804583227326125,10.037678957970199,7.928473514337428,1
85.06775603724878,-0.35948407811067545,9.087877077063736,-1.46390021014437,1
72.28992643496328,4.020954811272695,9.749959706752957,-0.7946901736380351,1
84.21049537603781,0.027175965812838817,9.637471595458765,0.22255679323837915,1
69.40798851401622,0.1704216773669311,2.908111214955486,0.0265624501957243,1
70.76513097009813,-0.6548575897367007,9.655401005943148,5.919647198331885,1
85.03789729012595,0.07574866510391493,8.105568409015314,-0.026631323593482345,1
82.77005657794922,-1.0253390594944707,8.568569923266514,-0.05048746811168806,1
69.07142875889156,-5.645938905151511,10.293191824845342,0.09331521703426346,1
65.9015559075935,-1.024455988091527,9.873785368027544,4.797936780276446,1
72.49340280407462,-5.624131576443516,10.377540305689855,-1.2672623371205338,1
69.7938278320481,-0.20241924364368027,5.155939950570959,-1.222504899866344,1
88.25441559043993,0.18460447374482378,9.257910184276744,0.09844907472651415,1
69.21549259701423,-0.19234942895502807,3.458444455959942,-0.22400187304051367,1
71.5268344507904,-4.4317776381737595,8.28487247878643,-0.5803938372581058,1
71.29896976787514,-0.09401520692435657,3.305172480880053,-0.06052169481114006,1
56.37122024174475,-0.7182535868853944,9.456741722808784,2.290956547294814,1
84.71446647915994,-0.5905128431130607,8.418414467164649,1.0975104458565854,1
55.084549310189175,-0.23665524467969146,10.636426101497117,-0.20314104841506936,1
71.67220844729717,-0.22281582936520736,2.5768910473679103,0.9353299200823987,1
67.2724329391356,4.414036968126294,12.310237610168002,0.04136303832716055,1
83.10309962190709,0.7229583428754647,10.735420383595184,-1.7613600853919142,1
71.6547286561646,-0.30689286674716065,10.00874458787057,5.156783597861552,1
70.90063701185407,0.5888143440966189,17.94846006273618,0.22014964222363892,1
70.03767932116942,-5.749546862629544,8.979669331305892,-1.124395490343326,1
70.35455696494834,-0.9702708240786881,9.880957804762621,4.255713421615935,1
71.0037957833152,0.08887554863522433,15.665973833183294,0.3197191523126182,1
74.72400707407171,4.190825590164831,9.054120098714339,0.3942378281520725,1
68.76141549861514,5.810171858994592,9.73068172460366,-1.459515242027391,1
70.78447574761597,-0.1646750215476993,16.04894322147628,-0.21041752398505895,1
73.47769071085209,-2.6662032250638408,11.54144626641124,-1.6809526960052363,1
69.72571623218366,-5.461296509906818,10.586420735801921,-0.8010465131057934,1
71.07924098729961,0.4701294733378798,14.608163980509183,-0.7293527320055507,1
68.57023192032197,3.46796994357223,10.188619322082115,0.5994584974143515,1
72.0771618717236,-0.04671763676783146,4.459471280401019,-0.6480665013219344,1
72.34031006452123,-0.8192181216570009,4.252469236103788,0.18155345706014045,1
69.85439361737133,0.5003870468288935,9.425277696392838,5.227007444733652,1
84.58889285914452,0.5588609549728586,11.222947387777769,0.058514543776197685,1
69.85031896680674,-0.27246042142464255,10.170951768969482,-6.634128082655636,1
80.59962903888878,0.08931363827825033,9.536493323949692,-0.41475679627141154,1
81.75837110044449,0.6957699221745451,8.62620261339491,-0.3192593970972117,1
69.673072175826,3.819833665933888,10.425613529778127,0.12097340345883865,1
68.30110058512446,5.9110903019975165,9.687346945855197,1.3191739934429783,1
69.45707313995811,-1.1163016066404539,8.984144978635232,4.897357521365173,1
70.58900828854122,-0.19737310795781177,15.445373488563007,1.1281112026544717,1
69.77102084888678,-0.3728087407986995,15.283688130478104,0.67573755612494,1
66.46743038506041,-0.49671037568657495,14.815878590365257,0.4553196884078595,1
68.78989407989887,0.21964062904094317,9.457802999682327,-4.4577804457816725,1
79.4702913789317,0.686993229951196,9.554115349363197,0.3386931717349532,1
69.31728243253323,-0.34763477990731384,17.193050244651317,-0.1370956564419253,1
68.90416194979201,0.2871994074120903,9.066869255756238,-6.75674943681637,1
67.15644398419204,0.07857999378807314,9.52421280768479,-5.887994382142179,1
69.22472191371419,3.7651870323932592,10.02547721059179,1.875820867842746,1
70.53670001244599,-3.275017181773793,9.119901848128439,1.377421080324592,1
72.77997498081562,5.481570714033454,10.074497365106977,0.25644730503813556,1
81.53530741351865,0.4416125611695054,8.62453506617074,0.7150533742762278,1
71.38146125683109,0.2006194558603096,11.307148930069852,-6.93643731201917,1
69.91042898542064,0.43205336649822584,15.013856503281357,0.0941675612722578,1
68.86279832509202,-5.4388567615876555,9.089431832206067,-1.3705039239398005,1
74.45958540993956,-5.400873976426058,10.03176415738171,-1.141987667137515,1
72.80968443269316,4.752789359841115,9.544510211122534,-1.1660837173429144,1
71.17858175320657,-0.2572441917073814,17.85214413374296,-0.8828893243869314,1
70.05042229323604,0.03831055739995405,10.392540503752427,-5.079817934585641,1
69.99369332830939,0.24673581956506746,17.238233479962293,-0.1335824804901137,1
76.20765591833887,-0.023161951126125364,9.385942457873313,-1.1656422862029907,1
69.58003680075315,0.91754600495752,9.528785215967462,-5.235087234008156,1
69.3777192307778,-0.758225651229694,1.7585396587752715,-0.1493864406192406,1
69.52134988835623,0.4829281120818523,9.79151972872426,5.340775209084603,1
66.35267899778376,1.1326791536570917,18.026691621497275,-0.839876926246083,1
69.70945030420637,4.259022805101962,11.23516318692478,0.8741561643679905,1
70.14021752472229,0.21085096198434589,4.299402694108792,-0.16167736453587944,1
69.9821220992907,-4.489939255123617,10.103020238272823,-1.675221221882695,1
69.82498300379832,0.7279182587174586,16.01306081435063,-0.6478577160396388,1
70.22210052189364,-0.35536419810779174,9.810726561832514,-4.23862346629484,1
66.45848346050879,0.3670392623318836,9.825369664135527,-5.019057040895517,1
70.99719105940171,-0.48561243271475296,17.370363372261618,0.06404600070755571,1
69.5675084622927,0.8202106825281982,9.302181814978107,5.605360252736105,1
70.84742122300294,-0.5517483743710863,1.4279250092035536,0.18026428178042253,1
69.30810570988373,0.8331867378890495,7.695621579260051,-7.186101753917566,1
57.6673111930414,0.3269754235686862,9.324847438607424,0.5099058297247856,1
79.58594844553016,-0.2704867638170612,10.56072986341532,0.5649774272126978,1
69.28670531093566,3.337544611575053,11.664749459446,-1.9306284029733956,1
65.82936936757703,0.20371512151610857,14.253006719507095,0.6279165954624468,1
72.04745146848462,-0.297248111518521,5.320955372238522,-0.294652776594323,1
68.65950304892809,0.2072253598769059,1.3388166198282168,-0.2880854374661174,1
69.5030943625706,0.08450737629927288,15.254528763736353,0.3348469068652282,1
66.63504880936168,0.24715563036251073,9.112788406228168,-5.041011012111424,1
70.36437552208625,-0.8908507253414931,9.780205076136468,6.645012876615714,1
72.28063577177596,6.529564566943251,10.016492942807432,0.9993350982860744,1
69.26513500458292,-1.0109859566458663,2.7531816838544136,-0.6311314998381348,1
71.63713102137503,-4.820465822118704,8.84175331889177,0.3048089793633524,1
71.91255567669464,0.23527578366922186,8.781784033942452,4.616489007473486,1
70.62887522530455,-0.7492072989231551,11.846108684356643,5.279820160341616,1
69.18170784461498,0.4529462611200007,9.391267060180905,-6.410478255098639,1
61.2347115805171,0.6715340683498828,10.523270987995009,-1.3988022572877017,1
86.50839689481657,-0.7355183826154521,10.139410583024826,0.24942362734732348,1
71.3956876347043,-4.736396043999241,8.748423167457279,-0.23779033800375063,1
84.59441772533546,-0.1116167437388034,10.103387291681573,0.7180900439550834,1
69.82575495208354,-3.9459560467462365,9.760961625405104,-0.7134411524205478,1
67.44695587691457,-3.606904497698735,10.397542395160265,0.3377597264376489,1
66.90025204714985,5.425244888009529,9.510078647392998,0.8182022902251535,1
73.05649705275864,0.24488323388939862,1.4726603771728008,0.11539728747555399,1
84.7635023169357,-0.0769369866448134,9.35819773038693,-0.1268748657112115,1
68.20275702779043,-0.4393014173869019,6.287571265363825,0.6820115330590243,1
54.97820993072731,-0.7315639534245266,10.150906879225111,0.5943224823020685,1
69.9907414863034,-0.82917973650587,10.334163372396217,3.7499074069957476,1
83.58972386295294,0.7309654334463798,10.731559008178278,0.3053898314307545,1
72.5405618830899,0.3877480234180098,9.797930061155483,-5.589637036795216,1
52.40667919168757,0.7463598619270392,8.822316437653766,-0.7062245789966765,1
70.75380977050357,5.4562182125741865,9.945124683479081,-0.9279203666125266,1
69.30408202302213,-5.97778300623237,11.636013730001537,0.5590841716378162,1
70.61647063908622,0.23724363992906702,10.42802078020432,3.7860534008221385,1
66.43176872872216,-0.10605061478393127,11.77016648578377,5.709247536065333,1
76.58576856110489,-0.0348404686876568,9.16727123620288,1.778490723523212,1
68.91160359658313,4.5279215478661765,9.310821777549142,-0.39079951321666545,1
67.67487435926648,0.09001828144649231,6.415784816938894,0.8771496105335252,1
79.38108789431084,0.7848920791333699,9.636515460504736,-0.20347048788794095,1
70.37683996172309,-0.7744820895625767,11.13431462533436,8.480658801687063,1
76.3831541436449,-0.8754791541384188,10.841203561211014,-0.0717767561461458,1
70.19616664371063,0.16249336523723912,9.581775090987072,5.172986957881105,1
80.73193307882892,-0.18749047606466454,10.374112773054055,-1.375969955760675,1
72.53590608864471,-0.31667686952372415,9.404914977134327,4.571724040092318,1
60.50829136305934,0.8110049606814157,8.2269196806443,0.06770672635743007,1
58.005906166203204,-0.9743975282741425,11.475773692211254,0.4965520652173794,1
70.47271618190078,-5.05464171668406,10.937299236305078,0.5212434107373958,1
71.39524703187023,-0.2667391316945879,3.0860203577706393,1.161044577961313,1
68.39106826361399,-0.32803428953281283,17.19676497443501,0.11744298026119354,1
71.31105891497513,-0.4951433490537931,15.806029474625532,-0.8331304156012163,1
52.28136123651697,0.1761991819084486,10.445214309675737,-0.21255300601060234,1
70.10281212817976,0.1019270344699917,8.935043393707662,4.866474615712281,1
69.10335506670583,4.080490520945539,10.841785444167,-0.7013444905083097,1
70.1577625340058,-4.725868501453173,9.682930829075145,-0.08595948069924189,1
58.35206479061837,0.20928923428709384,9.763835198057395,0.027972875818820894,1
68.71784613010328,-0.08814729048024227,15.363797438166564,-1.4942066667353144,1
68.40091560595124,-0.7189350311026345,2.9006914875954735,-0.6680523982248538,1
73.24824447227982,4.720376177943473,10.471538370936312,-0.49981809550344125,1
69.11751732933034,-4.805925054050245,10.30684637574775,-0.6359130000383107,1
72.0122633352295,4.167103943218436,9.437132784001124,-0.7540269898054508,1
69.78031558039439,-0.3255327135748494,5.229092455142501,0.6330197575890877,1
56.565195759103986,-0.8315954032356906,9.625494491901406,-0.9619265888739857,1
66.9627885047008,-1.2415465343640892,14.508671326057533,0.0639283374979574,1
67.55419969008356,5.569536631891887,9.159387289678588,-1.1142025737519432,1
70.32009946531824,-0.5351571663917953,2.9741740869112636,0.5229712605623648,1
69.3617728598331,4.864188765942294,10.594154082107448,-0.5754058237700294,1
70.47087272898546,-0.12924294229225286,4.804237959722478,0.36088383727088735,1
70.16998408456028,-1.2384550519976842,3.5992254923604072,-0.9320237703768282,1
73.62636000307107,0.3944718749663569,16.88596040264639,-0.36314412070846597,1
68.32851120536499,-5.825878428246136,9.36313781682445,-0.34239579378761287,1
61.260681067557584,0.2584486389128366,9.824012881882126,-1.058396372968838,1
80.35629548279452,0.16854948144559562,11.35686387123022,0.5570773292983593,1
55.79300826331763,-0.6396370542355025,10.236625394460178,-0.5318604036734235,1
70.58394355568694,-0.4043460705460127,8.990028012090677,-5.167403210227084,1
68.15984028762999,0.5603732764936056,17.532526567752328,1.1060942808888434,1
70.69316318940497,0.5575745515707757,13.539096604710126,1.3041159162269982,1
71.07949674326761,-3.2148650022833922,12.134985309404126,-0.00889853981117919,1
67.91247220941875,-0.2612698154249917,3.362684915181811,-1.5239257505578485,1
70.59018290659608,0.036211220094721816,14.7426543478863,0.7167471577917303,1
68.00353794613059,0.5184572086713822,11.198966588086822,6.504566318619143,1
68.39790040641913,-4.835470635625914,10.25706159284808,-0.08571682875097889,1
71.19040898690217,0.6455120519597436,12.549129248377291,-0.8287911467062156,1
72.92398202086788,-4.74401641220815,10.823709169740146,-0.6562585963530569,1
67.0857597255042,-0.6192786322536286,9.973828248964445,-4.549298227004808,1
71.80405799077512,-0.8365794230131045,14.537674288453985,-1.2482883915852185,1
71.54817554580482,-0.9277121208732103,5.458260136771244,1.2166028136812033,1
68.18285038941092,-0.44581446280054104,2.4021876035478815,0.7907277842589555,1
69.62561698669472,0.3402716617228132,8.987645492135123,-5.876191186933383,1
69.79434389072479,-0.05521157075317801,5.242145649022839,-0.3643461835184589,1
58.40770182003798,-0.8624806839635687,10.076150898914102,0.3437215245963041,1
77.24541929818814,0.02559334967362632,8.879737269422781,-0.4290261718364379,1
71.26841504619618,-0.2117911604986803,9.440653892907024,5.929834265663476,1
83.9583532394736,0.3662287193419633,9.887026968024399,1.3343033454643527,1
72.38422870802496,0.07931220641683026,3.3101507195251916,-0.6214130355186418,1
58.801730047513615,0.5495508690281663,11.787462250607405,0.8486705351830705,1
70.85988546983309,3.2901440754477402,9.321594700996428,0.5042610107137161,1
67.77811749331912,0.24123389772402046,13.25759893371023,0.6954582554769311,1
71.16513571401705,-4.524430164744081,8.321233063665648,-0.21507602299579642,1
68.85847720005512,-0.2348661671901124,14.950540358991404,-0.6174187876339855,1
68.48235423521555,0.5048782305020336,9.421703884526192,-4.915274011000926,1
71.7287221325634,-5.043902439669828,8.556044832135598,-0.031739546751673925,1
58.52524316284095,0.7336927575838036,9.384022342404249,-0.06844926971955397,1
70.50519525638767,-0.0875455920025863,16.65934948928502,-0.5193310137102213,1
78.39277731977687,-0.9217986644972073,11.041230038903993,1.0634427515576508,1
80.1484273102783,-1.301513167541428,10.578079911965471,0.3140146460415767,1
68.80258184624387,3.625993421919307,10.097323376674137,-0.7010702376671668,1
83.45228038550785,-0.14326286517415818,10.674901003557382,-0.5165229650083581,1
57.587647713220605,-1.1106668141486755,9.487558032802825,-0.1760448434299997,1
69.07009401876259,0.1393044931989954,8.964324591874156,3.3882299303087886,1
76.37838532343972,-0.07557705009095016,11.17827782031571,2.0199133893360495,1
69.67587207886916,0.5084424786929354,10.819124336969903,-7.8152471504164645,1
55.05826427181475,0.07718033200566755,11.128924104227416,-0.09612973981335815,1
66.58876666488153,5.04852966186757,9.368781936075907,0.014427859032397173,1
53.466163862279416,0.004331474636862394,12.766265011031408,0.8440650156247003,1
71.57518457277348,0.7349495501384314,3.3686136772205586,-0.41029763382350337,1
